pmid,first_author,year,disease_condition,n_total,paradigm
16407533,,,,,
17240066,,,,,
19559684,,,,,
20423216,,,,,
20838644,,,,,
21080967,,,,,
21794103,,,,,
22291848,,,,,
22761766,,,,,
22916152,,,,,
23152865,,,,,
23316257,,,,,
23666154,,,,,
23691237,,,,,
23840533,,,,,
23935686,,,,,
24062782,,,,,
24459533,,,,,
24603951,,,,,
24734108,,,,,
24734113,,,,,
24821143,,,,,
24915066,,,,,
24963329,,,,,
24968124,,,,,
25220656,,,,,
25228908,,,,,
25452777,,,,,
25525442,,,,,
25741269,,,,,
25821486,,,,,
25916336,,,,,
26161117,,,,,
26211895,,,,,
26467429,,,,,
26839078,,,,,
27242492,,,,,
27242911,,,,,
27688791,,,,,
27803655,,,,,
27812501,,,,,
27857211,,,,,
28053642,,,,,
28334999,,,,,
28443010,,,,,
28480365,,,,,
29204113,,,,,
29343693,,,,,
29563830,,,,,
29763448,,,,,
29904344,,,,,
29951105,,,,,
30034336,,,,,
30105065,,,,,
30719061,,,,,
30881095,,,,,
30914909,,,,,
30914919,,,,,
31011330,,,,,
31636536,,,,,
32194493,,,,,
32377180,,,,,
32612281,,,,,
32807158,,,,,
32908491,,,,,
33013312,,,,,
33146953,,,,,
33314799,,,,,
33384580,,,,,
33551385,,,,,
33560579,,,,,
33664320,,,,,
33776442,,,,,
34108856,,,,,
34122321,,,,,
34431029,,,,,
34483822,,,,,
34671239,,,,,
34720908,,,,,
34949986,,,,,
35048524,,,,,
35096130,,,,,
35115998,,,,,
35153654,,,,,
35310583,,,,,
35312785,,,,,
35464313,,,,,
35557556,,,,,
35585920,,,,,
35734477,,,,,
35832324,,,,,
35959405,,,,,
35965072,,,,,
35968386,,,,,
36051643,,,,,
36102803,,,,,
36530615,,,,,
36530635,,,,,
36744205,,,,,
36846148,,,,,
36890655,,,,,
36922926,,,,,
37025199,,,,,
37206312,,,,,
37274194,,,,,
37305743,,,,,
37383656,,,,,
37408438,,,,,
37415858,,,,,
37584456,,,,,
37721727,,,,,
37804240,,,,,
37901421,,,,,
38027487,,,,,
38034817,,,,,
38245739,,,,,
38249582,,,,,
38585348,,,,,
38651018,,,,,
38681626,,,,,
39089662,,,,,
39368604,,,,,
39468590,,,,,
39499594,,,,,
39543627,,,,,
39648209,,,,,
39654647,,,,,
39877657,,,,,
40022556,,,,,
40329319,,,,,
40584525,,,,,
40634927,,,,,
40642213,,,,,
40660313,,,,,
40772121,,,,,
40800108,,,,,
40847552,,,,,
40881782,,,,,
40904730,,,,,
40950284,,,,,
40963943,,,,,
40974865,,,,,
40995472,,,,,
41022570,,,,,
41069516,,,,,
41310834,,,,,
41351443,,,,,
41520025,,,,,
41591775,,,,,
41601526,,,,,
41602988,,,,,
41641330,,,,,
41657421,,,,,
41834818,,,,,
41999225,,,,,
42077350,,,,,
42131703,,,,,
9482939,,,,,
