arm_id,pmid,arm_type,Afferent_Input_Index,Cognitive_Anchoring,PC1,PC2,PC3,PC4,PC5,penetration_level,skin_contact,electrical_stim,manipulation_intensity,needle_retention_min,n_sessions,blinding_quality,practitioner_interaction,treatment_rationale_given
arm_EA,21794103,verum_acupuncture,0.6320377704404229,0.6138524612841191,1.71530870545753,0.18582248981874708,1.3447893388754468,1.9185842273556621,-1.2859635015508388,2.0,1.0,1.0,2.0,15.0,1.0,1.0,1.0,1.0
arm_AP,21794103,verum_acupuncture,-0.39622912065540933,0.6138524612841191,-0.298914509651564,-0.27418022112747054,1.5638478786668395,-0.4377629921177287,0.2983080777427766,0.0,1.0,0.0,1.0,15.0,1.0,1.0,1.0,1.0
arm_verum,24821143,verum_acupuncture,0.797458623041095,0.08350053538242556,1.2499313295702785,1.740261270150556,-0.6450847511930552,2.5863370928035594,-0.610236833878469,2.0,1.0,1.0,1.0,40.0,1.0,0.0,1.0,1.0
arm_real,23666154,verum_acupuncture,0.4604349320527509,-0.5891626420854096,0.7949756653368825,-1.1687623287116924,-1.4274229214786895,-0.3113125491706159,-0.2878521491653553,2.0,1.0,0.0,2.0,,,0.0,1.0,0.0
arm_sham_scrub,23666154,sham_acupuncture,-0.3329420164140751,-0.5891626420854096,-0.7337618823279806,-0.6963128029374048,-0.8438738552669827,-0.25279102291977,-0.13680189168848356,0.0,1.0,0.0,1.0,,,0.0,1.0,0.0
arm_placebo,16407533,sham_acupuncture,-0.5245289504267163,0.6138524612841191,-0.2882472990794968,-0.9542656181025845,1.994285991171848,-0.3473514055551227,0.2811784193575295,0.0,1.0,0.0,1.0,5.0,2.0,1.0,1.0,1.0
arm_placebo,16407533,placebo,-0.5245289504267163,0.6138524612841191,-0.2882472990794968,-0.9542656181025845,1.994285991171848,-0.3473514055551227,0.2811784193575295,0.0,1.0,0.0,1.0,5.0,2.0,1.0,1.0,1.0
arm_control,16407533,other,-1.1475208103614158,-0.8013902231305844,-3.7361424720361778,0.21349314101431444,-0.007639091824412519,-0.05873392498846229,-0.2676562998720553,0.0,0.0,0.0,0.0,,1.0,1.0,0.0,0.0
arm_control,16407533,healthy_control,-1.1475208103614158,-0.8013902231305844,-3.7361424720361778,0.21349314101431444,-0.007639091824412519,-0.05873392498846229,-0.2676562998720553,0.0,0.0,0.0,0.0,,1.0,1.0,0.0,0.0
arm_control,16407533,sham_acupuncture,-1.1475208103614158,-0.8013902231305844,-3.7361424720361778,0.21349314101431444,-0.007639091824412519,-0.05873392498846229,-0.2676562998720553,0.0,0.0,0.0,0.0,,1.0,1.0,0.0,0.0
arm_control,16407533,medication,-1.1475208103614158,-0.8013902231305844,-3.7361424720361778,0.21349314101431444,-0.007639091824412519,-0.05873392498846229,-0.2676562998720553,0.0,0.0,0.0,0.0,,1.0,1.0,0.0,0.0
arm_CTS_baseline,17240066,verum_acupuncture,0.8341055985595845,0.6138524612841191,1.3794639313612174,1.5788631006893834,0.9143311240877497,1.8628848794885327,-1.0450705082474179,2.0,1.0,1.0,1.0,,13.0,1.0,1.0,1.0
arm_CTS_postacup,17240066,verum_acupuncture,0.8341055985595845,0.6138524612841191,1.3794639313612174,1.5788631006893834,0.9143311240877497,1.8628848794885327,-1.0450705082474179,2.0,1.0,1.0,1.0,,13.0,1.0,1.0,1.0
arm_HC,17240066,healthy_control,0.5502671473115011,0.6391420645481948,0.664230767637363,-0.1520046683820242,0.8256170148413116,-0.3885428010339364,-0.025274170907989026,2.0,1.0,,,,,1.0,,
arm_acup,24062782,verum_acupuncture,0.060316565935390254,1.3564319682309876,2.264137420275472,-1.123343323925151,1.486056344904285,-0.9742847133886595,-0.03049695451544301,2.0,1.0,0.0,2.0,10.0,1.0,1.0,2.0,1.0
arm_tactile,24062782,active_control,-0.4686013997091605,0.6138524612841191,-0.30315371671051466,-0.647490233462982,1.7905576189682553,-0.3857471544530187,0.272517207530265,0.0,1.0,0.0,1.0,10.0,1.0,1.0,1.0,1.0
arm_tactile,24062782,sham_acupuncture,-0.4686013997091605,0.6138524612841191,-0.30315371671051466,-0.647490233462982,1.7905576189682553,-0.3857471544530187,0.272517207530265,0.0,1.0,0.0,1.0,10.0,1.0,1.0,1.0,1.0
arm_stroke,24734113,other,0.23381145117853586,0.08350053538242556,1.3173203113251315,-0.9067460820962169,-0.1747642590953011,0.21977414273881474,0.9181438684746334,2.0,1.0,0.0,2.0,,1.0,0.0,1.0,1.0
arm_stroke,24734113,verum_acupuncture,0.23381145117853586,0.08350053538242556,1.3173203113251315,-0.9067460820962169,-0.1747642590953011,0.21977414273881474,0.9181438684746334,2.0,1.0,0.0,2.0,,1.0,0.0,1.0,1.0
arm_healthy,24734113,healthy_control,0.23381145117853586,0.08350053538242556,1.3173203113251315,-0.9067460820962169,-0.1747642590953011,0.21977414273881474,0.9181438684746334,2.0,1.0,0.0,2.0,,1.0,0.0,1.0,1.0
arm_verum,25228908,verum_acupuncture,0.12006963872163179,0.08350053538242556,1.3046026901482795,-2.026676119102751,0.5053649618089464,0.37582165573294474,0.8407712578370985,2.0,1.0,0.0,2.0,5.0,,0.0,1.0,1.0
arm_AD,22916152,other,,-0.2560593874895923,0.14188612164911396,-0.41402091499749977,-0.4270416475420769,-0.9196294929433672,-1.2312701885479778,,,,,,,1.0,,0.0
arm_MCI,22916152,other,,-0.2560593874895923,0.14188612164911396,-0.41402091499749977,-0.4270416475420769,-0.9196294929433672,-1.2312701885479778,,,,,,,1.0,,0.0
arm_NOR,22916152,healthy_control,,-0.2560593874895923,0.14188612164911396,-0.41402091499749977,-0.4270416475420769,-0.9196294929433672,-1.2312701885479778,,,,,,,1.0,,0.0
arm_acupuncture,20423216,verum_acupuncture,-0.07719076426673684,0.6138524612841191,1.217529337542342,-1.8292287826747404,1.6377570593292385,-0.3454385891409157,0.072464296649621,2.0,1.0,0.0,2.0,0.5,1.0,1.0,1.0,1.0
arm_sham,20423216,sham_acupuncture,-0.6061087299112874,-0.05881071618371599,-0.83355285611077,-1.618795503515929,0.9686474631575569,-0.8180037547995005,-0.9824814635134959,0.0,1.0,0.0,1.0,0.5,1.0,1.0,1.0,0.0
arm_sham,20423216,healthy_control,-0.6061087299112874,-0.05881071618371599,-0.83355285611077,-1.618795503515929,0.9686474631575569,-0.8180037547995005,-0.9824814635134959,0.0,1.0,0.0,1.0,0.5,1.0,1.0,1.0,0.0
arm_visual,16790551,active_control,-1.266230394872189,-0.6590789715644428,-3.130539759795047,-0.05791695990018018,0.31666623930995796,1.2404272656930675,1.6834348957641503,0.0,0.0,0.0,0.0,,,0.0,0.0,1.0
arm_acupoint,16790551,verum_acupuncture,0.4604349320527509,0.08350053538242556,1.3173203113251315,-0.9067460820962169,-0.1747642590953011,0.21977414273881474,0.9181438684746334,2.0,1.0,0.0,2.0,,,0.0,1.0,1.0
arm_nonacupoint,16790551,sham_acupuncture,0.16577411805062597,-0.5891626420854096,0.22514418790199558,-0.9474472625274698,-1.3553949787910948,-0.1515549941712679,-0.48617501055176066,2.0,1.0,0.0,1.0,,,0.0,1.0,0.0
arm_nonacupoint,16790551,active_control,0.16577411805062597,-0.5891626420854096,0.22514418790199558,-0.9474472625274698,-1.3553949787910948,-0.1515549941712679,-0.48617501055176066,2.0,1.0,0.0,1.0,,,0.0,1.0,0.0
arm_ST36,23691237,verum_acupuncture,0.04584211012464001,0.6138524612841191,1.2247359895425582,-1.1946017617043714,1.2523505008168314,-0.43386551317092253,0.11630877601089083,2.0,1.0,0.0,2.0,9.0,1.0,1.0,1.0,1.0
arm_NAP,23691237,sham_acupuncture,0.04584211012464001,0.6138524612841191,1.2247359895425582,-1.1946017617043714,1.2523505008168314,-0.43386551317092253,0.11630877601089083,2.0,1.0,0.0,2.0,9.0,1.0,1.0,1.0,1.0
arm_FD,24459533,verum_acupuncture,0.6640469486643851,0.08350053538242556,1.9775623827677387,0.3131183620429503,-1.0907766143405955,0.043779682882320384,1.105107787826004,3.0,1.0,0.0,2.0,30.0,10.0,0.0,1.0,1.0
arm_HC,24459533,healthy_control,0.6640469486643851,0.08350053538242556,1.9775623827677387,0.3131183620429503,-1.0907766143405955,0.043779682882320384,1.105107787826004,3.0,1.0,0.0,2.0,30.0,10.0,0.0,1.0,1.0
arm_acupuncture,23316257,verum_acupuncture,0.031367654313889805,-0.05881071618371599,0.7015435021425191,-1.5312800107869493,0.04503378649372631,-0.9545490375474114,-1.0948454156716003,2.0,1.0,0.0,2.0,8.0,1.0,1.0,1.0,0.0
arm_tactile,23316257,active_control,-0.4975503113306609,0.6138524612841191,-0.304849399534095,-0.7968142383971863,1.8812415150888215,-0.3649408193871347,0.26220085944526034,0.0,1.0,0.0,1.0,8.0,1.0,1.0,1.0,1.0
arm_tactile,23316257,sham_acupuncture,-0.4975503113306609,0.6138524612841191,-0.304849399534095,-0.7968142383971863,1.8812415150888215,-0.3649408193871347,0.26220085944526034,0.0,1.0,0.0,1.0,8.0,1.0,1.0,1.0,1.0
arm_review_included_studies,23935686,other,,-1.0515872763421326,0.22514418790199558,-0.9474472625274698,-1.3553949787910948,-0.1515549941712679,-0.48617501055176066,,,,,,,0.0,,0.0
arm_PD,25220656,other,-0.0019172000231640674,0.08350053538242556,0.7474888338902447,-0.6854310159119943,-0.1027363164077065,0.37953169773816287,0.719821007088228,2.0,1.0,0.0,1.0,,1.0,0.0,1.0,1.0
arm_HC,25220656,healthy_control,-0.0019172000231640674,0.08350053538242556,0.7474888338902447,-0.6854310159119943,-0.1027363164077065,0.37953169773816287,0.719821007088228,2.0,1.0,0.0,1.0,,1.0,0.0,1.0,1.0
arm_healthy,25452777,healthy_control,-0.23744516740794455,0.08350053538242556,0.7330755298898124,-1.9546850578527328,0.6680768006171074,0.5563855457981767,0.6321320483656885,2.0,1.0,0.0,1.0,3.0,1.0,0.0,1.0,1.0
arm_stroke,25452777,other,-0.23744516740794455,0.08350053538242556,0.7330755298898124,-1.9546850578527328,0.6680768006171074,0.5563855457981767,0.6321320483656885,2.0,1.0,0.0,1.0,3.0,1.0,0.0,1.0,1.0
arm_stroke,25452777,verum_acupuncture,-0.23744516740794455,0.08350053538242556,0.7330755298898124,-1.9546850578527328,0.6680768006171074,0.5563855457981767,0.6321320483656885,2.0,1.0,0.0,1.0,3.0,1.0,0.0,1.0,1.0
arm_TA,24963329,verum_acupuncture,0.3498056821503946,-0.05881071618371599,0.7201960132019023,0.11128404348930047,-0.9524890708325031,-1.1834187232721352,-0.981365586736549,2.0,1.0,0.0,2.0,30.0,1.0,1.0,1.0,0.0
arm_SA,24963329,sham_acupuncture,-0.37555282616223923,-0.05881071618371599,-1.3783730118978479,0.8050486354478102,-0.29691206193320174,-0.9651396420219412,-1.0286381906460826,0.0,1.0,0.0,0.0,30.0,1.0,1.0,1.0,0.0
arm_SA,24963329,verum_acupuncture,-0.37555282616223923,-0.05881071618371599,-1.3783730118978479,0.8050486354478102,-0.29691206193320174,-0.9651396420219412,-1.0286381906460826,0.0,1.0,0.0,0.0,30.0,1.0,1.0,1.0,0.0
arm_stroke,24734108,other,-0.06995353636136174,0.08350053538242556,1.3012113245011188,-2.3253241289711597,0.6867327540500789,0.4174343258647127,0.8201385616670891,2.0,1.0,0.0,2.0,1.0,1.0,0.0,1.0,1.0
arm_stroke,24734108,verum_acupuncture,-0.06995353636136174,0.08350053538242556,1.3012113245011188,-2.3253241289711597,0.6867327540500789,0.4174343258647127,0.8201385616670891,2.0,1.0,0.0,2.0,1.0,1.0,0.0,1.0,1.0
arm_control,24734108,other,-0.06995353636136174,0.08350053538242556,1.3012113245011188,-2.3253241289711597,0.6867327540500789,0.4174343258647127,0.8201385616670891,2.0,1.0,0.0,2.0,1.0,1.0,0.0,1.0,1.0
arm_control,24734108,healthy_control,-0.06995353636136174,0.08350053538242556,1.3012113245011188,-2.3253241289711597,0.6867327540500789,0.4174343258647127,0.8201385616670891,2.0,1.0,0.0,2.0,1.0,1.0,0.0,1.0,1.0
arm_control,24734108,sham_acupuncture,-0.06995353636136174,0.08350053538242556,1.3012113245011188,-2.3253241289711597,0.6867327540500789,0.4174343258647127,0.8201385616670891,2.0,1.0,0.0,2.0,1.0,1.0,0.0,1.0,1.0
arm_control,24734108,medication,-0.06995353636136174,0.08350053538242556,1.3012113245011188,-2.3253241289711597,0.6867327540500789,0.4174343258647127,0.8201385616670891,2.0,1.0,0.0,2.0,1.0,1.0,0.0,1.0,1.0
arm_acup,22761766,verum_acupuncture,0.22150585237908768,0.6138524612841191,1.2532078697622184,-0.3067851068703381,0.7306077040558938,-0.5619204448000985,0.20750077251819268,2.0,1.0,0.0,2.0,20.0,2.0,1.0,1.0,1.0
arm_sham,22761766,sham_acupuncture,0.22150585237908768,0.6138524612841191,1.2532078697622184,-0.3067851068703381,0.7306077040558938,-0.5619204448000985,0.20750077251819268,2.0,1.0,0.0,2.0,20.0,2.0,1.0,1.0,1.0
arm_sham,22761766,healthy_control,0.22150585237908768,0.6138524612841191,1.2532078697622184,-0.3067851068703381,0.7306077040558938,-0.5619204448000985,0.20750077251819268,2.0,1.0,0.0,2.0,20.0,2.0,1.0,1.0,1.0
arm_mci,24968124,other,0.04584211012464001,0.08350053538242556,1.30799405579544,-1.7280281092343417,0.32399716956781366,0.33420898560117673,0.8614039540071078,2.0,1.0,0.0,2.0,9.0,1.0,0.0,1.0,1.0
arm_hc,24968124,healthy_control,0.04584211012464001,0.08350053538242556,1.30799405579544,-1.7280281092343417,0.32399716956781366,0.33420898560117673,0.8614039540071078,2.0,1.0,0.0,2.0,9.0,1.0,0.0,1.0,1.0
arm_A,24915066,verum_acupuncture,1.0258309720606793,0.6138524612841191,2.315508059694166,2.310306518882908,-0.6680133812436836,-1.0239367687596856,1.117958414704864,3.0,1.0,0.0,2.0,30.0,32.0,1.0,1.0,1.0
arm_B,24915066,verum_acupuncture,1.0258309720606793,0.6138524612841191,2.315508059694166,2.310306518882908,-0.6680133812436836,-1.0239367687596856,1.117958414704864,3.0,1.0,0.0,2.0,30.0,32.0,1.0,1.0,1.0
arm_B,24915066,sham_acupuncture,1.0258309720606793,0.6138524612841191,2.315508059694166,2.310306518882908,-0.6680133812436836,-1.0239367687596856,1.117958414704864,3.0,1.0,0.0,2.0,30.0,32.0,1.0,1.0,1.0
arm_B,24915066,usual_care,1.0258309720606793,0.6138524612841191,2.315508059694166,2.310306518882908,-0.6680133812436836,-1.0239367687596856,1.117958414704864,3.0,1.0,0.0,2.0,30.0,32.0,1.0,1.0,1.0
arm_acupuncture,19559684,verum_acupuncture,0.007429919800252693,0.6138524612841191,0.7461307958393603,-0.9943725294422369,1.4627691145186044,-0.4948866950781157,0.2961535094850318,1.0,1.0,0.0,2.0,10.0,,1.0,1.0,1.0
arm_tactile,19559684,active_control,-0.3329420164140751,0.6138524612841191,-0.29467530259261326,0.09912979120804073,1.3371381383654235,-0.48977882978243864,0.3240989479552883,0.0,1.0,0.0,1.0,,,1.0,1.0,1.0
arm_tactile,19559684,sham_acupuncture,-0.3329420164140751,0.6138524612841191,-0.29467530259261326,0.09912979120804073,1.3371381383654235,-0.48977882978243864,0.3240989479552883,0.0,1.0,0.0,1.0,,,1.0,1.0,1.0
arm_real,25525442,verum_acupuncture,-0.041004624739861294,0.08350053538242556,1.302907007324699,-2.176000124036955,0.5960488579295127,0.3966279907988287,0.8304549097520938,2.0,1.0,0.0,2.0,3.0,1.0,0.0,1.0,1.0
arm_sham,25525442,sham_acupuncture,-0.041004624739861294,0.08350053538242556,1.302907007324699,-2.176000124036955,0.5960488579295127,0.3966279907988287,0.8304549097520938,2.0,1.0,0.0,2.0,3.0,1.0,0.0,1.0,1.0
arm_sham,25525442,healthy_control,-0.041004624739861294,0.08350053538242556,1.302907007324699,-2.176000124036955,0.5960488579295127,0.3966279907988287,0.8304549097520938,2.0,1.0,0.0,2.0,3.0,1.0,0.0,1.0,1.0
arm_MA,23840533,verum_acupuncture,0.23381145117853586,-0.5891626420854096,0.7949756653368825,-1.1687623287116924,-1.4274229214786895,-0.3113125491706159,-0.2878521491653553,2.0,1.0,0.0,2.0,,1.0,0.0,1.0,0.0
arm_EA,23840533,verum_acupuncture,0.5973015105183738,-0.5891626420854096,0.7106298553462267,-0.014995025806964839,-0.9909044523707805,2.2633137515529684,-1.9193963323685044,2.0,1.0,1.0,1.0,,1.0,0.0,1.0,0.0
arm_TEAS,23840533,verum_acupuncture,0.19832860294661284,-0.5891626420854096,-0.24827621488374962,0.2361394337831001,-0.47938332884666846,2.1620777228044665,-1.570023213505227,0.0,1.0,1.0,1.0,,1.0,0.0,1.0,0.0
arm_SC,23840533,active_control,-0.40089010759492494,0.08350053538242556,-0.21141723633973153,-0.4342965563219293,0.4087848071164057,0.2782956689896607,1.0691941259515052,0.0,1.0,0.0,1.0,,1.0,0.0,1.0,1.0
arm_SC,23840533,medication,-0.40089010759492494,0.08350053538242556,-0.21141723633973153,-0.4342965563219293,0.4087848071164057,0.2782956689896607,1.0691941259515052,0.0,1.0,0.0,1.0,,1.0,0.0,1.0,1.0
arm_CV4,22291848,verum_acupuncture,0.8330301617200737,0.6138524612841191,1.7195479125164808,0.5591325021542585,1.118079598574031,1.8665683896909522,-1.2601726313383272,2.0,1.0,1.0,2.0,,1.0,1.0,1.0,1.0
arm_CV12,22291848,verum_acupuncture,0.8330301617200737,0.6138524612841191,1.7195479125164808,0.5591325021542585,1.118079598574031,1.8665683896909522,-1.2601726313383272,2.0,1.0,1.0,2.0,,1.0,1.0,1.0,1.0
arm_genuine_HE,21080967,verum_acupuncture,0.7932270568841203,0.6138524612841191,1.7429327442654001,0.9989771421856782,0.8683884901747924,1.8009324632594281,-1.1999296790860394,2.0,1.0,1.0,2.0,25.0,2.0,1.0,1.0,1.0
arm_genuine_LE,21080967,verum_acupuncture,0.7932270568841203,0.6138524612841191,1.7429327442654001,0.9989771421856782,0.8683884901747924,1.8009324632594281,-1.1999296790860394,2.0,1.0,1.0,2.0,25.0,2.0,1.0,1.0,1.0
arm_sham_HE,21080967,sham_acupuncture,-0.4314803768797952,-0.05881071618371599,-1.3634665942668298,0.49827325080820745,-0.09318368972960905,-0.9267438931240453,-1.019976978818818,0.0,1.0,0.0,0.0,25.0,2.0,1.0,1.0,0.0
arm_sham_LE,21080967,sham_acupuncture,-0.4314803768797952,-0.05881071618371599,-1.3634665942668298,0.49827325080820745,-0.09318368972960905,-0.9267438931240453,-1.019976978818818,0.0,1.0,0.0,0.0,25.0,2.0,1.0,1.0,0.0
arm_verum,20838644,verum_acupuncture,-0.6366187587966248,0.6138524612841191,-0.8645067800275001,0.32044485739226314,1.409166081053018,-0.33002127478309057,0.12577608656888287,0.0,1.0,0.0,0.0,,1.0,1.0,1.0,1.0
arm_placebo,20838644,sham_acupuncture,-0.6366187587966248,0.6138524612841191,-0.8645067800275001,0.32044485739226314,1.409166081053018,-0.33002127478309057,0.12577608656888287,0.0,1.0,0.0,0.0,,1.0,1.0,1.0,1.0
arm_placebo,20838644,placebo,-0.6366187587966248,0.6138524612841191,-0.8645067800275001,0.32044485739226314,1.409166081053018,-0.33002127478309057,0.12577608656888287,0.0,1.0,0.0,0.0,,1.0,1.0,1.0,1.0
arm_A,23152865,verum_acupuncture,-0.041004624739861294,0.6138524612841191,1.2196489410718174,-1.642573776506985,1.5244021891785304,-0.37144650797327056,0.08535973175587684,2.0,1.0,0.0,2.0,3.0,1.0,1.0,1.0,1.0
arm_B,23152865,verum_acupuncture,-0.041004624739861294,0.6138524612841191,1.2196489410718174,-1.642573776506985,1.5244021891785304,-0.37144650797327056,0.08535973175587684,2.0,1.0,0.0,2.0,3.0,1.0,1.0,1.0,1.0
arm_B,23152865,sham_acupuncture,-0.041004624739861294,0.6138524612841191,1.2196489410718174,-1.642573776506985,1.5244021891785304,-0.37144650797327056,0.08535973175587684,2.0,1.0,0.0,2.0,3.0,1.0,1.0,1.0,1.0
arm_B,23152865,usual_care,-0.041004624739861294,0.6138524612841191,1.2196489410718174,-1.642573776506985,1.5244021891785304,-0.37144650797327056,0.08535973175587684,2.0,1.0,0.0,2.0,3.0,1.0,1.0,1.0,1.0
arm_C,23152865,sham_acupuncture,-0.041004624739861294,0.6138524612841191,1.2196489410718174,-1.642573776506985,1.5244021891785304,-0.37144650797327056,0.08535973175587684,2.0,1.0,0.0,2.0,3.0,1.0,1.0,1.0,1.0
arm_D,23152865,sham_acupuncture,-0.041004624739861294,0.6138524612841191,1.2196489410718174,-1.642573776506985,1.5244021891785304,-0.37144650797327056,0.08535973175587684,2.0,1.0,0.0,2.0,3.0,1.0,1.0,1.0,1.0
arm_AD,24603951,other,-0.23744516740794455,0.08350053538242556,0.7330755298898124,-1.9546850578527328,0.6680768006171074,0.5563855457981767,0.6321320483656885,2.0,1.0,0.0,1.0,3.0,1.0,0.0,1.0,1.0
arm_NC,24603951,healthy_control,-0.23744516740794455,0.08350053538242556,0.7330755298898124,-1.9546850578527328,0.6680768006171074,0.5563855457981767,0.6321320483656885,2.0,1.0,0.0,1.0,3.0,1.0,0.0,1.0,1.0
arm_stroke,28443010,other,0.4332979049644162,0.08350053538242556,1.7967733464401199,-1.032313311891249,-0.4305248208573572,0.2703921571130659,0.7434573090429948,3.0,1.0,0.0,2.0,,1.0,0.0,1.0,1.0
arm_stroke,28443010,verum_acupuncture,0.4332979049644162,0.08350053538242556,1.7967733464401199,-1.032313311891249,-0.4305248208573572,0.2703921571130659,0.7434573090429948,3.0,1.0,0.0,2.0,,1.0,0.0,1.0,1.0
arm_healthy,28443010,healthy_control,0.4332979049644162,-0.5891626420854096,1.2744287004518708,-1.2943295585067247,-1.6831834832407455,-0.2606945347963648,-0.46253870859699386,3.0,1.0,0.0,2.0,,1.0,0.0,1.0,0.0
arm_A,29951105,verum_acupuncture,0.6622555205381033,0.6138524612841191,1.6063075282995547,1.6374582163270384,-0.1364764023077518,-0.9111137179321694,0.8792199896591881,2.0,1.0,0.0,2.0,30.0,20.0,1.0,1.0,1.0
arm_B,29951105,verum_acupuncture,-1.266230394872189,0.6138524612841191,-2.175244236726805,0.4721058229419081,1.5240673627067123,-0.05766326576382634,0.7863758131990973,0.0,0.0,0.0,0.0,,,1.0,1.0,1.0
arm_B,29951105,sham_acupuncture,-1.266230394872189,0.6138524612841191,-2.175244236726805,0.4721058229419081,1.5240673627067123,-0.05766326576382634,0.7863758131990973,0.0,0.0,0.0,0.0,,,1.0,1.0,1.0
arm_B,29951105,usual_care,-1.266230394872189,0.6138524612841191,-2.175244236726805,0.4721058229419081,1.5240673627067123,-0.05766326576382634,0.7863758131990973,0.0,0.0,0.0,0.0,,,1.0,1.0,1.0
contra_group,29563830,verum_acupuncture,0.20506112404289245,0.6138524612841191,1.2340622450722498,-0.3733197345662467,0.7535890721537168,-0.5483003560332845,0.17304869047841645,2.0,1.0,0.0,2.0,20.0,1.0,1.0,1.0,1.0
ipsi_group,29563830,verum_acupuncture,0.20506112404289245,0.6138524612841191,1.2340622450722498,-0.3733197345662467,0.7535890721537168,-0.5483003560332845,0.17304869047841645,2.0,1.0,0.0,2.0,20.0,1.0,1.0,1.0,1.0
arm_pms_eas,29904344,verum_acupuncture,0.10888658280750425,0.08350053538242556,0.651273244134527,-0.5769317475466986,0.9685694255441668,3.0998023439229354,-0.9839376127099536,2.0,1.0,1.0,0.0,6.0,1.0,0.0,1.0,1.0
arm_AD,29763448,other,-0.23744516740794455,0.08350053538242556,0.7330755298898124,-1.9546850578527328,0.6680768006171074,0.5563855457981767,0.6321320483656885,2.0,1.0,0.0,1.0,3.0,1.0,0.0,1.0,1.0
arm_HC,29763448,healthy_control,,-1.0515872763421326,0.22514418790199558,-0.9474472625274698,-1.3553949787910948,-0.1515549941712679,-0.48617501055176066,,,,,,,0.0,,0.0
arm_verum,27812501,verum_acupuncture,-0.09084745908826405,0.6138524612841191,0.09439929020247628,0.0693103978021982,0.8976449575289062,-0.2287852460345885,-0.22359703229439434,2.0,1.0,0.0,0.0,20.0,,1.0,1.0,1.0
arm_sham,27812501,sham_acupuncture,-0.48982036666002493,-0.05881071618371599,-1.3868514260157492,0.05842861077678764,0.15650741866962975,-0.8611079666925213,-1.0802199310711058,0.0,1.0,0.0,0.0,20.0,,1.0,1.0,0.0
arm_sham,27812501,healthy_control,-0.48982036666002493,-0.05881071618371599,-1.3868514260157492,0.05842861077678764,0.15650741866962975,-0.8611079666925213,-1.0802199310711058,0.0,1.0,0.0,0.0,20.0,,1.0,1.0,0.0
arm_LR3,28480365,verum_acupuncture,0.3498056821503946,0.6138524612841191,1.2425406591901513,0.373300290104776,0.30016959155088524,-0.6523320313627045,0.22463043090343973,2.0,1.0,0.0,2.0,30.0,1.0,1.0,1.0,1.0
arm_sham_acu,28480365,sham_acupuncture,-0.37555282616223923,0.6138524612841191,-0.8560283659095989,1.0670648820632858,0.9557466004501867,-0.4340529501125105,0.17735782699390615,0.0,1.0,0.0,0.0,30.0,1.0,1.0,1.0,1.0
arm_sham_acupoint,28480365,sham_acupuncture,0.3498056821503946,0.6138524612841191,1.2425406591901513,0.373300290104776,0.30016959155088524,-0.6523320313627045,0.22463043090343973,2.0,1.0,0.0,2.0,30.0,1.0,1.0,1.0,1.0
arm_CLBP,30881095,verum_acupuncture,-0.40089010759492494,0.6138524612841191,-0.29467530259261326,0.09912979120804073,1.3371381383654235,-0.48977882978243864,0.3240989479552883,0.0,1.0,0.0,1.0,,1.0,1.0,1.0,1.0
arm_CLBP,30881095,other,-0.40089010759492494,0.6138524612841191,-0.29467530259261326,0.09912979120804073,1.3371381383654235,-0.48977882978243864,0.3240989479552883,0.0,1.0,0.0,1.0,,1.0,1.0,1.0,1.0
TAG,30034336,verum_acupuncture,0.8942731453711179,0.6138524612841191,2.162343062174417,1.7780294973156399,-0.4841624364610997,-0.914976058625174,0.8423417583866544,3.0,1.0,0.0,2.0,30.0,24.0,1.0,1.0,1.0
SAG,30034336,sham_acupuncture,0.016742197068243002,-0.05881071618371599,-0.4670490230314827,1.4631578179876514,-0.6278246093423551,-1.123751993954991,-0.4625086035878912,1.0,1.0,0.0,0.0,,24.0,1.0,1.0,0.0
WG,30034336,waitlist,-1.266230394872189,-0.8013902231305844,-3.7361424720361778,0.21349314101431444,-0.007639091824412519,-0.05873392498846229,-0.2676562998720553,0.0,0.0,0.0,0.0,,,1.0,0.0,0.0
arm_XNKQ,30914909,verum_acupuncture,-0.0350938071635264,1.3564319682309876,2.3130958802274764,-1.6703594655084482,1.8705317212136476,-0.9111133043596814,0.021277551178862406,2.0,1.0,0.0,2.0,0.0,4.0,1.0,2.0,1.0
arm_pns,30914909,sham_acupuncture,-0.23764585122486398,0.6138524612841191,0.09439929020247628,0.0693103978021982,0.8976449575289062,-0.2287852460345885,-0.22359703229439434,2.0,1.0,0.0,0.0,,1.0,1.0,1.0,1.0
arm_npws,30914909,sham_acupuncture,0.23381145117853586,1.3564319682309876,2.2726158343933736,-0.3767232992541285,1.0326368643014532,-1.0783163887180796,0.021084785909580326,2.0,1.0,0.0,2.0,,1.0,1.0,2.0,1.0
arm_npns,30914909,sham_acupuncture,-0.23764585122486398,0.6138524612841191,0.09439929020247628,0.0693103978021982,0.8976449575289062,-0.2287852460345885,-0.22359703229439434,2.0,1.0,0.0,0.0,,1.0,1.0,1.0,1.0
arm_genuine,26211895,verum_acupuncture,-0.0019172000231640674,0.08350053538242556,0.7474888338902447,-0.6854310159119943,-0.1027363164077065,0.37953169773816287,0.719821007088228,2.0,1.0,0.0,1.0,,1.0,0.0,1.0,1.0
arm_pseudo,26211895,sham_acupuncture,-0.4371323050107444,0.6138524612841191,-0.3850537449125118,0.19487762759723068,1.153405519290962,-0.2794032604088395,-0.04891047286275576,1.0,1.0,0.0,0.0,,1.0,1.0,1.0,1.0
EA,27857211,verum_acupuncture,1.0318390140323415,0.6138524612841191,1.2584602359135102,4.077094628550524,0.004368119922583822,1.6053487175217402,-0.39941374229394666,2.0,1.0,1.0,0.0,30.0,36.0,1.0,1.0,1.0
Mox,27857211,verum_acupuncture,0.05405983132357335,0.6138524612841191,-0.19440991587859857,2.6491568267490617,0.6048181976292133,-0.8067243816215787,1.3315989579610505,0.0,1.0,0.0,0.0,,36.0,1.0,1.0,1.0
HC,27857211,healthy_control,,-0.8013902231305844,-0.8966674676720098,-0.41061735030961793,-0.7060894396898134,-0.3896134602585724,-1.0793062839791416,,,,,,,1.0,0.0,0.0
CD_all,27857211,other,,-0.8013902231305844,-0.8966674676720098,-0.41061735030961793,-0.7060894396898134,-0.3896134602585724,-1.0793062839791416,,,,,,,1.0,0.0,0.0
arm_MWoA,25916336,verum_acupuncture,0.4658149778700201,0.08350053538242556,1.1197341171175497,1.3253469349812905,-0.9928017908691747,0.01671833583927797,1.4259923062689996,2.0,1.0,0.0,1.0,30.0,20.0,0.0,1.0,1.0
arm_HC,25916336,healthy_control,-1.266230394872189,-1.331742149032278,-3.652884405783296,-0.3199332065156557,-0.9359924230734303,0.7093405737836369,0.4774388781241617,0.0,0.0,0.0,0.0,,,0.0,0.0,0.0
arm_left_gb34,28053642,verum_acupuncture,-0.20849625578644415,0.08350053538242556,0.7347712127133926,-1.8053610529185284,0.577392904496541,0.5355792107322928,0.6424483964506931,2.0,1.0,0.0,1.0,5.0,1.0,0.0,1.0,1.0
arm_right_gb34,28053642,verum_acupuncture,-0.20849625578644415,0.08350053538242556,0.7347712127133926,-1.8053610529185284,0.577392904496541,0.5355792107322928,0.6424483964506931,2.0,1.0,0.0,1.0,5.0,1.0,0.0,1.0,1.0
arm_MDD,27242492,verum_acupuncture,0.5079695068260907,0.08350053538242556,1.2329745013344757,0.2470212208085107,0.2617542100126078,2.7944004434623992,-0.7134003147285156,2.0,1.0,1.0,1.0,20.0,1.0,0.0,1.0,1.0
arm_HC,27242492,healthy_control,,-1.331742149032278,-0.8134094014191281,-0.944043697839588,-1.6344427709388314,0.3784610385135269,-0.33421110598292453,,,,,,,0.0,0.0,0.0
arm_included_studies,27242911,other,0.16577411805062597,-0.5891626420854096,0.22514418790199558,-0.9474472625274698,-1.3553949787910948,-0.1515549941712679,-0.48617501055176066,2.0,1.0,0.0,1.0,,,0.0,1.0,0.0
arm_ea,29204113,verum_acupuncture,1.2282795567004248,0.08350053538242556,1.9115497796012786,3.322353214836332,-0.9960131540140283,2.2136656612944914,0.5440042970886758,2.0,1.0,1.0,1.0,30.0,36.0,0.0,1.0,1.0
arm_moxa,29204113,verum_acupuncture,0.05405983132357335,0.08350053538242556,-0.11115184962571689,2.1157304792190916,-0.3235351336198047,-0.03864988284947922,2.0766941359572675,0.0,1.0,0.0,0.0,,36.0,0.0,1.0,1.0
arm_ACU,25821486,verum_acupuncture,0.21953557985364267,0.6138524612841191,1.2349100864840399,-0.29865773209914437,0.7082471240934337,-0.5587035235662265,0.17820686452091875,2.0,1.0,0.0,2.0,21.0,1.0,1.0,1.0,1.0
arm_SHAM,25821486,sham_acupuncture,-0.6435477889965121,-0.05881071618371599,-0.9243552191365636,-1.56037866836029,0.807585818113237,-0.6024266016594304,-1.358069971352791,1.0,1.0,0.0,0.0,0.0,1.0,1.0,1.0,0.0
arm_local,28334999,verum_acupuncture,0.9510809745371018,1.1442043871858125,1.9234742166131282,2.0905782651228564,1.701712408355704,0.8941925594166439,-1.4884865787379007,2.0,1.0,1.0,2.0,20.0,16.0,2.0,1.0,1.0
arm_distal,28334999,verum_acupuncture,0.9510809745371018,1.1442043871858125,1.9234742166131282,2.0905782651228564,1.701712408355704,0.8941925594166439,-1.4884865787379007,2.0,1.0,1.0,2.0,20.0,16.0,2.0,1.0,1.0
arm_sham,28334999,sham_acupuncture,-0.34061364874511135,1.1442043871858125,-0.6605804759308525,1.8518906203608614,1.9927988908346912,-1.3023971050573993,-0.10253786083069062,0.0,1.0,0.0,0.0,,16.0,2.0,1.0,1.0
arm_sham,28334999,healthy_control,-0.34061364874511135,1.1442043871858125,-0.6605804759308525,1.8518906203608614,1.9927988908346912,-1.3023971050573993,-0.10253786083069062,0.0,1.0,0.0,0.0,,16.0,2.0,1.0,1.0
arm_hc,28334999,healthy_control,,,0.664230767637363,-0.1520046683820242,0.8256170148413116,-0.3885428010339364,-0.025274170907989026,,,,,,,,,
arm_acupuncture,30914919,verum_acupuncture,0.20506112404289245,0.6138524612841191,1.2340622450722498,-0.3733197345662467,0.7535890721537168,-0.5483003560332845,0.17304869047841645,2.0,1.0,0.0,2.0,20.0,1.0,1.0,1.0,1.0
arm_placebo,30914919,sham_acupuncture,-0.40089010759492494,0.6138524612841191,-0.29467530259261326,0.09912979120804073,1.3371381383654235,-0.48977882978243864,0.3240989479552883,0.0,1.0,0.0,1.0,,1.0,1.0,1.0,1.0
arm_placebo,30914919,placebo,-0.40089010759492494,0.6138524612841191,-0.29467530259261326,0.09912979120804073,1.3371381383654235,-0.48977882978243864,0.3240989479552883,0.0,1.0,0.0,1.0,,1.0,1.0,1.0,1.0
arm_responder,30914919,other,,0.6391420645481948,0.664230767637363,-0.1520046683820242,0.8256170148413116,-0.3885428010339364,-0.025274170907989026,,,,,,,1.0,,
arm_nonresponder,30914919,other,,0.6391420645481948,0.664230767637363,-0.1520046683820242,0.8256170148413116,-0.3885428010339364,-0.025274170907989026,,,,,,,1.0,,
arm_KI3,26467429,verum_acupuncture,-0.37555282616223923,-0.05881071618371599,-1.3783730118978479,0.8050486354478102,-0.29691206193320174,-0.9651396420219412,-1.0286381906460826,0.0,1.0,0.0,0.0,30.0,1.0,1.0,1.0,0.0
arm_nonacupoint,26467429,sham_acupuncture,0.5160443936386283,-0.05881071618371599,1.1996490483168902,-0.014283186305731986,-1.208249632594559,-1.1328007088978842,-1.1560521461681876,3.0,1.0,0.0,2.0,30.0,1.0,1.0,1.0,0.0
arm_nonacupoint,26467429,active_control,0.5160443936386283,-0.05881071618371599,1.1996490483168902,-0.014283186305731986,-1.208249632594559,-1.1328007088978842,-1.1560521461681876,3.0,1.0,0.0,2.0,30.0,1.0,1.0,1.0,0.0
real,29343693,verum_acupuncture,0.4332979049644162,-0.5891626420854096,1.2744287004518708,-1.2943295585067247,-1.6831834832407455,-0.2606945347963648,-0.46253870859699386,3.0,1.0,0.0,2.0,,1.0,0.0,1.0,0.0
phnt,29343693,sham_acupuncture,-1.1475208103614158,-0.05881071618371599,-2.697588882715054,0.2100895763264326,0.27140870032332404,-0.5887499576732571,-0.4196202044408914,0.0,0.0,0.0,0.0,,1.0,1.0,1.0,0.0
arm_LR3,30719061,verum_acupuncture,0.3498056821503946,0.08350053538242556,1.325798725443033,-0.1601260574251941,-0.6281837396981326,0.11574246740939483,0.9697256088996568,2.0,1.0,0.0,2.0,30.0,1.0,0.0,1.0,1.0
arm_KI3,30719061,verum_acupuncture,0.3498056821503946,0.08350053538242556,1.325798725443033,-0.1601260574251941,-0.6281837396981326,0.11574246740939483,0.9697256088996568,2.0,1.0,0.0,2.0,30.0,1.0,0.0,1.0,1.0
arm_LR3KI3,30719061,verum_acupuncture,0.3498056821503946,0.08350053538242556,1.325798725443033,-0.1601260574251941,-0.6281837396981326,0.11574246740939483,0.9697256088996568,2.0,1.0,0.0,2.0,30.0,1.0,0.0,1.0,1.0
arm_CM,31011330,verum_acupuncture,0.9253711739172266,0.08350053538242556,1.9958955895919344,2.1685859119316047,-1.4325316231219376,-0.360960639429093,2.1755484802918246,2.0,1.0,0.0,2.0,30.0,36.0,0.0,1.0,1.0
arm_HC,31011330,healthy_control,-1.266230394872189,-1.331742149032278,-3.652884405783296,-0.3199332065156557,-0.9359924230734303,0.7093405737836369,0.4774388781241617,0.0,0.0,0.0,0.0,,,0.0,0.0,0.0
VA1,26839078,verum_acupuncture,0.6622555205381033,-0.5891626420854096,1.1672209485641876,0.8420156221815925,-2.317488395940158,-0.6741259110695008,0.41831915001541625,2.0,1.0,0.0,2.0,30.0,20.0,0.0,1.0,0.0
VA2,26839078,verum_acupuncture,0.6622555205381033,-0.5891626420854096,1.1672209485641876,0.8420156221815925,-2.317488395940158,-0.6741259110695008,0.41831915001541625,2.0,1.0,0.0,2.0,30.0,20.0,0.0,1.0,0.0
VA3,26839078,verum_acupuncture,0.6622555205381033,-0.5891626420854096,1.1672209485641876,0.8420156221815925,-2.317488395940158,-0.6741259110695008,0.41831915001541625,2.0,1.0,0.0,2.0,30.0,20.0,0.0,1.0,0.0
SA,26839078,sham_acupuncture,0.6622555205381033,-0.5891626420854096,1.1672209485641876,0.8420156221815925,-2.317488395940158,-0.6741259110695008,0.41831915001541625,2.0,1.0,0.0,2.0,30.0,20.0,0.0,1.0,0.0
WT,26839078,waitlist,-1.266230394872189,-1.331742149032278,-3.652884405783296,-0.3199332065156557,-0.9359924230734303,0.7093405737836369,0.4774388781241617,0.0,0.0,0.0,0.0,,,0.0,0.0,0.0
HC,26839078,healthy_control,-1.266230394872189,-1.331742149032278,-3.652884405783296,-0.3199332065156557,-0.9359924230734303,0.7093405737836369,0.4774388781241617,0.0,0.0,0.0,0.0,,,0.0,0.0,0.0
AG,26839078,verum_acupuncture,0.6622555205381033,-0.5891626420854096,1.1672209485641876,0.8420156221815925,-2.317488395940158,-0.6741259110695008,0.41831915001541625,2.0,1.0,0.0,2.0,30.0,20.0,0.0,1.0,0.0
healthy_subjects,25741269,healthy_control,0.31032285976903395,0.6138524612841191,1.2765927015111378,0.1330595331610818,0.480916595656655,-0.6275563712316224,0.2677437247704806,2.0,1.0,0.0,2.0,25.0,3.0,1.0,1.0,1.0
arm_ST36,27803655,verum_acupuncture,0.0024187426923893605,0.6138524612841191,1.2221924653071878,-1.418587769105678,1.388376344997681,-0.4026560105720966,0.10083425388338384,2.0,1.0,0.0,2.0,6.0,1.0,1.0,1.0,1.0
arm_CP1,27803655,sham_acupuncture,0.0024187426923893605,0.6138524612841191,1.2221924653071878,-1.418587769105678,1.388376344997681,-0.4026560105720966,0.10083425388338384,2.0,1.0,0.0,2.0,6.0,1.0,1.0,1.0,1.0
arm_CP2,27803655,sham_acupuncture,0.0024187426923893605,0.6138524612841191,1.2221924653071878,-1.418587769105678,1.388376344997681,-0.4026560105720966,0.10083425388338384,2.0,1.0,0.0,2.0,6.0,1.0,1.0,1.0,1.0
arm_LR3,27688791,verum_acupuncture,0.3498056821503946,-0.05881071618371599,0.7201960132019023,0.11128404348930047,-0.9524890708325031,-1.1834187232721352,-0.981365586736549,2.0,1.0,0.0,2.0,30.0,1.0,1.0,1.0,0.0
arm_sham,27688791,sham_acupuncture,0.3498056821503946,-0.05881071618371599,0.7201960132019023,0.11128404348930047,-0.9524890708325031,-1.1834187232721352,-0.981365586736549,2.0,1.0,0.0,2.0,30.0,1.0,1.0,1.0,0.0
arm_sham,27688791,healthy_control,0.3498056821503946,-0.05881071618371599,0.7201960132019023,0.11128404348930047,-0.9524890708325031,-1.1834187232721352,-0.981365586736549,2.0,1.0,0.0,2.0,30.0,1.0,1.0,1.0,0.0
arm_AD_real,30105065,verum_acupuncture,-0.041004624739861294,0.08350053538242556,1.302907007324699,-2.176000124036955,0.5960488579295127,0.3966279907988287,0.8304549097520938,2.0,1.0,0.0,2.0,3.0,1.0,0.0,1.0,1.0
arm_AD_sham,30105065,sham_acupuncture,-0.041004624739861294,-0.5891626420854096,0.7805623613364501,-2.4380163706524307,-0.6566098044538756,-0.13445870111060204,-0.3755411078878949,2.0,1.0,0.0,2.0,3.0,1.0,0.0,1.0,0.0
arm_MCI_real,30105065,verum_acupuncture,-0.041004624739861294,0.08350053538242556,1.302907007324699,-2.176000124036955,0.5960488579295127,0.3966279907988287,0.8304549097520938,2.0,1.0,0.0,2.0,3.0,1.0,0.0,1.0,1.0
arm_MCI_sham,30105065,sham_acupuncture,-0.041004624739861294,-0.5891626420854096,0.7805623613364501,-2.4380163706524307,-0.6566098044538756,-0.13445870111060204,-0.3755411078878949,2.0,1.0,0.0,2.0,3.0,1.0,0.0,1.0,0.0
arm_HC_real,30105065,healthy_control,-0.041004624739861294,-0.5891626420854096,0.7805623613364501,-2.4380163706524307,-0.6566098044538756,-0.13445870111060204,-0.3755411078878949,2.0,1.0,0.0,2.0,3.0,1.0,0.0,1.0,0.0
arm_ALBP,26161117,other,0.23381145117853586,-0.1287270456627493,0.19550865575112597,-0.36991616987836484,0.4745412800059802,-0.018284323348489822,0.32501259504725255,2.0,1.0,0.0,2.0,,1.0,1.0,0.0,1.0
arm_all_fd,35464313,verum_acupuncture,0.6622555205381033,-0.5891626420854096,1.1672209485641876,0.8420156221815925,-2.317488395940158,-0.6741259110695008,0.41831915001541625,2.0,1.0,0.0,2.0,30.0,20.0,0.0,1.0,0.0
arm_higher_response,35464313,verum_acupuncture,0.4604349320527509,-0.5891626420854096,0.7949756653368825,-1.1687623287116924,-1.4274229214786895,-0.3113125491706159,-0.2878521491653553,2.0,1.0,0.0,2.0,,,0.0,1.0,0.0
arm_lower_response,35464313,verum_acupuncture,0.4604349320527509,-0.5891626420854096,0.7949756653368825,-1.1687623287116924,-1.4274229214786895,-0.3113125491706159,-0.2878521491653553,2.0,1.0,0.0,2.0,,,0.0,1.0,0.0
arm_CG,34431029,waitlist,-1.266230394872189,-0.1287270456627493,-3.2137978260479287,0.47550938762978995,1.2450195705589757,0.47235276692096845,0.9383397177679333,0.0,0.0,0.0,0.0,,,1.0,0.0,1.0
arm_TG,34431029,verum_acupuncture,0.23558878116328738,0.6138524612841191,0.7684373052051076,0.9272884947685411,0.2572906937493649,-0.5606749201974262,0.19856797971591553,2.0,1.0,0.0,1.0,30.0,6.0,1.0,1.0,1.0
arm_EA,33776442,verum_acupuncture,0.4355972277723395,0.08350053538242556,1.228735294275525,-0.12628879152700065,0.4884639503140236,2.846416281127109,-0.7391911849410272,2.0,1.0,1.0,1.0,15.0,1.0,0.0,1.0,1.0
arm_acupuncture,32194493,verum_acupuncture,0.33425715118045857,0.6138524612841191,0.8833110533449192,1.3264962609439925,0.11940248516242699,-0.6423954527983098,0.40528047195457295,2.0,1.0,0.0,1.0,30.0,12.0,1.0,1.0,1.0
arm_sham,32194493,sham_acupuncture,,-0.2560593874895923,0.14188612164911396,-0.41402091499749977,-0.4270416475420769,-0.9196294929433672,-1.2312701885479778,,,,,,,1.0,,0.0
arm_sham,32194493,healthy_control,,-0.2560593874895923,0.14188612164911396,-0.41402091499749977,-0.4270416475420769,-0.9196294929433672,-1.2312701885479778,,,,,,,1.0,,0.0
arm_IBSD,34720908,verum_acupuncture,0.7956047753539467,0.08350053538242556,2.1307273802874875,0.8453953836102186,-1.2746275591231795,-0.06518102725219109,1.380724444144214,3.0,1.0,0.0,2.0,30.0,18.0,0.0,1.0,1.0
arm_HC,34720908,healthy_control,-1.266230394872189,-1.331742149032278,-3.652884405783296,-0.3199332065156557,-0.9359924230734303,0.7093405737836369,0.4774388781241617,0.0,0.0,0.0,0.0,,,0.0,0.0,0.0
arm_CLBP,34949986,verum_acupuncture,,-0.2560593874895923,0.14188612164911396,-0.41402091499749977,-0.4270416475420769,-0.9196294929433672,-1.2312701885479778,,,,,,,1.0,,0.0
arm_CLBP,34949986,other,,-0.2560593874895923,0.14188612164911396,-0.41402091499749977,-0.4270416475420769,-0.9196294929433672,-1.2312701885479778,,,,,,,1.0,,0.0
arm_HC,34949986,healthy_control,,-0.2560593874895923,0.14188612164911396,-0.41402091499749977,-0.4270416475420769,-0.9196294929433672,-1.2312701885479778,,,,,,,1.0,,0.0
arm_MwoA,34122321,verum_acupuncture,0.6888615185242378,0.08350053538242556,1.4435763729241307,0.9789021254635046,0.00895916093655472,2.644579467027446,-0.33442741229097694,2.0,1.0,1.0,1.0,20.0,12.0,0.0,1.0,1.0
arm_HC,34122321,healthy_control,-1.266230394872189,-1.331742149032278,-3.652884405783296,-0.3199332065156557,-0.9359924230734303,0.7093405737836369,0.4774388781241617,0.0,0.0,0.0,0.0,,,0.0,0.0,0.0
arm_NC,33384580,healthy_control,-1.266230394872189,-1.331742149032278,-3.652884405783296,-0.3199332065156557,-0.9359924230734303,0.7093405737836369,0.4774388781241617,0.0,0.0,0.0,0.0,,,0.0,0.0,0.0
arm_IBSbs,33384580,verum_acupuncture,-1.266230394872189,-1.331742149032278,-3.652884405783296,-0.3199332065156557,-0.9359924230734303,0.7093405737836369,0.4774388781241617,0.0,0.0,0.0,0.0,,,0.0,0.0,0.0
arm_IBS1st,33384580,verum_acupuncture,0.6293660638657129,0.08350053538242556,1.6512743451724994,0.9709626134052509,-1.0188669973611235,-0.11579904162644215,1.5554110035758524,2.0,1.0,0.0,2.0,30.0,18.0,0.0,1.0,1.0
arm_groupA,35557556,verum_acupuncture,0.4978082371761514,0.08350053538242556,1.4981093476527505,0.4386855918379827,-0.8350160525785396,-0.006838331491930679,1.2797943472576427,2.0,1.0,0.0,2.0,30.0,10.0,0.0,1.0,1.0
arm_groupB,35557556,active_control,0.4978082371761514,0.08350053538242556,1.4981093476527505,0.4386855918379827,-0.8350160525785396,-0.006838331491930679,1.2797943472576427,2.0,1.0,0.0,2.0,30.0,10.0,0.0,1.0,1.0
arm_HS,35557556,healthy_control,-1.266230394872189,-1.331742149032278,-3.652884405783296,-0.3199332065156557,-0.9359924230734303,0.7093405737836369,0.4774388781241617,0.0,0.0,0.0,0.0,,,0.0,0.0,0.0
arm_CSAP_all,35557556,other,-1.266230394872189,-1.331742149032278,-3.652884405783296,-0.3199332065156557,-0.9359924230734303,0.7093405737836369,0.4774388781241617,0.0,0.0,0.0,0.0,,,0.0,0.0,0.0
arm_CON,33664320,healthy_control,-1.1475208103614158,-0.1287270456627493,-3.2137978260479287,0.47550938762978995,1.2450195705589757,0.47235276692096845,0.9383397177679333,0.0,0.0,0.0,0.0,,1.0,1.0,0.0,1.0
arm_CON_U,33664320,other,-0.6276028304162,-0.8013902231305844,-2.425405015336873,0.06183217546466947,-0.12254037347810681,-0.3310919340077266,-0.9282560265022697,0.0,1.0,0.0,0.0,,,1.0,0.0,0.0
arm_ACU,33664320,verum_acupuncture,-0.10592214555284346,0.6138524612841191,0.7461307958393603,-0.9943725294422369,1.4627691145186044,-0.4948866950781157,0.2961535094850318,1.0,1.0,0.0,2.0,10.0,1.0,1.0,1.0,1.0
arm_ACU_U,33664320,verum_acupuncture,-0.10592214555284346,0.6138524612841191,0.7461307958393603,-0.9943725294422369,1.4627691145186044,-0.4948866950781157,0.2961535094850318,1.0,1.0,0.0,2.0,10.0,1.0,1.0,1.0,1.0
arm_ACU_C,33664320,verum_acupuncture,0.21107686482040033,-0.05881071618371599,0.23226456396901257,-0.5097687513866896,-0.24330902846761548,-1.1300050623169664,-0.8582607677299336,1.0,1.0,0.0,2.0,,,1.0,1.0,0.0
arm_ACU_D,33664320,verum_acupuncture,0.21107686482040033,-0.05881071618371599,0.23226456396901257,-0.5097687513866896,-0.24330902846761548,-1.1300050623169664,-0.8582607677299336,1.0,1.0,0.0,2.0,,,1.0,1.0,0.0
arm_NACU,33664320,sham_acupuncture,-0.2014036538090445,0.6138524612841191,0.1847777325223749,-0.026437438586991716,1.0813775766033673,-0.4391608154081876,0.14941238852364966,1.0,1.0,0.0,1.0,,1.0,1.0,1.0,1.0
arm_effective,33560579,verum_acupuncture,0.14913357332533655,0.6138524612841191,1.2489686627032677,-0.6800951192058493,0.9573174443573097,-0.5099046071353885,0.18170990230568104,2.0,1.0,0.0,2.0,15.0,2.0,1.0,1.0,1.0
arm_sham,33560579,sham_acupuncture,-0.01710513816289715,0.6138524612841191,0.7695156275882795,-0.554527889410817,1.2130780061193656,-0.5605226215096396,0.35639646173731965,1.0,1.0,0.0,2.0,15.0,2.0,1.0,1.0,1.0
arm_sham,33560579,healthy_control,-0.01710513816289715,0.6138524612841191,0.7695156275882795,-0.554527889410817,1.2130780061193656,-0.5605226215096396,0.35639646173731965,1.0,1.0,0.0,2.0,15.0,2.0,1.0,1.0,1.0
arm_real,33013312,verum_acupuncture,0.6787002488742986,0.6138524612841191,1.6254531529895233,1.7039928440229468,-0.15945777040557482,-0.9247338066989833,0.9136720716989644,2.0,1.0,0.0,2.0,30.0,21.0,1.0,1.0,1.0
arm_sham,33013312,sham_acupuncture,0.11958045204989835,0.6138524612841191,0.00633716300476189,2.272190206186424,0.24035867673167063,-0.6558367110745383,0.6917129083577922,1.0,1.0,0.0,0.0,30.0,21.0,1.0,1.0,1.0
arm_sham,33013312,healthy_control,0.11958045204989835,0.6138524612841191,0.00633716300476189,2.272190206186424,0.24035867673167063,-0.6558367110745383,0.6917129083577922,1.0,1.0,0.0,0.0,30.0,21.0,1.0,1.0,1.0
arm_contra,32377180,verum_acupuncture,0.20506112404289245,0.6138524612841191,1.2340622450722498,-0.3733197345662467,0.7535890721537168,-0.5483003560332845,0.17304869047841645,2.0,1.0,0.0,2.0,20.0,1.0,1.0,1.0,1.0
arm_ipsi,32377180,verum_acupuncture,0.20506112404289245,-0.05881071618371599,0.7117175990840008,-0.6353359811817222,-0.49906959022967157,-1.0793870479427152,-1.0329473271615723,2.0,1.0,0.0,2.0,20.0,1.0,1.0,1.0,0.0
arm_MWoA,35312785,verum_acupuncture,0.6164892394704867,0.08350053538242556,1.43933716586518,0.6055921131279933,0.2356689012379706,2.696595304692156,-0.36021828250348853,2.0,1.0,1.0,1.0,15.0,12.0,0.0,1.0,1.0
arm_MWA,35312785,verum_acupuncture,0.6164892394704867,0.08350053538242556,1.43933716586518,0.6055921131279933,0.2356689012379706,2.696595304692156,-0.36021828250348853,2.0,1.0,1.0,1.0,15.0,12.0,0.0,1.0,1.0
arm_CM,35312785,verum_acupuncture,0.6164892394704867,0.08350053538242556,1.43933716586518,0.6055921131279933,0.2356689012379706,2.696595304692156,-0.36021828250348853,2.0,1.0,1.0,1.0,15.0,12.0,0.0,1.0,1.0
arm_HC,35312785,healthy_control,-1.266230394872189,-1.331742149032278,-3.652884405783296,-0.3199332065156557,-0.9359924230734303,0.7093405737836369,0.4774388781241617,0.0,0.0,0.0,0.0,,,0.0,0.0,0.0
arm_FPI,33146953,verum_acupuncture,1.243828087670361,0.08350053538242556,2.2707793854465104,2.3691572439971154,-0.8152460476255702,2.203729082730097,0.3633542560375427,2.0,1.0,1.0,2.0,30.0,25.0,0.0,1.0,1.0
arm_MPI,33146953,verum_acupuncture,1.243828087670361,0.08350053538242556,2.2707793854465104,2.3691572439971154,-0.8152460476255702,2.203729082730097,0.3633542560375427,2.0,1.0,1.0,2.0,30.0,25.0,0.0,1.0,1.0
arm_EA,33314799,verum_acupuncture,0.6954548842332081,0.6138524612841191,1.287975014970325,1.6194999745453522,0.8025282242754489,1.8789694856578925,-1.1915400482337875,2.0,1.0,1.0,1.0,25.0,8.0,1.0,1.0,1.0
arm_ML,33314799,sham_acupuncture,-0.7585637164999498,0.6138524612841191,-2.0369856568380738,1.3111582291487793,1.1364880457205355,-0.20501972479623393,1.0533312576900424,0.0,0.0,0.0,0.0,25.0,8.0,1.0,1.0,1.0
arm_A,35585920,verum_acupuncture,0.37302260604208637,0.6138524612841191,1.0279976367467667,1.1121532578402382,0.38897102098267444,-0.6473244876034013,0.6293153878477594,2.0,1.0,0.0,1.0,,20.0,1.0,1.0,1.0
arm_B,35585920,verum_acupuncture,0.37302260604208637,0.6138524612841191,1.0279976367467667,1.1121532578402382,0.38897102098267444,-0.6473244876034013,0.6293153878477594,2.0,1.0,0.0,1.0,,20.0,1.0,1.0,1.0
arm_B,35585920,sham_acupuncture,0.37302260604208637,0.6138524612841191,1.0279976367467667,1.1121532578402382,0.38897102098267444,-0.6473244876034013,0.6293153878477594,2.0,1.0,0.0,1.0,,20.0,1.0,1.0,1.0
arm_B,35585920,usual_care,0.37302260604208637,0.6138524612841191,1.0279976367467667,1.1121532578402382,0.38897102098267444,-0.6473244876034013,0.6293153878477594,2.0,1.0,0.0,1.0,,20.0,1.0,1.0,1.0
arm_verum_ea,35096130,verum_acupuncture,0.5079695068260907,0.08350053538242556,1.2329745013344757,0.2470212208085107,0.2617542100126078,2.7944004434623992,-0.7134003147285156,2.0,1.0,1.0,1.0,20.0,1.0,0.0,1.0,1.0
arm_sham,32612281,sham_acupuncture,-0.288279759436727,-0.6590789715644428,-1.2637667692208794,-0.06900664446122343,-0.14592107649708438,0.9642069159807987,0.9859569378614023,1.0,1.0,0.0,0.0,20.0,5.0,0.0,0.0,1.0
arm_sham,32612281,healthy_control,-0.288279759436727,-0.6590789715644428,-1.2637667692208794,-0.06900664446122343,-0.14592107649708438,0.9642069159807987,0.9859569378614023,1.0,1.0,0.0,0.0,20.0,5.0,0.0,0.0,1.0
arm_st36,32612281,verum_acupuncture,0.5737484201708715,-0.6590789715644428,0.2710034107732263,0.5165632962800266,-0.10921905452642075,3.269936121079938,-0.42362808200057456,2.0,1.0,1.0,1.0,20.0,5.0,0.0,0.0,1.0
arm_pc6,32612281,verum_acupuncture,0.5737484201708715,-0.6590789715644428,0.2710034107732263,0.5165632962800266,-0.10921905452642075,3.269936121079938,-0.42362808200057456,2.0,1.0,1.0,1.0,20.0,5.0,0.0,0.0,1.0
S_Acu,32807158,verum_acupuncture,1.0473875450022776,0.6138524612841191,1.617689841758742,3.1238986577113077,0.18513522631104226,1.5954121389573455,-0.5800637833450798,2.0,1.0,1.0,1.0,30.0,25.0,1.0,1.0,1.0
M_Acu,32807158,verum_acupuncture,1.0473875450022776,0.6138524612841191,1.617689841758742,3.1238986577113077,0.18513522631104226,1.5954121389573455,-0.5800637833450798,2.0,1.0,1.0,1.0,30.0,25.0,1.0,1.0,1.0
N_Acu,32807158,sham_acupuncture,1.0473875450022776,0.6138524612841191,1.617689841758742,3.1238986577113077,0.18513522631104226,1.5954121389573455,-0.5800637833450798,2.0,1.0,1.0,1.0,30.0,25.0,1.0,1.0,1.0
TA,34671239,verum_acupuncture,0.7773686188914697,0.6138524612841191,1.740326901129335,2.1032006101983978,-0.2973459789925128,-1.006454339299867,1.1203845639376215,2.0,1.0,0.0,2.0,30.0,27.0,1.0,1.0,1.0
SA,34671239,sham_acupuncture,0.38448753355530324,0.6138524612841191,0.6006639462595618,2.5458307425668427,-0.15329009361732335,-0.6869392293011709,0.7237388411648109,2.0,1.0,0.0,0.0,30.0,27.0,1.0,1.0,1.0
G1,35310583,verum_acupuncture,0.3615728593166737,0.08350053538242556,0.663143023899589,0.4683362869927331,0.3337821527002024,2.9541579984617474,-0.911723176114921,2.0,1.0,1.0,0.0,,1.0,0.0,1.0,1.0
G2,35310583,verum_acupuncture,0.3615728593166737,0.08350053538242556,0.663143023899589,0.4683362869927331,0.3337821527002024,2.9541579984617474,-0.911723176114921,2.0,1.0,1.0,0.0,,1.0,0.0,1.0,1.0
G3,35310583,verum_acupuncture,0.3615728593166737,0.08350053538242556,0.663143023899589,0.4683362869927331,0.3337821527002024,2.9541579984617474,-0.911723176114921,2.0,1.0,1.0,0.0,,1.0,0.0,1.0,1.0
arm_acupuncture,34483822,verum_acupuncture,0.08926547755689067,0.08350053538242556,1.3105375800308103,-1.5040421018330348,0.18797132538696418,0.30299948300235074,0.8768784761346148,2.0,1.0,0.0,2.0,12.0,1.0,0.0,1.0,1.0
arm_KOA,35115998,verum_acupuncture,-0.0019172000231640674,0.08350053538242556,0.7474888338902447,-0.6854310159119943,-0.1027363164077065,0.37953169773816287,0.719821007088228,2.0,1.0,0.0,1.0,,1.0,0.0,1.0,1.0
arm_HC,35115998,healthy_control,-0.0019172000231640674,0.08350053538242556,0.7474888338902447,-0.6854310159119943,-0.1027363164077065,0.37953169773816287,0.719821007088228,2.0,1.0,0.0,1.0,,1.0,0.0,1.0,1.0
arm_real_acu,33551385,verum_acupuncture,0.23381145117853586,-0.5891626420854096,0.7949756653368825,-1.1687623287116924,-1.4274229214786895,-0.3113125491706159,-0.2878521491653553,2.0,1.0,0.0,2.0,,1.0,0.0,1.0,0.0
arm_sham_scrub,33551385,sham_acupuncture,-0.40089010759492494,0.08350053538242556,-0.21141723633973153,-0.4342965563219293,0.4087848071164057,0.2782956689896607,1.0691941259515052,0.0,1.0,0.0,1.0,,1.0,0.0,1.0,1.0
arm_tinnitus,35153654,verum_acupuncture,0.5306976938485418,0.15341686486145903,2.0526095403655624,0.30633503592644246,-1.8545896590098374,-1.0951812336197841,-0.00926141087162955,2.0,1.0,0.0,2.0,30.0,12.0,0.0,2.0,0.0
arm_control,35153654,other,,-1.331742149032278,-0.8134094014191281,-0.944043697839588,-1.6344427709388314,0.3784610385135269,-0.33421110598292453,,,,,,,0.0,0.0,0.0
arm_control,35153654,healthy_control,,-1.331742149032278,-0.8134094014191281,-0.944043697839588,-1.6344427709388314,0.3784610385135269,-0.33421110598292453,,,,,,,0.0,0.0,0.0
arm_control,35153654,sham_acupuncture,,-1.331742149032278,-0.8134094014191281,-0.944043697839588,-1.6344427709388314,0.3784610385135269,-0.33421110598292453,,,,,,,0.0,0.0,0.0
arm_control,35153654,medication,,-1.331742149032278,-0.8134094014191281,-0.944043697839588,-1.6344427709388314,0.3784610385135269,-0.33421110598292453,,,,,,,0.0,0.0,0.0
arm_RA,34108856,verum_acupuncture,0.15480833266743232,1.1442043871858125,1.1397822404660962,-0.8104994191086061,2.271387728186416,-1.181133676877138,-0.6391027500703309,2.0,1.0,0.0,2.0,7.0,,2.0,1.0,1.0
arm_SA,34108856,sham_acupuncture,0.15480833266743232,0.4715412097179774,0.6174375944778473,-1.0725156657240815,1.0187290658030275,-1.7122203687865687,-1.8450987677103197,2.0,1.0,0.0,2.0,7.0,,2.0,1.0,0.0
arm_SA,34108856,verum_acupuncture,0.15480833266743232,0.4715412097179774,0.6174375944778473,-1.0725156657240815,1.0187290658030275,-1.7122203687865687,-1.8450987677103197,2.0,1.0,0.0,2.0,7.0,,2.0,1.0,0.0
arm_REAL,31636536,verum_acupuncture,0.23381145117853586,0.08350053538242556,1.3173203113251315,-0.9067460820962169,-0.1747642590953011,0.21977414273881474,0.9181438684746334,2.0,1.0,0.0,2.0,,1.0,0.0,1.0,1.0
arm_PHNT,31636536,sham_acupuncture,-1.1475208103614158,0.6138524612841191,-2.175244236726805,0.4721058229419081,1.5240673627067123,-0.05766326576382634,0.7863758131990973,0.0,0.0,0.0,0.0,,1.0,1.0,1.0,1.0
arm_cnsp,35048524,verum_acupuncture,0.828494232026337,-0.05881071618371599,1.5634159174262938,1.2498747399165304,-1.6448956264531962,-1.391582395467349,-0.5014625874124392,3.0,1.0,0.0,2.0,30.0,20.0,1.0,1.0,0.0
arm_hc,35048524,healthy_control,-1.266230394872189,-0.8013902231305844,-3.7361424720361778,0.21349314101431444,-0.007639091824412519,-0.05873392498846229,-0.2676562998720553,0.0,0.0,0.0,0.0,,,1.0,0.0,0.0
arm_group1,38245739,verum_acupuncture,0.9857618593357739,0.08350053538242556,2.4162783867141306,0.3658813187006156,-0.22690387112180396,2.589920281469605,-0.44859943849531514,3.0,1.0,1.0,2.0,20.0,8.0,0.0,1.0,1.0
arm_group2,38245739,healthy_control,-1.266230394872189,-1.331742149032278,-3.652884405783296,-0.3199332065156557,-0.9359924230734303,0.7093405737836369,0.4774388781241617,0.0,0.0,0.0,0.0,,,0.0,0.0,0.0
arm_VA,36890655,verum_acupuncture,0.30136769450806816,-0.05881071618371599,0.3226751579767329,0.9314107589366998,-1.0872934410253154,-1.1462419671741126,-0.8696197097649683,2.0,1.0,0.0,1.0,30.0,10.0,1.0,1.0,0.0
arm_VA,36890655,other,0.30136769450806816,-0.05881071618371599,0.3226751579767329,0.9314107589366998,-1.0872934410253154,-1.1462419671741126,-0.8696197097649683,2.0,1.0,0.0,1.0,30.0,10.0,1.0,1.0,0.0
arm_SA,36890655,sham_acupuncture,0.30136769450806816,-0.05881071618371599,0.3226751579767329,0.9314107589366998,-1.0872934410253154,-1.1462419671741126,-0.8696197097649683,2.0,1.0,0.0,1.0,30.0,10.0,1.0,1.0,0.0
arm_SA,36890655,verum_acupuncture,0.30136769450806816,-0.05881071618371599,0.3226751579767329,0.9314107589366998,-1.0872934410253154,-1.1462419671741126,-0.8696197097649683,2.0,1.0,0.0,1.0,30.0,10.0,1.0,1.0,0.0
arm_SC,36890655,active_control,-1.266230394872189,0.4016248802389441,-3.2970558923008104,1.00893573515976,2.1733729018079937,-0.2957217318511309,0.19324453977171643,0.0,0.0,0.0,0.0,,,2.0,0.0,1.0
arm_SC,36890655,medication,-1.266230394872189,0.4016248802389441,-3.2970558923008104,1.00893573515976,2.1733729018079937,-0.2957217318511309,0.19324453977171643,0.0,0.0,0.0,0.0,,,2.0,0.0,1.0
arm_PB,36890655,placebo,-1.266230394872189,-0.271038297228891,-3.8194005382890595,0.7469194885442845,0.9207142394246054,-0.8268084237605616,-1.0127514778682722,0.0,0.0,0.0,0.0,,,2.0,0.0,0.0
arm_WL,36890655,waitlist,-1.266230394872189,-1.331742149032278,-3.652884405783296,-0.3199332065156557,-0.9359924230734303,0.7093405737836369,0.4774388781241617,0.0,0.0,0.0,0.0,,,0.0,0.0,0.0
arm_HC,36890655,healthy_control,,-1.331742149032278,-0.8134094014191281,-0.944043697839588,-1.6344427709388314,0.3784610385135269,-0.33421110598292453,,,,,,,0.0,0.0,0.0
arm_AG,36890655,verum_acupuncture,0.30136769450806816,-0.05881071618371599,0.3226751579767329,0.9314107589366998,-1.0872934410253154,-1.1462419671741126,-0.8696197097649683,2.0,1.0,0.0,1.0,30.0,10.0,1.0,1.0,0.0
arm_ERR,37206312,verum_acupuncture,0.23381145117853586,0.08350053538242556,1.3173203113251315,-0.9067460820962169,-0.1747642590953011,0.21977414273881474,0.9181438684746334,2.0,1.0,0.0,2.0,,1.0,0.0,1.0,1.0
arm_LTRei,37206312,verum_acupuncture,0.23381145117853586,0.08350053538242556,1.3173203113251315,-0.9067460820962169,-0.1747642590953011,0.21977414273881474,0.9181438684746334,2.0,1.0,0.0,2.0,,1.0,0.0,1.0,1.0
arm_LTRed,37206312,verum_acupuncture,0.23381145117853586,0.08350053538242556,1.3173203113251315,-0.9067460820962169,-0.1747642590953011,0.21977414273881474,0.9181438684746334,2.0,1.0,0.0,2.0,,1.0,0.0,1.0,1.0
arm_exp,36102803,verum_acupuncture,-0.23806529597971335,1.1442043871858125,-0.4749968000130029,0.6663934046362042,3.3821391596265977,1.4728204851631768,-2.1299130238816124,0.0,1.0,1.0,0.0,5.0,1.0,2.0,1.0,1.0
arm_ctrl,36102803,waitlist,-1.1475208103614158,-0.271038297228891,-3.8194005382890595,0.7469194885442845,0.9207142394246054,-0.8268084237605616,-1.0127514778682722,0.0,0.0,0.0,0.0,,1.0,2.0,0.0,0.0
arm_ctrl,36102803,active_control,-1.1475208103614158,-0.271038297228891,-3.8194005382890595,0.7469194885442845,0.9207142394246054,-0.8268084237605616,-1.0127514778682722,0.0,0.0,0.0,0.0,,1.0,2.0,0.0,0.0
arm_01,35959405,verum_acupuncture,0.4332979049644162,0.08350053538242556,1.7967733464401199,-1.032313311891249,-0.4305248208573572,0.2703921571130659,0.7434573090429948,3.0,1.0,0.0,2.0,,1.0,0.0,1.0,1.0
acu,36922926,verum_acupuncture,1.4647892120934134,1.3564319682309876,3.419164519337324,5.04205978414652,-1.2301028146757664,-2.089964976618942,2.1569211071064247,2.0,1.0,0.0,2.0,40.0,60.0,1.0,2.0,1.0
con,36922926,active_control,-1.266230394872189,0.6138524612841191,-2.175244236726805,0.4721058229419081,1.5240673627067123,-0.05766326576382634,0.7863758131990973,0.0,0.0,0.0,0.0,,,1.0,1.0,1.0
arm_FD_acupuncture,35965072,verum_acupuncture,0.37302260604208637,-0.5891626420854096,0.5889110570113993,0.31671066369479234,-1.7920409726497317,-0.4103366807407327,0.1684145482039876,2.0,1.0,0.0,1.0,,20.0,0.0,1.0,0.0
arm_responders,35965072,verum_acupuncture,0.2396521140518378,-0.5891626420854096,0.22514418790199558,-0.9474472625274698,-1.3553949787910948,-0.1515549941712679,-0.48617501055176066,2.0,1.0,0.0,,,,0.0,1.0,0.0
arm_non_responders,35965072,verum_acupuncture,0.2396521140518378,-0.5891626420854096,0.22514418790199558,-0.9474472625274698,-1.3553949787910948,-0.1515549941712679,-0.48617501055176066,2.0,1.0,0.0,,,,0.0,1.0,0.0
VA,36051643,verum_acupuncture,0.3185746618424385,0.08350053538242556,0.7559672480081461,0.06118900875902837,-0.5561557970105379,0.27550002240874294,0.7714027475132513,2.0,1.0,0.0,1.0,30.0,,0.0,1.0,1.0
SA,36051643,sham_acupuncture,-0.11664044314514185,-0.5891626420854096,-0.8156619105299777,0.1460550581228076,-1.4810259549442757,-0.14644712887559092,-0.4582295720815041,1.0,1.0,0.0,0.0,30.0,,0.0,1.0,0.0
arm_patient,35734477,verum_acupuncture,0.0011658231340402336,0.08350053538242556,1.216767772063751,-1.7069422753122538,0.18560649855363534,0.5549877225077178,0.4832363591465615,3.0,1.0,0.0,1.0,8.0,1.0,0.0,1.0,1.0
arm_control,35734477,other,0.0011658231340402336,-0.5891626420854096,0.6944231260755022,-1.9689585219277295,-1.067052163829753,0.023901030598287146,-0.7227596584934272,3.0,1.0,0.0,1.0,8.0,1.0,0.0,1.0,0.0
arm_control,35734477,healthy_control,0.0011658231340402336,-0.5891626420854096,0.6944231260755022,-1.9689585219277295,-1.067052163829753,0.023901030598287146,-0.7227596584934272,3.0,1.0,0.0,1.0,8.0,1.0,0.0,1.0,0.0
arm_control,35734477,sham_acupuncture,0.0011658231340402336,-0.5891626420854096,0.6944231260755022,-1.9689585219277295,-1.067052163829753,0.023901030598287146,-0.7227596584934272,3.0,1.0,0.0,1.0,8.0,1.0,0.0,1.0,0.0
arm_control,35734477,medication,0.0011658231340402336,-0.5891626420854096,0.6944231260755022,-1.9689585219277295,-1.067052163829753,0.023901030598287146,-0.7227596584934272,3.0,1.0,0.0,1.0,8.0,1.0,0.0,1.0,0.0
arm_C1,35734477,verum_acupuncture,1.0489832817762021,-0.5891626420854096,0.7045972230169839,-1.0730144923225022,-1.611155540553151,-0.10093697979701682,-0.6608615699833993,3.0,1.0,,,,,0.0,1.0,0.0
arm_C2,35734477,verum_acupuncture,1.0489832817762021,-0.5891626420854096,0.7045972230169839,-1.0730144923225022,-1.611155540553151,-0.10093697979701682,-0.6608615699833993,3.0,1.0,,,,,0.0,1.0,0.0
arm_C3,35734477,verum_acupuncture,1.0489832817762021,-0.5891626420854096,0.7045972230169839,-1.0730144923225022,-1.611155540553151,-0.10093697979701682,-0.6608615699833993,3.0,1.0,,,,,0.0,1.0,0.0
arm_Nih1,35734477,verum_acupuncture,1.0489832817762021,-0.5891626420854096,0.7045972230169839,-1.0730144923225022,-1.611155540553151,-0.10093697979701682,-0.6608615699833993,3.0,1.0,,,,,0.0,1.0,0.0
arm_Nih2,35734477,verum_acupuncture,1.0489832817762021,-0.5891626420854096,0.7045972230169839,-1.0730144923225022,-1.611155540553151,-0.10093697979701682,-0.6608615699833993,3.0,1.0,,,,,0.0,1.0,0.0
arm_Nih3,35734477,verum_acupuncture,1.0489832817762021,-0.5891626420854096,0.7045972230169839,-1.0730144923225022,-1.611155540553151,-0.10093697979701682,-0.6608615699833993,3.0,1.0,,,,,0.0,1.0,0.0
arm_AD_real,38651018,verum_acupuncture,0.13621851800087556,0.4715412097179774,0.1926474282260126,0.5851478264038301,0.34044210702218,-1.783044613083164,-1.735200792265761,2.0,1.0,0.0,1.0,,8.0,2.0,1.0,0.0
arm_AD_sham,38651018,sham_acupuncture,-0.5326949868757079,0.4715412097179774,-0.3771840492088741,0.8064628925880525,0.4124700497097747,-1.6232870580838161,-1.9335236536521665,,,0.0,0.0,,8.0,2.0,1.0,0.0
arm_AD_baseline,38651018,other,,2.230197842253275,0.5809727013844813,0.38142167914794584,1.7539703460903293,-1.156617299806036,-0.7703693489042059,,,,,,,2.0,,
arm_HC,38651018,healthy_control,,2.230197842253275,0.5809727013844813,0.38142167914794584,1.7539703460903293,-1.156617299806036,-0.7703693489042059,,,,,,,2.0,,
arm_AD_high_responder,38651018,verum_acupuncture,0.16577411805062597,0.4715412097179774,0.05862805539623228,0.11940543253247031,0.501311683706941,-1.6877039917154666,-1.9763653665441947,2.0,1.0,0.0,1.0,,,2.0,1.0,0.0
arm_AD_low_responder,38651018,verum_acupuncture,0.16577411805062597,0.4715412097179774,0.05862805539623228,0.11940543253247031,0.501311683706941,-1.6877039917154666,-1.9763653665441947,2.0,1.0,0.0,1.0,,,2.0,1.0,0.0
TA,37408438,verum_acupuncture,0.5306976938485418,0.6138524612841191,1.4531425307798058,1.10518119475977,0.04737454247483228,-0.8021530077976579,0.6036033333409783,2.0,1.0,0.0,2.0,30.0,12.0,1.0,1.0,1.0
SA,37408438,sham_acupuncture,-0.028422102975858444,0.6138524612841191,-0.16597345920495565,1.6733785569232473,0.44719098961207754,-0.5332559121732129,0.38164416999980616,1.0,1.0,0.0,0.0,30.0,12.0,1.0,1.0,1.0
arm_HC,37721727,healthy_control,-1.266230394872189,-1.331742149032278,-3.652884405783296,-0.3199332065156557,-0.9359924230734303,0.7093405737836369,0.4774388781241617,0.0,0.0,0.0,0.0,,,0.0,0.0,0.0
arm_IA,37721727,verum_acupuncture,0.6622555205381033,-0.5891626420854096,1.1672209485641876,0.8420156221815925,-2.317488395940158,-0.6741259110695008,0.41831915001541625,2.0,1.0,0.0,2.0,30.0,20.0,0.0,1.0,0.0
arm_ea,38027487,verum_acupuncture,0.83360607663174,0.6138524612841191,1.36879672078915,2.2589484976644973,0.4838930115827411,1.7724732929259266,-1.0279408498621707,2.0,1.0,1.0,1.0,30.0,12.0,1.0,1.0,1.0
arm_ctrl,38027487,waitlist,-0.9304503963236395,0.6138524612841191,-1.9646423651371496,1.2039867275969023,1.2712723136306594,-0.2074842421987797,1.1653487156366358,0.0,0.0,0.0,0.0,,12.0,1.0,1.0,1.0
arm_ctrl,38027487,active_control,-0.9304503963236395,0.6138524612841191,-1.9646423651371496,1.2039867275969023,1.2712723136306594,-0.2074842421987797,1.1653487156366358,0.0,0.0,0.0,0.0,,12.0,1.0,1.0,1.0
arm_tinnitus,36530635,verum_acupuncture,0.4978082371761514,0.8260800423292941,2.5366629369738742,0.4352820271501009,-0.555968260430803,-0.5368543641767255,1.1278304426888066,2.0,1.0,0.0,2.0,30.0,10.0,0.0,2.0,1.0
arm_HC,36530635,healthy_control,-1.266230394872189,-1.331742149032278,-3.652884405783296,-0.3199332065156557,-0.9359924230734303,0.7093405737836369,0.4774388781241617,0.0,0.0,0.0,0.0,,,0.0,0.0,0.0
arm_patients,36744205,verum_acupuncture,0.38595313574103957,0.08350053538242556,1.5279221829147864,-0.17486517744122282,-0.42755930817135424,0.0699531663038614,1.2971167709121718,2.0,1.0,0.0,2.0,20.0,12.0,0.0,1.0,1.0
arm_hc,36744205,healthy_control,,-0.9519137131568858,0.7474888338902447,-0.6854310159119943,-0.1027363164077065,0.37953169773816287,0.719821007088228,,,,,,,0.0,,
arm_WT,35968386,healthy_control,-0.7725810042961655,-0.8013902231305844,-3.3723756029267737,1.4776510672365768,-0.4442850856830495,-0.3175156115579272,0.38693325888369295,0.0,0.0,0.0,0.0,,20.0,1.0,0.0,0.0
arm_3xTgAD,35968386,other,-0.7725810042961655,-0.8013902231305844,-3.3723756029267737,1.4776510672365768,-0.4442850856830495,-0.3175156115579272,0.38693325888369295,0.0,0.0,0.0,0.0,,20.0,1.0,0.0,0.0
arm_EA,35968386,verum_acupuncture,0.7989251918330679,-0.1287270456627493,0.003955093872787167,2.92019631371468,0.2767548364144766,2.142910601101959,-0.42567372954348615,1.0,1.0,1.0,1.0,30.0,20.0,1.0,0.0,1.0
arm_NonEA,35968386,sham_acupuncture,0.7989251918330679,-0.1287270456627493,0.003955093872787167,2.92019631371468,0.2767548364144766,2.142910601101959,-0.42567372954348615,1.0,1.0,1.0,1.0,30.0,20.0,1.0,0.0,1.0
arm_SA,37305743,sham_acupuncture,0.354816859258258,0.08350053538242556,0.8463456903280447,-0.03455882763016164,-0.3724231779360766,0.0651244530351437,1.1444121683312953,1.0,1.0,0.0,2.0,30.0,,0.0,1.0,1.0
arm_SA,37305743,verum_acupuncture,0.354816859258258,0.08350053538242556,0.8463456903280447,-0.03455882763016164,-0.3724231779360766,0.0651244530351437,1.1444121683312953,1.0,1.0,0.0,2.0,30.0,,0.0,1.0,1.0
arm_PC,37305743,usual_care,-1.266230394872189,0.08350053538242556,-2.0919861704739233,-0.06132052458806201,0.5957140314576945,0.7104112330082729,1.5314709911953142,0.0,0.0,0.0,0.0,,,0.0,1.0,1.0
arm_HC,37305743,healthy_control,-1.266230394872189,-1.331742149032278,-3.652884405783296,-0.3199332065156557,-0.9359924230734303,0.7093405737836369,0.4774388781241617,0.0,0.0,0.0,0.0,,,0.0,0.0,0.0
arm_MCID,37274194,other,-0.16507288835419345,-0.5891626420854096,0.21497009096051395,-1.8433912921326971,-0.8112916020676969,-0.026716983775963918,-0.5480730990617886,2.0,1.0,0.0,1.0,8.0,1.0,0.0,1.0,0.0
arm_NMCID,37274194,other,-0.16507288835419345,-0.5891626420854096,0.21497009096051395,-1.8433912921326971,-0.8112916020676969,-0.026716983775963918,-0.5480730990617886,2.0,1.0,0.0,1.0,8.0,1.0,0.0,1.0,0.0
arm_HC,37274194,healthy_control,-0.16507288835419345,-0.5891626420854096,0.21497009096051395,-1.8433912921326971,-0.8112916020676969,-0.026716983775963918,-0.5480730990617886,2.0,1.0,0.0,1.0,8.0,1.0,0.0,1.0,0.0
EAS,38681626,verum_acupuncture,0.9322744466489112,0.6138524612841191,1.4836704689289617,2.6581562638399485,0.34600480299580316,1.690752760325043,-0.8212283576235132,2.0,1.0,1.0,1.0,30.0,18.0,1.0,1.0,1.0
SAS,38681626,sham_acupuncture,0.07024626704131276,-0.05881071618371599,-0.5734443570533929,1.8105700764832229,-0.9433558813582488,-1.1460631366835272,-0.6176393554015253,1.0,1.0,0.0,0.0,30.0,18.0,1.0,1.0,0.0
arm_PSA,36530615,other,0.7967879643042541,0.08350053538242556,1.712427536449464,0.12145399101347824,0.005993648250551629,2.8450184578366504,-0.8880868741601543,3.0,1.0,1.0,1.0,,1.0,0.0,1.0,1.0
arm_HC,36530615,healthy_control,0.7967879643042541,0.08350053538242556,1.712427536449464,0.12145399101347824,0.005993648250551629,2.8450184578366504,-0.8880868741601543,3.0,1.0,1.0,1.0,,1.0,0.0,1.0,1.0
EG,38585348,verum_acupuncture,1.1633958741156665,0.8260800423292941,3.501601639533093,1.2421670340755733,-0.44723829577254504,1.9286323959217626,-0.4800774385595753,3.0,1.0,1.0,2.0,30.0,10.0,0.0,2.0,1.0
CG,38585348,healthy_control,-1.266230394872189,-1.331742149032278,-3.652884405783296,-0.3199332065156557,-0.9359924230734303,0.7093405737836369,0.4774388781241617,0.0,0.0,0.0,0.0,,,0.0,0.0,0.0
arm_HT5,38034817,verum_acupuncture,0.9177933723839763,0.08350053538242556,1.2414529154523772,0.9936412454795331,-0.19166527059022384,2.6903687681329793,-0.6618185743034922,2.0,1.0,1.0,1.0,30.0,,0.0,1.0,1.0
arm_GB20,38034817,verum_acupuncture,0.9177933723839763,0.08350053538242556,1.2414529154523772,0.9936412454795331,-0.19166527059022384,2.6903687681329793,-0.6618185743034922,2.0,1.0,1.0,1.0,30.0,,0.0,1.0,1.0
arm_HT5_GB20,38034817,verum_acupuncture,0.9177933723839763,0.08350053538242556,1.2414529154523772,0.9936412454795331,-0.19166527059022384,2.6903687681329793,-0.6618185743034922,2.0,1.0,1.0,1.0,30.0,,0.0,1.0,1.0
arm_1min,38249582,verum_acupuncture,-0.041004624739861294,0.6138524612841191,1.2196489410718174,-1.642573776506985,1.5244021891785304,-0.37144650797327056,0.08535973175587684,2.0,1.0,0.0,2.0,3.0,1.0,1.0,1.0,1.0
arm_2min,38249582,verum_acupuncture,0.0024187426923893605,0.6138524612841191,1.2221924653071878,-1.418587769105678,1.388376344997681,-0.4026560105720966,0.10083425388338384,2.0,1.0,0.0,2.0,6.0,1.0,1.0,1.0,1.0
arm_3min,38249582,verum_acupuncture,0.04584211012464001,0.6138524612841191,1.2247359895425582,-1.1946017617043714,1.2523505008168314,-0.43386551317092253,0.11630877601089083,2.0,1.0,0.0,2.0,9.0,1.0,1.0,1.0,1.0
arm_training_test,37584456,verum_acupuncture,0.37302260604208637,0.08350053538242556,1.1112557029996484,0.5787269103102679,-0.5393823102663432,0.12075001116869795,1.3744105658439763,2.0,1.0,0.0,1.0,,20.0,0.0,1.0,1.0
arm_validation,37584456,verum_acupuncture,0.37302260604208637,0.08350053538242556,1.1112557029996484,0.5787269103102679,-0.5393823102663432,0.12075001116869795,1.3744105658439763,2.0,1.0,0.0,1.0,,20.0,0.0,1.0,1.0
arm_REAL,37415858,verum_acupuncture,-0.1795473441649437,0.6138524612841191,0.6532088292840912,-1.1226107004543535,1.4150623396249924,-0.25330162310569054,-0.09233043346051929,2.0,1.0,0.0,1.0,7.0,1.0,1.0,1.0,1.0
arm_PHNT,37415858,sham_acupuncture,-1.1475208103614158,0.6138524612841191,-2.175244236726805,0.4721058229419081,1.5240673627067123,-0.05766326576382634,0.7863758131990973,0.0,0.0,0.0,0.0,,1.0,1.0,1.0,1.0
TATG,37383656,verum_acupuncture,0.6640469486643851,1.1442043871858125,1.811046250261975,1.3799710571028905,0.7659300481574403,-1.4923693146618784,-0.3850825681664297,3.0,1.0,0.0,2.0,30.0,10.0,2.0,1.0,1.0
SATG,37383656,sham_acupuncture,-0.06131155964824883,0.4715412097179774,-0.8098674208260236,1.8117194024459244,0.16884839467335305,-1.805176925321115,-1.638351189715952,1.0,1.0,0.0,0.0,30.0,10.0,2.0,1.0,0.0
arm_set1,37901421,sham_acupuncture,-0.6366187587966248,0.08350053538242556,-0.7812487137746182,-0.2129814901377069,0.4808127498040003,0.4380532239890087,0.8708712645650999,0.0,1.0,0.0,0.0,,1.0,0.0,1.0,1.0
arm_set2,37901421,verum_acupuncture,-0.6366187587966248,0.08350053538242556,-0.7812487137746182,-0.2129814901377069,0.4808127498040003,0.4380532239890087,0.8708712645650999,0.0,1.0,0.0,0.0,,1.0,0.0,1.0,1.0
arm_set3,37901421,verum_acupuncture,-0.6366187587966248,0.08350053538242556,-0.7812487137746182,-0.2129814901377069,0.4808127498040003,0.4380532239890087,0.8708712645650999,0.0,1.0,0.0,0.0,,1.0,0.0,1.0,1.0
arm_neiguan,35832324,verum_acupuncture,-0.033549866499092355,0.6138524612841191,0.7503700028983109,-0.6210625171067256,1.2360593742171886,-0.5469025327428257,0.3219443796975434,1.0,1.0,0.0,2.0,15.0,1.0,1.0,1.0,1.0
arm_nonacupoint,35832324,sham_acupuncture,-0.4264309518352589,-0.05881071618371599,-0.9116375979597116,-0.44044863135375617,0.12745659720898955,-0.7584741146535604,-1.280697360715256,1.0,1.0,0.0,0.0,15.0,1.0,1.0,1.0,0.0
arm_nonacupoint,35832324,active_control,-0.4264309518352589,-0.05881071618371599,-0.9116375979597116,-0.44044863135375617,0.12745659720898955,-0.7584741146535604,-1.280697360715256,1.0,1.0,0.0,0.0,15.0,1.0,1.0,1.0,0.0
arm_SA,37804240,sham_acupuncture,-0.0019172000231640674,-0.5891626420854096,0.22514418790199558,-0.9474472625274698,-1.3553949787910948,-0.1515549941712679,-0.48617501055176066,2.0,1.0,0.0,1.0,,1.0,0.0,1.0,0.0
arm_SA,37804240,verum_acupuncture,-0.0019172000231640674,-0.5891626420854096,0.22514418790199558,-0.9474472625274698,-1.3553949787910948,-0.1515549941712679,-0.48617501055176066,2.0,1.0,0.0,1.0,,1.0,0.0,1.0,0.0
arm_VA,37804240,verum_acupuncture,-1.1475208103614158,-1.331742149032278,-3.652884405783296,-0.3199332065156557,-0.9359924230734303,0.7093405737836369,0.4774388781241617,0.0,0.0,0.0,0.0,,1.0,0.0,0.0,0.0
arm_VA,37804240,other,-1.1475208103614158,-1.331742149032278,-3.652884405783296,-0.3199332065156557,-0.9359924230734303,0.7093405737836369,0.4774388781241617,0.0,0.0,0.0,0.0,,1.0,0.0,0.0,0.0
arm_HT7,40642213,verum_acupuncture,-0.062047468091348354,-0.5891626420854096,0.30365285045683227,-2.0884631334560915,-0.536875086872669,-0.21628621808367912,-0.1853800263287494,1.0,1.0,0.0,2.0,6.0,,0.0,1.0,0.0
arm_ST36,40642213,verum_acupuncture,0.13743898569453208,-0.5891626420854096,0.7831058855718205,-2.214030363251124,-0.7926356486347251,-0.16566820370942803,-0.3600665857603879,2.0,1.0,0.0,2.0,6.0,,0.0,1.0,0.0
arm_KI4,40642213,verum_acupuncture,-0.062047468091348354,-0.5891626420854096,0.30365285045683227,-2.0884631334560915,-0.536875086872669,-0.21628621808367912,-0.1853800263287494,1.0,1.0,0.0,2.0,6.0,,0.0,1.0,0.0
arm_EA,41520025,verum_acupuncture,0.8918954269012915,0.6138524612841191,1.8578064924052118,1.3981849083611297,0.7305002815878543,1.7192119306585445,-0.9932171868473819,2.0,1.0,1.0,2.0,25.0,8.0,1.0,1.0,1.0
arm_ML,41520025,sham_acupuncture,-1.0093850923373764,0.6138524612841191,-2.0412248638970243,0.9378482168132679,1.3631977860219513,-0.15300388713152396,1.0275403874775308,0.0,0.0,0.0,0.0,,8.0,1.0,1.0,1.0
arm_real,39368604,verum_acupuncture,0.14488119211343586,0.6138524612841191,0.664230767637363,-0.1520046683820242,0.8256170148413116,-0.3885428010339364,-0.025274170907989026,2.0,1.0,0.0,1.0,20.0,,1.0,1.0,1.0
arm_sham,39368604,sham_acupuncture,-0.48982036666002493,-0.05881071618371599,-1.3868514260157492,0.05842861077678764,0.15650741866962975,-0.8611079666925213,-1.0802199310711058,0.0,1.0,0.0,0.0,20.0,,1.0,1.0,0.0
arm_sham,39368604,healthy_control,-0.48982036666002493,-0.05881071618371599,-1.3868514260157492,0.05842861077678764,0.15650741866962975,-0.8611079666925213,-1.0802199310711058,0.0,1.0,0.0,0.0,20.0,,1.0,1.0,0.0
arm_verum_acupuncture,40800108,verum_acupuncture,0.6201366922254232,0.08350053538242556,0.663143023899589,0.4683362869927331,0.3337821527002024,2.9541579984617474,-0.911723176114921,2.0,1.0,1.0,0.0,,,0.0,1.0,1.0
arm_pharmacotherapy,40800108,medication,-1.266230394872189,-0.5891626420854096,-2.6143308164621724,-0.32333677120353754,-0.6569446309256938,0.17932454109884227,0.32547497355532556,0.0,0.0,0.0,0.0,,,0.0,1.0,0.0
arm_VCI_patients,40800108,other,-1.266230394872189,-1.331742149032278,-3.652884405783296,-0.3199332065156557,-0.9359924230734303,0.7093405737836369,0.4774388781241617,0.0,0.0,0.0,0.0,,,0.0,0.0,0.0
arm_healthy_controls,40800108,healthy_control,-1.266230394872189,-1.331742149032278,-3.652884405783296,-0.3199332065156557,-0.9359924230734303,0.7093405737836369,0.4774388781241617,0.0,0.0,0.0,0.0,,,0.0,0.0,0.0
arm_MCI_patients,40800108,other,-1.266230394872189,-1.331742149032278,-3.652884405783296,-0.3199332065156557,-0.9359924230734303,0.7093405737836369,0.4774388781241617,0.0,0.0,0.0,0.0,,,0.0,0.0,0.0
arm_acupuncture,41310834,verum_acupuncture,0.6622555205381033,-0.5891626420854096,1.1672209485641876,0.8420156221815925,-2.317488395940158,-0.6741259110695008,0.41831915001541625,2.0,1.0,0.0,2.0,30.0,20.0,0.0,1.0,0.0
arm_waitlist,41310834,waitlist,-1.266230394872189,-1.331742149032278,-3.652884405783296,-0.3199332065156557,-0.9359924230734303,0.7093405737836369,0.4774388781241617,0.0,0.0,0.0,0.0,,,0.0,0.0,0.0
arm_RA,39543627,verum_acupuncture,0.6622555205381033,0.6138524612841191,1.6063075282995547,1.6374582163270384,-0.1364764023077518,-0.9111137179321694,0.8792199896591881,2.0,1.0,0.0,2.0,30.0,20.0,1.0,1.0,1.0
arm_SA,39543627,sham_acupuncture,0.10313572371370312,0.6138524612841191,-0.01280846168520672,2.2056555784905156,0.26334004482949364,-0.6422166223077244,0.657260826318016,1.0,1.0,0.0,0.0,30.0,20.0,1.0,1.0,1.0
arm_SA,39543627,verum_acupuncture,0.10313572371370312,0.6138524612841191,-0.01280846168520672,2.2056555784905156,0.26334004482949364,-0.6422166223077244,0.657260826318016,1.0,1.0,0.0,0.0,30.0,20.0,1.0,1.0,1.0
arm_HC,39543627,healthy_control,-1.266230394872189,-0.8013902231305844,-3.7361424720361778,0.21349314101431444,-0.007639091824412519,-0.05873392498846229,-0.2676562998720553,0.0,0.0,0.0,0.0,,,1.0,0.0,0.0
arm_acupuncture,40660313,verum_acupuncture,0.3530636790686492,1.3564319682309876,2.444926456603091,0.22208835000904834,0.8258045514210465,-1.200897187619405,0.3311535242675664,2.0,1.0,0.0,2.0,20.0,10.0,1.0,2.0,1.0
arm_tDCS,40660313,active_control,0.14020301777582103,0.6138524612841191,-0.2067104903735515,1.8517087433759452,1.5668242945929254,1.9622666720398205,-0.9973764968898747,0.0,1.0,1.0,0.0,,10.0,1.0,1.0,1.0
arm_combined,40660313,other,0.8524126045199307,1.3564319682309876,2.9304121240473218,1.1545405867295535,1.1902950778413606,1.213971558104832,-1.1020677975491773,2.0,1.0,1.0,2.0,20.0,10.0,1.0,2.0,1.0
arm_SCD,40329319,other,,-1.0515872763421326,0.22514418790199558,-0.9474472625274698,-1.3553949787910948,-0.1515549941712679,-0.48617501055176066,,,,,,,0.0,,0.0
arm_MCI,40329319,other,,-1.0515872763421326,0.22514418790199558,-0.9474472625274698,-1.3553949787910948,-0.1515549941712679,-0.48617501055176066,,,,,,,0.0,,0.0
arm_AD,40329319,other,,-1.0515872763421326,0.22514418790199558,-0.9474472625274698,-1.3553949787910948,-0.1515549941712679,-0.48617501055176066,,,,,,,0.0,,0.0
arm_PD,40329319,other,,-1.0515872763421326,0.22514418790199558,-0.9474472625274698,-1.3553949787910948,-0.1515549941712679,-0.48617501055176066,,,,,,,0.0,,0.0
arm_MSA,40329319,other,,-1.0515872763421326,0.22514418790199558,-0.9474472625274698,-1.3553949787910948,-0.1515549941712679,-0.48617501055176066,,,,,,,0.0,,0.0
arm_PPA,40329319,other,,-1.0515872763421326,0.22514418790199558,-0.9474472625274698,-1.3553949787910948,-0.1515549941712679,-0.48617501055176066,,,,,,,0.0,,0.0
arm_PSA,40329319,other,,-1.0515872763421326,0.22514418790199558,-0.9474472625274698,-1.3553949787910948,-0.1515549941712679,-0.48617501055176066,,,,,,,0.0,,0.0
arm_Dys,40329319,other,,-1.0515872763421326,0.22514418790199558,-0.9474472625274698,-1.3553949787910948,-0.1515549941712679,-0.48617501055176066,,,,,,,0.0,,0.0
arm_CP,40329319,other,,-1.0515872763421326,0.22514418790199558,-0.9474472625274698,-1.3553949787910948,-0.1515549941712679,-0.48617501055176066,,,,,,,0.0,,0.0
arm_DoC,40329319,other,,-1.0515872763421326,0.22514418790199558,-0.9474472625274698,-1.3553949787910948,-0.1515549941712679,-0.48617501055176066,,,,,,,0.0,,0.0
arm_HC,40584525,healthy_control,-1.266230394872189,-1.331742149032278,-3.652884405783296,-0.3199332065156557,-0.9359924230734303,0.7093405737836369,0.4774388781241617,0.0,0.0,0.0,0.0,,,0.0,0.0,0.0
arm_true,40584525,verum_acupuncture,1.1012137605708372,0.08350053538242556,1.7546684648744713,3.8391886987485626,-1.905966959136589,-0.6790513943345317,2.8152417646258017,1.0,1.0,0.0,2.0,40.0,48.0,0.0,1.0,1.0
arm_sham,40584525,sham_acupuncture,1.1012137605708372,-0.5891626420854096,1.2323238188862222,3.577172452133087,-3.1586256215199775,-1.2101380862439624,1.6092457469858128,1.0,1.0,0.0,2.0,40.0,48.0,0.0,1.0,0.0
arm_sham,40584525,healthy_control,1.1012137605708372,-0.5891626420854096,1.2323238188862222,3.577172452133087,-3.1586256215199775,-1.2101380862439624,1.6092457469858128,1.0,1.0,0.0,2.0,40.0,48.0,0.0,1.0,0.0
arm_acupuncture,39468590,verum_acupuncture,1.0491789731285592,0.6138524612841191,1.905686629974044,2.3329851509571906,0.15918834552721614,1.782231040999736,-1.0992711631744807,3.0,1.0,1.0,1.0,30.0,15.0,1.0,1.0,1.0
arm_control,39468590,other,0.020912082032727153,-0.05881071618371599,-0.6308812311232987,1.6109661933954973,-0.8744117770647798,-1.1052028703830854,-0.720995601520854,1.0,1.0,0.0,0.0,30.0,15.0,1.0,1.0,0.0
arm_control,39468590,healthy_control,0.020912082032727153,-0.05881071618371599,-0.6308812311232987,1.6109661933954973,-0.8744117770647798,-1.1052028703830854,-0.720995601520854,1.0,1.0,0.0,0.0,30.0,15.0,1.0,1.0,0.0
arm_control,39468590,sham_acupuncture,0.020912082032727153,-0.05881071618371599,-0.6308812311232987,1.6109661933954973,-0.8744117770647798,-1.1052028703830854,-0.720995601520854,1.0,1.0,0.0,0.0,30.0,15.0,1.0,1.0,0.0
arm_control,39468590,medication,0.020912082032727153,-0.05881071618371599,-0.6308812311232987,1.6109661933954973,-0.8744117770647798,-1.1052028703830854,-0.720995601520854,1.0,1.0,0.0,0.0,30.0,15.0,1.0,1.0,0.0
arm_01,41022570,verum_acupuncture,0.00862058137480918,0.08350053538242556,0.7474888338902447,-0.6854310159119943,-0.1027363164077065,0.37953169773816287,0.719821007088228,2.0,1.0,0.0,1.0,20.0,1.0,0.0,1.0,1.0
AG,39089662,verum_acupuncture,0.6640469486643851,0.6138524612841191,1.8943043165148568,0.8465447095729204,-0.1624232830915777,-0.724294815889779,0.3600126098297872,3.0,1.0,0.0,2.0,30.0,10.0,1.0,1.0,1.0
SG,39089662,sham_acupuncture,-0.06131155964824883,-0.05881071618371599,-0.7266093545731419,1.2782930549159546,-0.7595049365756648,-1.0371024265490156,-0.893256011719735,1.0,1.0,0.0,0.0,30.0,10.0,1.0,1.0,0.0
AG,40634927,verum_acupuncture,0.5306976938485418,-0.05881071618371599,0.9307978847915568,0.8431649481442944,-1.2052841199085562,-1.3332396997070886,-0.6023926842990104,2.0,1.0,0.0,2.0,30.0,12.0,1.0,1.0,0.0
SG,40634927,sham_acupuncture,-0.19466081446409214,-0.05881071618371599,-1.1677711403081932,1.5369295401028042,-0.5497071110092547,-1.1149606184568948,-0.649665288208544,0.0,1.0,0.0,0.0,30.0,12.0,1.0,1.0,0.0
WG,40634927,waitlist,-1.1672544843648502,-1.331742149032278,-3.6720300304732647,-0.3864678342115642,-0.9130110549756073,0.722960662550451,0.44298679608438546,0.0,0.0,0.0,0.0,,0.0,0.0,0.0,0.0
arm_female,40995472,verum_acupuncture,0.007195313109936929,0.08350053538242556,1.3057303192259604,-1.9273756558215047,0.4450601708887697,0.36198544291413187,0.8476316293136266,2.0,1.0,0.0,2.0,6.33,1.0,0.0,1.0,1.0
arm_male,40995472,verum_acupuncture,0.007195313109936929,0.08350053538242556,1.3057303192259604,-1.9273756558215047,0.4450601708887697,0.36198544291413187,0.8476316293136266,2.0,1.0,0.0,2.0,6.33,1.0,0.0,1.0,1.0
arm_BP,41069516,verum_acupuncture,0.5543033130441384,0.6138524612841191,1.2425406591901513,0.373300290104776,0.30016959155088524,-0.6523320313627045,0.22463043090343973,2.0,1.0,0.0,2.0,30.0,,1.0,1.0,1.0
arm_HC,41069516,healthy_control,-1.266230394872189,-0.8013902231305844,-3.7361424720361778,0.21349314101431444,-0.007639091824412519,-0.05873392498846229,-0.2676562998720553,0.0,0.0,0.0,0.0,,,1.0,0.0,0.0
arm_conv,40950284,active_control,0.16577411805062597,-0.5891626420854096,0.22514418790199558,-0.9474472625274698,-1.3553949787910948,-0.1515549941712679,-0.48617501055176066,2.0,1.0,0.0,1.0,,,0.0,1.0,0.0
arm_yyhat,40950284,verum_acupuncture,0.16577411805062597,-0.5891626420854096,0.22514418790199558,-0.9474472625274698,-1.3553949787910948,-0.1515549941712679,-0.48617501055176066,2.0,1.0,0.0,1.0,,,0.0,1.0,0.0
arm_ST36,41601526,verum_acupuncture,0.16577411805062597,0.08350053538242556,0.7474888338902447,-0.6854310159119943,-0.1027363164077065,0.37953169773816287,0.719821007088228,2.0,1.0,0.0,1.0,,,0.0,1.0,1.0
arm_GB34,41601526,verum_acupuncture,0.16577411805062597,0.08350053538242556,0.7474888338902447,-0.6854310159119943,-0.1027363164077065,0.37953169773816287,0.719821007088228,2.0,1.0,0.0,1.0,,,0.0,1.0,1.0
arm_SLIM,41601526,healthy_control,-1.266230394872189,-1.331742149032278,-3.652884405783296,-0.3199332065156557,-0.9359924230734303,0.7093405737836369,0.4774388781241617,0.0,0.0,0.0,0.0,,,0.0,0.0,0.0
arm_FCP,41601526,healthy_control,-1.266230394872189,-1.331742149032278,-3.652884405783296,-0.3199332065156557,-0.9359924230734303,0.7093405737836369,0.4774388781241617,0.0,0.0,0.0,0.0,,,0.0,0.0,0.0
arm_AD,39877657,other,-0.23744516740794455,0.08350053538242556,0.7330755298898124,-1.9546850578527328,0.6680768006171074,0.5563855457981767,0.6321320483656885,2.0,1.0,0.0,1.0,3.0,1.0,0.0,1.0,1.0
arm_NC,39877657,healthy_control,-0.23744516740794455,0.08350053538242556,0.7330755298898124,-1.9546850578527328,0.6680768006171074,0.5563855457981767,0.6321320483656885,2.0,1.0,0.0,1.0,3.0,1.0,0.0,1.0,1.0
arm_healthy100,39877657,healthy_control,,-1.0515872763421326,0.22514418790199558,-0.9474472625274698,-1.3553949787910948,-0.1515549941712679,-0.48617501055176066,,,,,,,0.0,,0.0
AG,41351443,verum_acupuncture,1.0826388012266634,0.4715412097179774,1.554294568144628,2.3608390400746493,0.26520280118973155,0.25414515737270166,-2.4188659400596797,2.0,1.0,1.0,2.0,20.0,24.0,2.0,1.0,0.0
SG,41351443,sham_acupuncture,-0.14206863253725197,0.4715412097179774,-1.0297601243993528,2.122151395312654,0.5562892836687189,-1.9424445071013412,-1.0329172221524696,0.0,1.0,0.0,0.0,20.0,24.0,2.0,1.0,0.0
arm_IDSA,40881782,verum_acupuncture,0.21107686482040033,1.3564319682309876,1.7931627992783856,-0.25115606945909597,1.2883974260635094,-1.1289344030923307,0.19577134534121896,1.0,1.0,0.0,2.0,,,1.0,2.0,1.0
arm_sham,40881782,sham_acupuncture,-0.03828120241195021,1.3564319682309876,1.3137097641633975,-0.1255888396640635,1.5441579878255656,-1.1795524174665817,0.37045790477285756,0.0,1.0,0.0,2.0,,,1.0,2.0,1.0
arm_sham,40881782,healthy_control,-0.03828120241195021,1.3564319682309876,1.3137097641633975,-0.1255888396640635,1.5441579878255656,-1.1795524174665817,0.37045790477285756,0.0,1.0,0.0,2.0,,,1.0,2.0,1.0
arm_HC,40881782,healthy_control,-1.266230394872189,-1.331742149032278,-3.652884405783296,-0.3199332065156557,-0.9359924230734303,0.7093405737836369,0.4774388781241617,0.0,0.0,0.0,0.0,,,0.0,0.0,0.0
arm_real_acu,41591775,verum_acupuncture,0.5306976938485418,0.6138524612841191,1.4531425307798058,1.10518119475977,0.04737454247483228,-0.8021530077976579,0.6036033333409783,2.0,1.0,0.0,2.0,30.0,12.0,1.0,1.0,1.0
arm_sham_acu,41591775,sham_acupuncture,0.16801843969222482,0.6138524612841191,0.40385801822993106,1.452063490739025,0.3751630469244829,-0.693013467172561,0.5799670313862115,1.0,1.0,0.0,1.0,30.0,12.0,1.0,1.0,1.0
arm_acupuncture,40772121,verum_acupuncture,0.6622555205381033,1.1442043871858125,1.523049462046673,2.1708845638570082,0.7918769289412662,-1.6791882167042689,0.13412481166297116,2.0,1.0,0.0,2.0,30.0,20.0,2.0,1.0,1.0
arm_placebo,40772121,sham_acupuncture,0.10313572371370312,0.4715412097179774,-0.6184111739263374,2.47706567940501,-0.0609652863048769,-1.9413778129892545,-1.2938303693181896,1.0,1.0,0.0,0.0,30.0,20.0,2.0,1.0,0.0
arm_placebo,40772121,placebo,0.10313572371370312,0.4715412097179774,-0.6184111739263374,2.47706567940501,-0.0609652863048769,-1.9413778129892545,-1.2938303693181896,1.0,1.0,0.0,0.0,30.0,20.0,2.0,1.0,0.0
arm_waiting,40772121,waitlist,-1.1672544843648502,-0.271038297228891,-3.838546162979028,0.680384860848376,0.9436956075224284,-0.8131883349937477,-1.0472035599080485,0.0,0.0,0.0,0.0,,0.0,2.0,0.0,0.0
arm_healthy,40772121,healthy_control,,2.230197842253275,0.5809727013844813,0.38142167914794584,1.7539703460903293,-1.156617299806036,-0.7703693489042059,,,,,,,2.0,,
arm_responders,40847552,verum_acupuncture,0.23558878116328738,0.08350053538242556,0.8516953714579892,0.39386214723857105,-0.6710626374996528,0.20739957857467317,0.9436631577121325,2.0,1.0,0.0,1.0,30.0,6.0,0.0,1.0,1.0
arm_nonresponders,40847552,verum_acupuncture,0.23558878116328738,0.08350053538242556,0.8516953714579892,0.39386214723857105,-0.6710626374996528,0.20739957857467317,0.9436631577121325,2.0,1.0,0.0,1.0,30.0,6.0,0.0,1.0,1.0
arm_CID_crosssec,40022556,other,-1.266230394872189,-0.8013902231305844,-3.7361424720361778,0.21349314101431444,-0.007639091824412519,-0.05873392498846229,-0.2676562998720553,0.0,0.0,0.0,0.0,,,1.0,0.0,0.0
arm_HC_crosssec,40022556,healthy_control,-1.266230394872189,-0.8013902231305844,-3.7361424720361778,0.21349314101431444,-0.007639091824412519,-0.05873392498846229,-0.2676562998720553,0.0,0.0,0.0,0.0,,,1.0,0.0,0.0
arm_acupuncture,40022556,verum_acupuncture,0.6622555205381033,1.3564319682309876,2.644861117620678,1.6340546516391565,0.14257138983998482,-1.4411297506169645,0.727256085090352,2.0,1.0,0.0,2.0,30.0,20.0,1.0,2.0,1.0
arm_waitlist,40022556,waitlist,-1.266230394872189,-0.1287270456627493,-3.2137978260479287,0.47550938762978995,1.2450195705589757,0.47235276692096845,0.9383397177679333,0.0,0.0,0.0,0.0,,,1.0,0.0,1.0
arm_SSRIs,39648209,medication,-1.266230394872189,1.1442043871858125,-2.2585023029796867,1.0055321704718783,2.4524206939557303,-0.8257377645359257,0.04128063520288037,0.0,0.0,0.0,0.0,,,2.0,1.0,1.0
arm_SSRIs_SIA,39648209,sham_acupuncture,-1.266230394872189,1.1442043871858125,-2.2585023029796867,1.0055321704718783,2.4524206939557303,-0.8257377645359257,0.04128063520288037,0.0,0.0,0.0,0.0,,,2.0,1.0,1.0
arm_SSRIs_AIA,39648209,verum_acupuncture,-0.023800587778136394,1.1442043871858125,0.27383028847921076,1.1058005582061552,1.8028985949719785,-1.3298161130816124,-0.28561405111458116,1.0,1.0,0.0,1.0,,10.0,2.0,1.0,1.0
arm_HC,39648209,healthy_control,-1.266230394872189,-0.271038297228891,-3.8194005382890595,0.7469194885442845,0.9207142394246054,-0.8268084237605616,-1.0127514778682722,0.0,0.0,0.0,0.0,,,2.0,0.0,0.0
arm_MDD_MRI,39648209,verum_acupuncture,0.03432499739265542,0.08350053538242556,0.8378672762101433,-0.7811788523011842,0.08099630266675498,0.16915612836456356,1.092830427906272,1.0,1.0,0.0,2.0,,1.0,0.0,1.0,1.0
BC_HF,40974865,verum_acupuncture,0.17568586600774405,1.3564319682309876,1.8750949791682046,0.4434034161932708,0.8978324941086411,-1.0411396326200568,0.132830662881161,2.0,1.0,0.0,1.0,,10.0,1.0,2.0,1.0
BC_NF,40974865,active_control,,-0.2560593874895923,0.14188612164911396,-0.41402091499749977,-0.4270416475420769,-0.9196294929433672,-1.2312701885479778,,,,,,,1.0,,0.0
NC,40974865,healthy_control,,-0.2560593874895923,0.14188612164911396,-0.41402091499749977,-0.4270416475420769,-0.9196294929433672,-1.2312701885479778,,,,,,,1.0,,0.0
arm_verum_acu,39654647,verum_acupuncture,0.16577411805062597,-0.5891626420854096,0.22514418790199558,-0.9474472625274698,-1.3553949787910948,-0.1515549941712679,-0.48617501055176066,2.0,1.0,0.0,1.0,,,0.0,1.0,0.0
arm_sham_acu,39654647,sham_acupuncture,-0.3782447631838495,-0.5891626420854096,-0.8241403246478791,-0.6005649665482149,-1.0276064743414441,-0.04241545354617092,-0.5098113125065274,1.0,1.0,0.0,0.0,,,0.0,1.0,0.0
arm_other_therapy,39654647,active_control,-1.266230394872189,-0.5891626420854096,-2.6143308164621724,-0.32333677120353754,-0.6569446309256938,0.17932454109884227,0.32547497355532556,0.0,0.0,0.0,0.0,,,0.0,1.0,0.0
arm_healthy_control,39654647,healthy_control,-1.266230394872189,-1.331742149032278,-3.652884405783296,-0.3199332065156557,-0.9359924230734303,0.7093405737836369,0.4774388781241617,0.0,0.0,0.0,0.0,,,0.0,0.0,0.0
arm_TTH,40963943,other,-0.1940217999756939,-0.5891626420854096,0.2132744081369337,-1.9927152970669015,-0.7206077059471305,-0.005910648710079946,-0.5583894471467933,2.0,1.0,0.0,1.0,6.0,1.0,0.0,1.0,0.0
arm_HC,40963943,healthy_control,-0.1940217999756939,-0.5891626420854096,0.2132744081369337,-1.9927152970669015,-0.7206077059471305,-0.005910648710079946,-0.5583894471467933,2.0,1.0,0.0,1.0,6.0,1.0,0.0,1.0,0.0
arm_TTH_pain,40963943,other,-0.1940217999756939,-0.5891626420854096,0.2132744081369337,-1.9927152970669015,-0.7206077059471305,-0.005910648710079946,-0.5583894471467933,2.0,1.0,0.0,1.0,6.0,1.0,0.0,1.0,0.0
arm_TTH_deqi,40963943,other,-0.1940217999756939,-0.5891626420854096,0.2132744081369337,-1.9927152970669015,-0.7206077059471305,-0.005910648710079946,-0.5583894471467933,2.0,1.0,0.0,1.0,6.0,1.0,0.0,1.0,0.0
arm_HC_pain,40963943,healthy_control,-0.1940217999756939,-0.5891626420854096,0.2132744081369337,-1.9927152970669015,-0.7206077059471305,-0.005910648710079946,-0.5583894471467933,2.0,1.0,0.0,1.0,6.0,1.0,0.0,1.0,0.0
arm_HC_deqi,40963943,healthy_control,-0.1940217999756939,-0.5891626420854096,0.2132744081369337,-1.9927152970669015,-0.7206077059471305,-0.005910648710079946,-0.5583894471467933,2.0,1.0,0.0,1.0,6.0,1.0,0.0,1.0,0.0
arm_BP_acupuncture,41602988,verum_acupuncture,0.5298165612300494,0.15341686486145903,2.1207136250075354,-0.17414647796094598,-1.493095650798298,-1.04562991335762,0.0769651768624521,2.0,1.0,0.0,2.0,,16.0,0.0,2.0,0.0
arm_rest,39499594,other,-1.1475208103614158,-1.331742149032278,-3.652884405783296,-0.3199332065156557,-0.9359924230734303,0.7093405737836369,0.4774388781241617,0.0,0.0,0.0,0.0,,1.0,0.0,0.0,0.0
arm_LT,39499594,verum_acupuncture,-0.06995353636136174,0.08350053538242556,1.3012113245011188,-2.3253241289711597,0.6867327540500789,0.4174343258647127,0.8201385616670891,2.0,1.0,0.0,2.0,1.0,1.0,0.0,1.0,1.0
arm_TR,39499594,verum_acupuncture,-0.06995353636136174,0.08350053538242556,1.3012113245011188,-2.3253241289711597,0.6867327540500789,0.4174343258647127,0.8201385616670891,2.0,1.0,0.0,2.0,1.0,1.0,0.0,1.0,1.0
VA,42131703,verum_acupuncture,0.39913986715898025,1.1442043871858125,1.2167194670071753,1.1063305207224716,1.159578818506434,-1.4612667964352457,-0.41710850097344854,2.0,1.0,0.0,2.0,30.0,4.0,2.0,1.0,1.0
SA,42131703,sham_acupuncture,-0.15997992966542,1.1442043871858125,-0.40239652297758627,1.6745278828859491,1.5593952656436794,-1.1923697008108007,-0.6390676643146206,1.0,1.0,0.0,0.0,30.0,4.0,2.0,1.0,1.0
arm_mdd,42077350,verum_acupuncture,-0.2014036538090445,0.08350053538242556,0.2680357987752566,-0.5598637861169619,0.15302424535434964,0.32891368336391175,0.8945075665198666,1.0,1.0,0.0,1.0,,1.0,0.0,1.0,1.0
arm_hc,42077350,healthy_control,-1.266230394872189,-1.331742149032278,-3.652884405783296,-0.3199332065156557,-0.9359924230734303,0.7093405737836369,0.4774388781241617,0.0,0.0,0.0,0.0,,,0.0,0.0,0.0
arm_control,41657421,other,-1.266230394872189,-0.1287270456627493,-3.2137978260479287,0.47550938762978995,1.2450195705589757,0.47235276692096845,0.9383397177679333,0.0,0.0,0.0,0.0,,,1.0,0.0,1.0
arm_control,41657421,healthy_control,-1.266230394872189,-0.1287270456627493,-3.2137978260479287,0.47550938762978995,1.2450195705589757,0.47235276692096845,0.9383397177679333,0.0,0.0,0.0,0.0,,,1.0,0.0,1.0
arm_control,41657421,sham_acupuncture,-1.266230394872189,-0.1287270456627493,-3.2137978260479287,0.47550938762978995,1.2450195705589757,0.47235276692096845,0.9383397177679333,0.0,0.0,0.0,0.0,,,1.0,0.0,1.0
arm_control,41657421,medication,-1.266230394872189,-0.1287270456627493,-3.2137978260479287,0.47550938762978995,1.2450195705589757,0.47235276692096845,0.9383397177679333,0.0,0.0,0.0,0.0,,,1.0,0.0,1.0
arm_study,41657421,verum_acupuncture,1.1301107086110982,1.3564319682309876,2.7052018910318703,2.5734789514401295,0.8486583947681414,1.1285675153015287,-0.6802531822196104,2.0,1.0,1.0,1.0,,28.0,1.0,2.0,1.0
arm_sham,41641330,sham_acupuncture,-1.266230394872189,-0.8013902231305844,-3.7361424720361778,0.21349314101431444,-0.007639091824412519,-0.05873392498846229,-0.2676562998720553,0.0,0.0,0.0,0.0,,,1.0,0.0,0.0
arm_sham,41641330,healthy_control,-1.266230394872189,-0.8013902231305844,-3.7361424720361778,0.21349314101431444,-0.007639091824412519,-0.05873392498846229,-0.2676562998720553,0.0,0.0,0.0,0.0,,,1.0,0.0,0.0
arm_model,41641330,other,-1.266230394872189,-0.8013902231305844,-3.7361424720361778,0.21349314101431444,-0.007639091824412519,-0.05873392498846229,-0.2676562998720553,0.0,0.0,0.0,0.0,,,1.0,0.0,0.0
arm_ea,41641330,verum_acupuncture,0.5220524356102904,-0.1287270456627493,-0.37360771879664073,2.017924734665242,0.4377427388073602,2.5575875019777667,-1.3154643809581736,2.0,1.0,1.0,0.0,30.0,5.0,1.0,0.0,1.0
VA,41999225,verum_acupuncture,0.6109009709953244,0.6138524612841191,1.8858259023969555,0.09992468490189772,0.2909961975112538,-0.6202631405603589,0.3084308694047639,3.0,1.0,0.0,2.0,,10.0,1.0,1.0,1.0
SA,41999225,sham_acupuncture,0.6109009709953244,0.6138524612841191,1.8858259023969555,0.09992468490189772,0.2909961975112538,-0.6202631405603589,0.3084308694047639,3.0,1.0,0.0,2.0,,10.0,1.0,1.0,1.0
SC,41999225,medication,-0.890983048316771,0.4016248802389441,-3.048162771331218,1.873885895206571,1.8746151165362948,-0.4727828858197121,0.6411216062888074,0.0,0.0,0.0,0.0,,14.0,2.0,0.0,1.0
PB,41999225,placebo,-0.890983048316771,0.4016248802389441,-3.048162771331218,1.873885895206571,1.8746151165362948,-0.4727828858197121,0.6411216062888074,0.0,0.0,0.0,0.0,,14.0,2.0,0.0,1.0
WL,41999225,waitlist,-1.1672544843648502,-1.331742149032278,-3.6720300304732647,-0.3864678342115642,-0.9130110549756073,0.722960662550451,0.44298679608438546,0.0,0.0,0.0,0.0,,0.0,0.0,0.0,0.0
AG,41999225,verum_acupuncture,0.6109009709953244,0.6138524612841191,1.8858259023969555,0.09992468490189772,0.2909961975112538,-0.6202631405603589,0.3084308694047639,3.0,1.0,0.0,2.0,,10.0,1.0,1.0,1.0
arm_tx,41834818,verum_acupuncture,0.7660357351606776,0.08350053538242556,1.0874755000668552,2.250297146105011,-0.32658796649115884,2.4082092447228916,0.09855337980434219,1.0,1.0,1.0,1.0,30.0,18.0,0.0,1.0,1.0
arm_hc,41834818,healthy_control,-1.266230394872189,-1.331742149032278,-3.652884405783296,-0.3199332065156557,-0.9359924230734303,0.7093405737836369,0.4774388781241617,0.0,0.0,0.0,0.0,,,0.0,0.0,0.0
