record_id,original_title,best_pmid,best_match_title,title_match_score,search_strategy,has_abstract,pubmed_doi,outcome
DUP_00347,Application and exploration of fNIRS in brain function mechanism of acupuncture against insomnia,,,0.0,,False,,no_match_found
DUP_00550,Clinical Efficacy of Electroacupuncture for Generalized Anxiety Disorder and Its Central Mechanism Based on Neuroimaging Changes,41281520,Efficacy of electroacupuncture for cervical spondylosis-related pain in patients with generalized anxiety disorder.,0.438,phrase_search,True,10.5498/wjp.v15.i11.108288,low_confidence_match
DUP_01247,Mechanism of Acupuncture at GB34 in Modulating Brain Functional Networks with Post-Stroke Hemiplegia: An Interpretable Graph Neural Network Study,24734113,Acupuncture modulates the functional connectivity of the default mode network in stroke patients.,0.263,phrase_search,True,10.1155/2014/765413,low_confidence_match
DUP_01766,The Effect of Acupuncture Therapy on Cognitive Function in Post-COVID-19 Myalgic Encephalomyelitis/Chronic Fatigue Syndrome: A Study With Multimodal Magnetic Resonance Imaging,42136829,"Acupuncture for cognitive functions in post-COVID-19 condition: study protocol of a three-armed, randomized controlled trial with multimodal MRI.",0.429,phrase_search,True,10.3389/fmed.2026.1796351,low_confidence_match
DUP_01767,The Effect of Acupuncture Treatment on Cognitive Functions and Brain Networks for Long COVID: a Multimodal Magnetic Resonance Imaging Study,42136829,"Acupuncture for cognitive functions in post-COVID-19 condition: study protocol of a three-armed, randomized controlled trial with multimodal MRI.",0.4,phrase_search,True,10.3389/fmed.2026.1796351,low_confidence_match
DUP_00184,Acupuncture Modulates Brain Connectivity and Outcomes of Pain and Vaso-occlusive Crisis in Patients with Sickle Cell Disease,41086064,Immediate Modulations of Cheek Acupuncture on Brain Oscillations and Connectivity in Individuals With Chronic Pain.,0.5,phrase_search,True,10.1109/TNSRE.2025.3621122,possible_match
DUP_00240,Acupuncture Therapy for Insomnia: An Alternative Therapy for the Modulation of Brain Functions,40022556,Cerebral Blood Flow Changes and Their Spatial Correlations With GABAa and Dopamine-D1 Receptor Explaining Individual Differences in Chronic Insomnia and the Therapeutic Effects of Acupuncture.,0.364,key_phrases,True,10.1002/hbm.70183,low_confidence_match
DUP_00579,"Comparison of two electroacupuncture regimens on symptoms and brain structures in breast cancer survivors: A randomized, controlled trial.",31621251,[Catheter balloon dilation combined with acupuncture for cricopharyngeal achalasia after brain stem infarction: a randomized controlled trial].,0.278,short_title_field,True,10.13703/j.0255-2930.2019.10.001,low_confidence_match
DUP_00933,Electroacupuncture Links Nociceptive and Nociplastic Pain via Brain Activation in Fibromyalgia,41520025,Brain sensory network activity underlies reduced nociceptive initiated and nociplastic pain via acupuncture in fibromyalgia.,0.727,key_phrases,True,10.1038/s43856-025-01280-0,found_with_abstract
DUP_00326,Analgesic effect of electroacupuncture on pain in Parkinson's disease and mechanism based on rs-fMRI,32630156,Effect of Acupuncture on the p38 Signaling Pathway in Several Nervous System Diseases: A Systematic Review.,0.308,phrase_search,True,10.3390/ijms21134693,low_confidence_match
DUP_00327,Analgesic Effect of Electroacupuncture on Relieving Pain in Parkinson's disease (PD) and the Mechanism Based on RS-fMRI,,,0.0,,False,,no_match_found
DUP_00883,Efficacy and Mechanism Study of Acupuncture Combined With Neuromodulation Technology for Post-Stroke Aphasia Based on Multimodal Functional Magnetic Resonance Imaging,40772121,Effect of Acupuncture on Functional Connectivity of the Limbic Network in Patients with Knee Osteoarthritis: A Resting State Functional Magnetic Resonance Imaging Study.,0.45,phrase_search,True,10.2147/JPR.S519308,low_confidence_match
DUP_00885,Efficacy and Olfactory Network of Electro-acupuncture for Subjective Cognitive Decline: A Multicenter Randomized Controlled Trial and fMRI Study,,,0.0,,False,,no_match_found
DUP_00978,Evaluation of Therapeutic Effect and Brain Mechanism of Electroacupuncture in Treating Agitation Symptoms of Alzheimer's Disease,41232708,Effect of electroacupuncture on lncRNAs and mRNAs profiles of ischemic brain injury in middle cerebral artery occlusion rat model.,0.429,phrase_search,True,10.1016/j.neuroscience.2025.11.005,low_confidence_match
DUP_01256,Mechanistic investigation of acupuncture treatment in patients with migraine: Evidence from brain imaging study (I),,,0.0,,False,,no_match_found
DUP_01688,Study on Imaging Characteristics and Predictive Radiology of Brain Network Regulation by Acupuncture in Patients with Painful Temporomandibular Disorders,39427869,Multimodal investigation of dynamic brain network alterations in autism spectrum disorder: Linking connectivity dynamics to symptoms and developmental trajectories.,0.263,short_title_field,True,10.1016/j.neuroimage.2024.120895,low_confidence_match
DUP_01714,Temporal-Spatial Acupuncture Effects on Poststroke Sensorimotor Cortex via Yanglingquan (GB34),,,0.0,,False,,no_match_found
DUP_01929,Uncovering the mechanisms by which acupuncture improves motor function after stroke through neuroplasticity revealed by magnetic resonance imaging techniques,36781899,Electroacupuncture improves swallowing function in a post-stroke dysphagia mouse model by activating the motor cortex inputs to the nucleus tractus solitarii through the parabrachial nuclei.,0.333,short_title_field,True,10.1038/s41467-023-36448-6,low_confidence_match
DUP_00331,Analysis of changes in connectivity of resting brain functional network before and after acupuncture combined with language rehabilitation training in patients with basal ganglia aphasia after stroke,42131703,Functional connectivity changes in the thalamocortical network due to neck pain and the multiscale regulatory effects of acupuncture: a cross-scale multi-omics neuroimaging study.,0.348,phrase_search,True,10.3389/fnins.2026.1783910,low_confidence_match
DUP_00561,Cognitive Training to Enhance Brain-to-brain Concordance During Acupuncture,,,0.0,,False,,no_match_found
DUP_00613,"Corrigendum: Altered Functional Activity and Functional Connectivity of Seed Regions Based on ALFF Following Acupuncture Treatment in Patients with Stroke Sequelae with Unilateral Limb Numbness (Neuropsychiatr Dis Treat. 2023, 19, 233–245)",36819999,Erratum: Altered Functional Activity and Functional Connectivity of Seed Regions Based on ALFF Following Acupuncture Treatment in Patients with Stroke Sequelae with Unilateral Limb Numbness [Corrigendum].,0.793,phrase_search,True,10.2147/NDT.S408402,found_with_abstract
DUP_00616,"Corrigendum: Modulations of static and dynamic functional connectivity among brain networks by electroacupuncture in post-stroke aphasia (Front. Neurol., (2022), 13, 956931, 10.3389/fneur.2022.956931)",36846148,Corrigendum: Modulations of static and dynamic functional connectivity among brain networks by electroacupuncture in post-stroke aphasia.,0.727,phrase_search,True,10.3389/fneur.2023.1148220,found_with_abstract
DUP_01511,Probing the flexible internal state transition and low-dimensional manifold dynamics of human brain with acupuncture,,,0.0,,False,,no_match_found
DUP_00820,"Effects and Central Mechanism of Electroacupuncture and MRI-navigated rTMS for PSD: a fMRI-based Single-center, Randomized, Controlled, Assessor-blinded Trial",38250275,"Effects and central mechanism of electroacupuncture and MRI-navigated rTMS for PSD: study protocol for an fMRI-based single-center, randomized, controlled, open-label trial.",0.882,phrase_search,True,10.3389/fpsyt.2023.1226777,found_with_abstract
DUP_01182,Investigating the Effects of Autonomous Sensory Meridian Response (ASMR) Stimulation on the Functional Connectivity of the Default Mode Network,38742274,Autonomous Sensory Meridian Response (ASMR) and the Functions of Consciousness.,0.438,phrase_search,True,10.1111/cogs.13453,low_confidence_match
DUP_01569,Research on resting spontaneous brain activity and functional connectivity of acupuncture at uterine acupoints,42099977,Effects of non-invasive brain stimulation on spontaneous neural activity in post-stroke aphasia: a protocol for a coordinate-based meta-analysis of fALFF studies.,0.357,phrase_search,True,10.3389/fneur.2026.1820631,low_confidence_match
DUP_01684,Study on brain network function of the specific connection between Hégǔ (合谷LI4) and the facial-oral area,24906968,Acupuncture stimulation of Taichong (Liv3) and Hegu (LI4) modulates the default mode network activity in Alzheimer's disease.,0.333,short_title_field,True,10.1177/1533317514536600,low_confidence_match
DUP_01771,The Effect of Laser Acupuncture in Different Meridians on the Autonomic Nervous System and Its Brain Mechanisms,27886247,Acupuncture and Moxibustion have Different Effects on Fatigue by Regulating the Autonomic Nervous System: A Pilot Controlled Clinical Trial.,0.5,phrase_search,True,10.1038/srep37846,possible_match
DUP_00250,Acupuncture Treatment Modulates the Hypothalamus Functional Connectivity in Patients With Chronic Insomnia Disorder,33664320,Peripheral ERK modulates acupuncture-induced brain neural activity and its functional connectivity.,0.231,phrase_search,True,10.1038/s41598-021-84273-y,low_confidence_match
DUP_00335,Analysis of the differences in brain function response after acupuncture and moxibustion at Zúsānlĭ (足三里ST36) in the patients with functional dyspepsia based on fractional amplitude of low frequency fluctuation of rest functional magnetic resonance imaging,30773866,[Brain regions responding to acupuncture stimulation of Zusanli (ST36) in healthy subjects analyzed on the basis of spontaneous brain activity].,0.233,key_phrases,True,10.13702/j.1000-0607.180138,low_confidence_match
DUP_00521,Changed ACC-DMN functional connectivity after acupuncture with deqi for functional dyspepsia treatment,,,0.0,,False,,no_match_found
DUP_00612,"Corrigendum: Acupuncture With deqi Modulates the Hemodynamic Response and Functional Connectivity of the Prefrontal-Motor Cortical Network (Front. Neurosci., (2021), 15, (693623), 10.3389/fnins.2021.693623)",34858134,Corrigendum: Acupuncture With deqi Modulates the Hemodynamic Response and Functional Connectivity of the Prefrontal-Motor Cortical Network.,0.714,phrase_search,True,10.3389/fnins.2021.773069,found_with_abstract
DUP_00810,Effect of “three-tong acupuncture” on brain function of patients with spinal cord injury based on magnetic resonance technology,38088802,Spinal Neuronal miR-124 Inhibits Microglial Activation and Contributes to Preventive Effect of Electroacupuncture on Chemotherapy-Induced Peripheral Neuropathy in Mice.,0.25,phrase_search,True,10.4049/jimmunol.2300539,low_confidence_match
DUP_00819,Effectiveness of Yamamoto's New Skull Acupuncture (YNSA) on Resting State Brain Networks,,,0.0,,False,,no_match_found
DUP_01308,Multi-brain functional connectivity during electro-acupuncture in patient-clinician dyads: an electroencephalography (EEG) hyperscan approach,,,0.0,,False,,no_match_found
DUP_01309,Multi-brain functional connectivity during electro-acupuncture in patientclinician dyads: An electroencephalography (EEG) hyperscan approach,,,0.0,,False,,no_match_found
DUP_01333,Neural and behavioral correlates of patient-clinician therapeutic alliance in a longitudinal acupuncture intervention: An fMRI hyper-scanning study,,,0.0,,False,,no_match_found
DUP_01539,Randomized Propective Study Evaluating the Impact of an Acupuncture Session in Healthy Volunteers on the Kinetics of Cerebral Activity Using the Bispectral Index (BIS),,,0.0,,False,,no_match_found
DUP_01624,S1 functional connectivity during rest and electro-acupuncture tracks median nerve and patient function improvement following acupuncture for carpal tunnel syndrome,22173193,Nosocomial infection following video-assisted thoracoscopic surgery.,0.053,doi_search,True,,low_confidence_match
DUP_00620,Corrigendum to “Multivariate resting-state functional connectivity predicts responses to real and sham acupuncture treatment in chronic low back pain” [Neuroimage Clinical 23 (2019) 101885](S2213158219302359)(10.1016/j.nicl.2019.101885),31839331,"Corrigendum to ""Multivariate resting-state functional connectivity predicts responses to real and sham acupuncture treatment in chronic low back pain"" [Neuroimage Clinical 23 (2019) 101885].",0.957,phrase_search,False,10.1016/j.nicl.2019.102093,found_no_abstract
DUP_01793,The functional connectivity of ACC subregions with the DMN participates in the efficacy of acupuncture with deqi on functional dyspepsia,41398163,Symptom-specific alterations in subregional intrinsic connectivity of anterior cingulate cortex in major depressive disorder.,0.2,phrase_search,True,10.1038/s41398-025-03758-w,low_confidence_match
DUP_01816,The Long-Term Effects of Acupuncture on Hippocampal Functional Connectivity in aMCI with Hippocampal Atrophy: A Randomized Longitudinal fMRI Study,36621587,Effects of acupuncture on regulating the hippocampal inflammatory response in rats exposed to post-traumatic stress disorder.,0.389,phrase_search,True,10.1016/j.neulet.2023.137056,low_confidence_match
DUP_00098,Acupuncture analgesia for low back pain is associated with greater pressure pain-evoked activation in dorsolateral prefrontal cortex and a reduction in hyperalgesia,33107921,Effect of Electroacupuncture vs Sham Treatment on Change in Pain Severity Among Adults With Chronic Low Back Pain: A Randomized Clinical Trial.,0.286,phrase_search,True,10.1001/jamanetworkopen.2020.22787,low_confidence_match
DUP_00217,Acupuncture promotes sensorimotor network neuroplasticity in fibromyalgia,,,0.0,,False,,no_match_found
DUP_00297,Amplitude changes in low frequency fluctuation in brains of primary dysmenorrheal treated by acupuncture: A resting-state fMRI study,22227618,MRI assessment of amplitude of low-frequency fluctuation in rat brains with acute cerebral ischemic stroke.,0.294,short_title_field,True,10.1016/j.neulet.2011.12.036,low_confidence_match
DUP_00440,"Brain Connectome for Migraine Patients Treated Via Acupuncture: A Randomized, Controlled Study Under Single-blind Conditions, With a Placebo Group and Magnetic Resonance Imaging (MRI)",,,0.0,,False,,no_match_found
DUP_00503,Cerebral cortex functional connection analysis of magnetic stimulation at neiguan acupoint (PC6) based on complex network,27630699,Magnetic stimulation at Neiguan (PC6) acupoint increases connections between cerebral cortex regions.,0.5,key_phrases,True,10.4103/1673-5374.187053,possible_match
DUP_00619,"Corrigendum to ‘Multivariate resting-state functional connectivity predicts responses to real and sham acupuncture treatment in chronic low back pain’ Neuroimage Clinical, 23, 2019, 101885 (NeuroImage: Clinical (2019) 23, (S2213158219302359), (10.1016/j.nicl.2019.101885))",31839331,"Corrigendum to ""Multivariate resting-state functional connectivity predicts responses to real and sham acupuncture treatment in chronic low back pain"" [Neuroimage Clinical 23 (2019) 101885].",0.92,phrase_search,False,10.1016/j.nicl.2019.102093,found_no_abstract
DUP_01000,Exploring the effect on cerebral blood flow after acupuncture in elderly normal subjects using (99m)Tc-ECD imaging,35502338,Effects of Early Acupuncture Combined with Rehabilitation Training on Limb Function and Nerve Injury Rehabilitation in Elderly Patients with Stroke: Based on a Retrospective Cohort Study.,0.25,short_title_field,True,10.1155/2022/8557936,low_confidence_match
DUP_01395,Neuromechanism of acupuncture on Parkinson's disease tremor: A resting state fMRI study,,,0.0,,False,,no_match_found
DUP_01396,Neuromodulation by electroacupuncture for migraine: An analysis using resting state functional magnetic resonance imaging,,,0.0,,False,,no_match_found
DUP_01464,Phantom acupuncture: Dissociation of somatosensory and cognitive/affective component of acupuncture effects in functional brain connectivity,31636536,Differential Influence of Acupuncture Somatosensory and Cognitive/Affective Components on Functional Brain Connectivity and Pain Reduction During Low Back Pain State.,0.615,phrase_search,True,10.3389/fnins.2019.01062,possible_match
DUP_01495,Potential Role of Acupuncture Treatment in Neuronal and Network Dysfunction in Patients With Vascular Cognitive Impairment,41125853,The development and emerging trends in Parkinson's disease from the perspective of mitochondrial dysfunction: a bibliometric analysis using CiteSpace.,0.267,phrase_search,True,10.1007/s00415-025-13472-8,low_confidence_match
DUP_01673,Structural neuroplasticity in primary somatosensory cortex is linked to altered tactile acuity after acupuncture for chronic low back pain,40345837,Gestational Chlorpyrifos Exposure Imparts Lasting Alterations to the Rat Somatosensory Cortex.,0.158,phrase_search,True,10.1523/JNEUROSCI.0363-25.2025,low_confidence_match
DUP_01805,"The Impact of Electroacupuncture on Clinical Effect,Brain Structural and Functional Changes in Patients With Spinal Cord Injury:A Randomized Controlled Study Based on Multi-mode MRI",35095593,The Role of Acupuncture in Hormonal Shock-Induced Cognitive-Related Symptoms in Perimenopausal Depression: A Randomized Clinical Controlled Trial.,0.261,phrase_search,True,10.3389/fpsyt.2021.772523,low_confidence_match
DUP_01817,THE LONG-TERM EFFECTS OF ACUPUNCTURE ON HIPPOCAMPUS FUNCTIONAL CONNECTIVITY IN AMNESTIC MILD COGNITIVE IMPAIRMENT: A LONGITUDINAL FMRI STUDY,40948815,Electroacupuncture treatment can improve cognitive impairment in spontaneously hypertensive rats: a preliminary DTI study.,0.278,phrase_search,True,10.3389/fnins.2025.1637037,low_confidence_match
DUP_00513,Cerebral response of healthy subjects to a somatosensory stimulaton with xingnao kaiqiao acupuncture compared to control interventions measured with resting-state functional magnetic resonance imaging,,,0.0,,False,,no_match_found
DUP_00555,Clinical observation on treatment of adult-attention deficit hyperactivity disorder by acupuncture refreshing brain method,39935931,Developing the First Data-Informed Adult Attention Deficit Hyperactivity Disorder Service in Qatar.,0.214,phrase_search,True,10.7759/cureus.77305,low_confidence_match
DUP_00989,Experiment design and feasibility of BOLD and MRS multimodal fMRI in analysis of brain effect induced by acupuncture,,,0.0,,False,,no_match_found
DUP_01194,Involvement of salience network in the expectations of sensory experience for acupuncture stimulation,35093518,Distinct networks of periaqueductal gray columns in pain and threat processing.,0.167,phrase_search,True,10.1016/j.neuroimage.2022.118936,low_confidence_match
DUP_01870,The Study of Acupuncture on Vascular and Functional Neuroimaging in Parkinson's Disease Patients With Sleep Disorders,,,0.0,,False,,no_match_found
DUP_01941,Using fMRI and sEMG to Evaluate the Effects and Mechanism on Abdominal Acupuncture Combined With Upper Limb Rehabilitation Training on Brain Plasticity of Hemiplegic Patients With Stroke,,,0.0,,False,,no_match_found
DUP_00218,Acupuncture Regulates Emotion-cognitive Network of Chronic Insomnia Patients : A DTI-fMRI Study,,,0.0,,False,,no_match_found
DUP_00255,"Acupuncture Treatment on Chronic Sciatica: the Efficacy, Mechanism, and Functional Neuroimaging Pain-network Study",30651139,"Effect and neurophysiological mechanism of acupuncture in patients with chronic sciatica: protocol for a randomized, patient-assessor blind, sham-controlled clinical trial.",0.385,phrase_search,True,10.1186/s13063-018-3164-8,low_confidence_match
DUP_00384,Basal ganglia cerebral infarction patient fMRI imaging analysis before and after acupuncture-medicine therapy,41961546,Decoding Post-Stroke Cognitive Impairment After Acute Basal Ganglia Infarction: The Synergistic Role of Functional Segregation and Integration in an SVM fMRI Framework.,0.462,short_title_field,True,10.1002/cns.70871,low_confidence_match
DUP_00754,Effect of acupuncture at Zulinqi (GB41) on the amplitude of low frequency fluctuations in migraine without aura patients: A resting-state functional magnetic resonance imaging study,,,0.0,,False,,no_match_found
DUP_01872,"The Study of Brain GABA and Brain Functional Modulatory Mechanism of Chronic Insomnia Disorder Using Acupuncture at ""Combined Magical-door"" Acupoints",40610759,Exploratory GABAa-informed control network modulates hyperarousal brain dynamics in chronic insomnia.,0.167,key_phrases,True,10.1038/s42003-025-08439-4,low_confidence_match
DUP_01899,"To Explore the Cerebral Function Efficacy of Acupuncture and Fu's Subcutaneous Needling (FSN) in the Treatment of Chronic Tension-type Headache by Means of fMRI: a Single-blinded, Randomized Controlled Trials.",,,0.0,,False,,no_match_found
DUP_00035,A PET/CT and fMRI randomized controlled study to identify brain network associated with acupuncture effects in reducing depression,28829051,Dopamine Transporter and Reward Anticipation in a Dimensional Perspective: A Multimodal Brain Imaging Study.,0.278,short_title_field,True,10.1038/npp.2017.183,low_confidence_match
DUP_00079,Activation of different cerebral functional regions following acupuncture at bot H Taixi and taichong acupoints and taixi acupoint alone: An fMRI study,41066487,Cerebral cortical activation and muscle performance during blood flow restriction training after ischemic stroke: A randomised functional near-infrared spectroscopy study.,0.25,phrase_search,True,10.1371/journal.pone.0334123,low_confidence_match
DUP_00419,Blood oxygenation level dependent-functional magnetic resonance imaging (BOLD-fMRI) combined with diffusion-tensor imaging (DTI): A comparison of patients with hemiplegia after stroke treated with acupuncture and normal subjects,36937683,Evaluation of T2-prepared blood oxygenation level dependent functional magnetic resonance imaging with an event-related task: Hemodynamic response function and reproducibility.,0.375,short_title_field,True,10.3389/fnins.2023.1114045,low_confidence_match
DUP_01305,MRI-based Neuroimaging Predictors of Clinical Improvements Following Occupational Therapy (OT) or OT Puls Acupuncture and Massage Methods in Children With Cerebral Palsy,39395373,Multi-modal MRI for objective diagnosis and outcome prediction in depression.,0.095,phrase_search,True,10.1016/j.nicl.2024.103682,low_confidence_match
DUP_01438,Optimization of Brain-based Mechanisms Supporting Psychosocial Aspects of Acupuncture Therapy - a Hyperscanning fMRI Study,36709558,"Feasibility, acceptability and practicality of transcranial stimulation in obsessive compulsive symptoms (FEATSOCS): A randomised controlled crossover trial.",0.154,phrase_search,True,10.1016/j.comppsych.2023.152371,low_confidence_match
DUP_01871,"The Study of Brain Functional Network Modulatory Mechanism of Alzheimer's Disease Using Acupuncture at the ""Four-gate"" Acupoints",36217211,Altered basal forebrain function during whole-brain network activity at pre- and early-plaque stages of Alzheimer's disease in TgF344-AD rats.,0.333,short_title_field,True,10.1186/s13195-022-01089-2,low_confidence_match
DUP_01931,Understanding the Cognitive Benefits of Acupuncture for Stroke Recovery Through fMRI,,,0.0,,False,,no_match_found
DUP_00050,A resting-state functional magnetic resonance imaging study on the efficacy of brain function rehabilitation in post-stroke hemiplegia using scalp acupuncture,41772702,The clinical efficacy of virtual reality technology based on the mirror neuron theory in upper limb rehabilitation of stroke patients: a protocol for a randomized clinical trial.,0.35,key_phrases,True,10.1186/s13063-026-09557-y,low_confidence_match
DUP_00080,Activation of different cerebral functional regions following acupuncture at bot h taixiand taichong acupoints and taixiacupoint alone: An fMRI study,41066487,Cerebral cortical activation and muscle performance during blood flow restriction training after ischemic stroke: A randomised functional near-infrared spectroscopy study.,0.25,phrase_search,True,10.1371/journal.pone.0334123,low_confidence_match
DUP_00121,Acupuncture Baihui activated the functional brain areas of major depressive disorder patients with regional homogeneity,34867499,Neural Activation via Acupuncture in Patients With Major Depressive Disorder: A Functional Near-Infrared Spectroscopy Study.,0.467,phrase_search,True,10.3389/fpsyt.2021.669533,low_confidence_match
DUP_00512,Cerebral Response of Healthy Subjects to a Somatosensory Stimulation With XNKQ Acupuncture Compared to Control Interventions Measured With EEG and fMRI,25741269,Differential cerebral response to somatosensory stimulation of an acupuncture point vs. two non-acupuncture points measured with EEG and fMRI.,0.632,short_title_field,True,10.3389/fnhum.2015.00074,possible_match
DUP_00724,Ear acupuncture and fMRI: A pilot study for assessing the speci-city of auricular points,,,0.0,,False,,no_match_found
DUP_00318,An fMRI Study prior and post acupuncture treatment during the first 24 hours of smoking cessation,,,0.0,,False,,no_match_found
DUP_00517,Cerebrum fMRI study on the acupucture of Five Shu Points of gall bladder meridian of Foot-Shaoyang,,,0.0,,False,,no_match_found
DUP_01374,Neuroimaging Approaches to Deconstructing Acupuncture for Chronic Pain,,,0.0,,False,,no_match_found
DUP_01622,Roundtable: Psychological and neurological effects of acupuncture: Brain effects of acupuncture studied through the functional magnetic resonance imaging technique,,,0.0,,False,,no_match_found
DUP_00284,Altered brain response to acupuncture after a course of acupuncture therapy for CTS is associated with analgesia,33013312,Resting-State Functional Connectivity Patterns Predict Acupuncture Treatment Response in Primary Dysmenorrhea.,0.125,short_title_field,True,10.3389/fnins.2020.559191,low_confidence_match
DUP_00515,Cerebral responses to puncturing at ST36 after acupuncture treatment in patients with functional dyspepsia,24851846,Different cerebral responses to puncturing at ST36 among patients with functional dyspepsia and healthy subjects.,0.714,key_phrases,True,10.1159/000360804,found_with_abstract
DUP_01041,Functional brain connectivity predicts acupuncture analgesic effect in carpal tunnel syndrome patients,,,0.0,,False,,no_match_found
DUP_01557,Regulation of cerebral regional homogeneity exerted by puncturing hao-yang acupoints for migraine patients,,,0.0,,False,,no_match_found
DUP_01633,Scalp electroacupuncture in stroke rehabilitation research: FMRI methodological issues and solutions,,,0.0,,False,,no_match_found
DUP_00037,A Physiological fMRI Study of Acupuncture and Perceptions of Pain in Chronic Low Back Pain Patients.,,,0.0,,False,,no_match_found
DUP_00242,Acupuncture treatment attenuates excitability of spinal motor neuron and spastic muscle overactivity in patients with persistent disturbance of consciousness following traumatic brain injury,41299887,Motion-Style Scalp Acupuncture Ameliorates Post-Stroke Muscle Spasticity Through Cerebral Blood Flow Augmentation and 5-HT2AR-Mediated Spinal KCC2 Reactivation.,0.182,phrase_search,True,10.1002/brb3.71064,low_confidence_match
DUP_00437,Brain circuitry subserving acupuncture relief of itch in atopic dermatitis: An fMRI study,,,0.0,,False,,no_match_found
DUP_00468,Brain Plasticity Underlying Back Pain Response to Different Acupuncture Methods,,,0.0,,False,,no_match_found
DUP_00890,Efficacy of Acupuncture and Moxibustion Treatment in Patients With Quiescent Crohn's Disease:Evaluation With Functional Magnetic Resonance Imaging(fMRI),,,0.0,,False,,no_match_found
DUP_01520,Progress on application of fMRI in studies of meridians and acupoints,41839611,[Application and research progress of fMRI in acupuncture treatment for ischemic stroke].,0.6,phrase_search,True,10.13703/j.0255-2930.20250331-0003,possible_match
DUP_00506,Cerebral fMRI in observation on the therapeutic mechanism of electro-acupuncture on Shenmen and Sanyinjiao for insomnia,42147929,Activation likelihood estimation of convergent resting-state brain alterations in diarrhea-predominant IBS: a systematic review and meta-analysis.,0.2,phrase_search,True,10.21037/qims-2025-aw-2274,low_confidence_match
DUP_01065,Functional magnetic resonance imaging studies of acupuncture mechanisms: A critique,42131703,Functional connectivity changes in the thalamocortical network due to neck pain and the multiscale regulatory effects of acupuncture: a cross-scale multi-omics neuroimaging study.,0.4,phrase_search,True,10.3389/fnins.2026.1783910,low_confidence_match
DUP_01583,"Response to correspondence on ""functional magnetic resonance imaging activation of the brain in children: Real acupoint versus sham acupoint""",18039043,Functional magnetic resonance imaging responses relate to differences in real-world social experience.,0.333,short_title_field,True,10.1037/1528-3542.7.4.745,low_confidence_match
DUP_01592,Resting state-functional magnetic resonance imaging technology applied to a balancing acupuncture treatment for central mechanisms,42090944,CVAE-guided triage and modular classifiers for multimodal ASD detection.,0.067,phrase_search,True,10.1016/j.compbiomed.2026.111706,low_confidence_match
DUP_00244,Acupuncture Treatment for Migraine: a Functional Magnetic Resonance Imaging Study,34628737,[Effect of acupuncture on default mode network in patients with migraine based on functional Magnetic Resonance Imaging: a preliminary study].,0.8,short_title_field,True,10.13703/j.0255-2930.20201002-k0001,found_with_abstract
DUP_00299,An Acupuncture fMRI Study on Chronic Pain: Response Reliability and Dose Effect,,,0.0,,False,,no_match_found
DUP_00431,Brain Activity Changes Measured by EEG and fMRI on Healthy Volunteers After Complex Somatosensory Stimulation With Acupuncture Needles,25741269,Differential cerebral response to somatosensory stimulation of an acupuncture point vs. two non-acupuncture points measured with EEG and fMRI.,0.444,key_phrases,True,10.3389/fnhum.2015.00074,low_confidence_match
DUP_01434,Observation with fMRI on central mechanisms of acupuncture at ST36 using reinforcing and reducing techniques,39956399,Acupuncture modulates group neural activity in patients with post stroke sensory impairment: An fMRI study based on inter-subject correlation and inter-subject functional connectivity.,0.333,phrase_search,True,10.1016/j.brainresbull.2025.111259,low_confidence_match
DUP_00040,A Pilot Study on the Effect of Electroacupuncture on Functional Brain Mapping in Patients With Irritable Bowel Syndrome,17034288,"Effects of contralateral electroacupuncture on brain function: a double-blind, randomized, pilot clinical trial.",0.353,phrase_search,True,10.1089/acm.2006.12.813,low_confidence_match
DUP_00210,Acupuncture of motor-implicated acupoints on subacute stroke patients: An fMRI evaluation study,24734108,Acupuncture Enhances Effective Connectivity between Cerebellum and Primary Sensorimotor Cortex in Patients with Stable Recovery Stroke.,0.25,phrase_search,True,10.1155/2014/603909,low_confidence_match
DUP_00312,An fMRI Study of Expectancy on Acupuncture Treatment Outcomes in Knee OA,32576243,The cerebral mechanism of the specific and nonspecific effects of acupuncture based on knee osteoarthritis: study protocol for a randomized controlled trial.,0.417,key_phrases,True,10.1186/s13063-020-04518-5,low_confidence_match
DUP_00950,Electroacupuncturing acupoints of patients with peripheral facial paralysis: A functional MRI study,30942031,[A controlled study on the therapeutic effect of acupuncture and acupuncture combined with drugs on peripheral facial paralysis with normal result of facial nerve magnetic resonance examination].,0.583,short_title_field,True,10.13703/j.0255-2930.2019.02.007,possible_match
DUP_01070,Functional MRI and acupuncture (Large intestine 4 acupoint) in patients with myofascial pain of the jaw muscles: A pilot randomized trial,,,0.0,,False,,no_match_found
DUP_01582,"Response to correspondence on ""effect of acupuncture on the brain in children with spastic cerebral palsy using functional neuroimaging (fMRI)""",,,0.0,,False,,no_match_found
DUP_01593,Resting-state functional MRI evaluation of after-effect of acupuncture at Zusanli point,,,0.0,,False,,no_match_found
DUP_00054,"A Spinal fMRI Study of Resting-State, Motor Task and Acupoint Stimulation",,,0.0,,False,,no_match_found
DUP_00106,Acupuncture and the CNS: What can the brain at rest suggest?,18423873,Acupuncture and the CNS: what can the brain at rest suggest?,1.0,key_phrases,False,10.1016/j.pain.2008.03.008,found_no_abstract
DUP_01023,fMRI Measurements on the Effect of Transcutaneous Electrical Nerve Stimulation (TENS) on Acupuncture Points Verses Spontaneous Normal Vaginal Delivery to Relief of Labor Pain,34723754,"Effect of massage, passive neural mobilization and transcutaneous electrical nerve stimulation on magnetic resonance diffusion tensor imaging (MR-DTI) of the tibial nerve in a patient with type 2 diabetes mellitus induced neuropathy: a case report.",0.364,short_title_field,True,10.1080/09593985.2021.1994070,low_confidence_match
DUP_01103,Hegu acupoint of patient with peripheral facial paralysis by electroacupuncture: A functional MRI study,30942031,[A controlled study on the therapeutic effect of acupuncture and acupuncture combined with drugs on peripheral facial paralysis with normal result of facial nerve magnetic resonance examination].,0.5,short_title_field,True,10.13703/j.0255-2930.2019.02.007,possible_match
DUP_01306,"MRI cerebral function imaging following acupuncture at Hegu, Zusanli, Neiguan and Sanyinjiao points",41561334,Electroacupuncture to improve post-stroke cognitive function and modulate cerebral iron deposition: a randomized controlled trial protocol using MRI.,0.308,phrase_search,True,10.3389/fneur.2025.1708739,low_confidence_match
DUP_01328,Needling sensation: Explanation of incongruent conclusion drawn from acupuncture fMRI study [1],17309370,Needling sensation: explanation of incongruent conclusion drawn from acupuncture FMRI study.,0.917,phrase_search,False,10.1089/acm.2006.6217,found_no_abstract
DUP_00682,Different cerebellar responding to acupuncture at Liv3 and LI4: An fMRI study,,,0.0,,False,,no_match_found
DUP_01025,"fMRI study of acupuncture at ""four gate points"" on normal aging people",,,0.0,,False,,no_match_found
DUP_01676,Study of acupuncture point Liv 3 with functional MRI,,,0.0,,False,,no_match_found
DUP_00115,Acupuncture at shenmen acupoint for brain functional MRI of patients with Alzheimer disease,38092531,Effect of acupuncture at the acupoints for Yizhi Tiaoshen on the functional connectivity between the hippocampus and the brain in the patients with Alzheimer's disease.,0.692,phrase_search,True,10.13703/j.0255-2930.20230405-0002,possible_match
DUP_00531,Changes of brain function in different areas of cerebral cortices due to electroacupuncture at the point ST36 through MRI,32612281,Electroacupuncture at Zusanli and at Neiguan characterized point specificity in the brain by metabolomic analysis.,0.333,key_phrases,True,10.1038/s41598-020-67766-0,low_confidence_match
DUP_01560,Relationship between cerebral function and Kuangming and Taichong acupoints detected with functional MRI,,,0.0,,False,,no_match_found
DUP_01713,Temporal cluster for the anlaysis of the fMRI characteristics of acupuncture at Hegu acupoint,,,0.0,,False,,no_match_found
DUP_01067,Functional magnetic resonance tomography in acupuncture research,41839611,[Application and research progress of fMRI in acupuncture treatment for ischemic stroke].,0.429,phrase_search,True,10.13703/j.0255-2930.20250331-0003,low_confidence_match
DUP_01293,Modulatory Effect of Acupuncture on Human Brain Activity,39499594,Spatiotemporal Dynamics of Periodic and Aperiodic Brain Activity Under Peripheral Nerve Stimulation With Acupuncture.,0.5,phrase_search,True,10.1109/TNSRE.2024.3492014,possible_match
DUP_00019,A functional magnetic resonance imaging study comparing brain activations during language task with activations during electrical stimulation of language-implicated acupoints,42149281,Vessel wall enhancement in brain arteriovenous malformations: associations with imaging and histopathological markers of instability.,0.222,phrase_search,True,10.1007/s10143-026-04336-4,low_confidence_match
DUP_01042,Functional Brain Imaging - Acupuncture and Osteoarthritis,41642427,Brain functional basis of the association between positive expectation and acupuncture efficacy in knee osteoarthritis.,0.833,phrase_search,True,10.1007/s11682-026-01094-1,found_with_abstract
DUP_00201,acupuncture modulates the limbic system and subcortical gray structures of the human brain - Direct evidence by fMRI,11203472,"[Hui KK, Liu J, Makris N, Gollub RL, CHen AJ, Moore CI, Kennedy DN, Rosen BR, Kwong KK: Acupuncture modulates the limbic system and subcortical gray structures of the human brain: Evidence from fMRI studies in normal subjects. Hum Brain Mapp 2000; 9: 13-25].",0.875,phrase_search,False,,found_no_abstract
DUP_00472,Brain response and Kirlian photography of the cat under acupuncture,,,0.0,,False,,no_match_found
