record_id,original_title,crossref_doi,crossref_title,crossref_journal,crossref_year,title_match_score,outcome,pmid_from_doi
DUP_00347,Application and exploration of fNIRS in brain function mechanism of acupuncture against insomnia,10.1016/j.wjam.2025.12.007,Application and exploration of fNIRS in brain function mechanism of acupuncture against insomnia,World Journal of Acupuncture - Moxibustion,2026,1.0,doi_found,
DUP_00550,Clinical Efficacy of Electroacupuncture for Generalized Anxiety Disorder and Its Central Mechanism Based on Neuroimaging Changes,10.5353/th_b5435646,Dense cranial electroacupuncture stimulation for depression : its clinical efficacy and neuroimaging evidence from randomized controlled studies,,,0.438,possible_doi,
DUP_01247,Mechanism of Acupuncture at GB34 in Modulating Brain Functional Networks with Post-Stroke Hemiplegia: An Interpretable Graph Neural Network Study,10.2139/ssrn.6169713,Mechanism of Acupuncture at GB34 in Modulating Brain Functional Networks with Post-Stroke Hemiplegia: An Interpretable Graph Neural Network Study,,,1.0,doi_found,
DUP_01766,The Effect of Acupuncture Therapy on Cognitive Function in Post-COVID-19 Myalgic Encephalomyelitis/Chronic Fatigue Syndrome: A Study With Multimodal Magnetic Resonance Imaging,10.4324/9780429473289,Coping Better with Chronic Fatigue Syndrome/Myalgic Encephalomyelitis,,2018,0.095,not_found,
DUP_01767,The Effect of Acupuncture Treatment on Cognitive Functions and Brain Networks for Long COVID: a Multimodal Magnetic Resonance Imaging Study,10.1016/j.mri.2024.110296,"Effect of carotid artery stenting on cognitive function in patients with asymptomatic carotid artery stenosis, a multimodal magnetic resonance study",Magnetic Resonance Imaging,2025,0.45,possible_doi,
DUP_00184,Acupuncture Modulates Brain Connectivity and Outcomes of Pain and Vaso-occlusive Crisis in Patients with Sickle Cell Disease,10.1016/j.jpain.2025.105283,Acupuncture Modulates Brain Connectivity and Outcomes of Pain and Vaso-occlusive Crisis in Patients with Sickle Cell Disease,The Journal of Pain,2025,1.0,doi_found,
DUP_00240,Acupuncture Therapy for Insomnia: An Alternative Therapy for the Modulation of Brain Functions,10.4103/wjtcm.wjtcm_16_25,Acupuncture Therapy for Insomnia: An Alternative Therapy for the Modulation of Brain Functions,World Journal of Traditional Chinese Medicine,2025,1.0,doi_found,
DUP_00579,"Comparison of two electroacupuncture regimens on symptoms and brain structures in breast cancer survivors: A randomized, controlled trial.",10.1200/jco.2025.43.16_suppl.12119,"Comparison of two electroacupuncture regimens on symptoms and brain structures in breast cancer survivors: A randomized, controlled trial.",Journal of Clinical Oncology,2025,1.0,doi_found,
DUP_00933,Electroacupuncture Links Nociceptive and Nociplastic Pain via Brain Activation in Fibromyalgia,10.1016/j.jpain.2025.105053,Electroacupuncture Links Nociceptive and Nociplastic Pain via Brain Activation in Fibromyalgia,The Journal of Pain,2025,1.0,doi_found,
DUP_00326,Analgesic effect of electroacupuncture on pain in Parkinson's disease and mechanism based on rs-fMRI,10.1016/j.parkreldis.2024.106864,Analgesic effect of electroacupuncture on pain in Parkinson's disease and mechanism based on rs-fMRI,Parkinsonism &amp; Related Disorders,2024,1.0,doi_found,
DUP_00327,Analgesic Effect of Electroacupuncture on Relieving Pain in Parkinson's disease (PD) and the Mechanism Based on RS-fMRI,10.1016/j.parkreldis.2024.106864,Analgesic effect of electroacupuncture on pain in Parkinson's disease and mechanism based on rs-fMRI,Parkinsonism &amp; Related Disorders,2024,0.812,doi_found,
DUP_00883,Efficacy and Mechanism Study of Acupuncture Combined With Neuromodulation Technology for Post-Stroke Aphasia Based on Multimodal Functional Magnetic Resonance Imaging,10.3389/conf.fnhum.2019.01.00026,"A Study of Brain Damage and Compensation in Anomic Aphasia Patients in the Acute Stage Post Stroke, Based on Functional Magnetic Resonance Imaging of a Picture Naming Task",Frontiers in Human Neuroscience,2019,0.5,possible_doi,
DUP_00885,Efficacy and Olfactory Network of Electro-acupuncture for Subjective Cognitive Decline: A Multicenter Randomized Controlled Trial and fMRI Study,10.1186/s13063-020-04950-7,Efficacy of simultaneous aerobic exercise and cognitive training in subjective cognitive decline: study protocol for randomized controlled trial of the Exergames Study,Trials,2021,0.647,doi_found,
DUP_00978,Evaluation of Therapeutic Effect and Brain Mechanism of Electroacupuncture in Treating Agitation Symptoms of Alzheimer's Disease,10.36468/pharmaceutical-sciences.spl.980,Therapeutic Efficacy of Acupuncture and Electroacupuncture in Treating Somatic Symptoms from the Psychosomatic Medicine Perspective,Indian Journal of Pharmaceutical Sciences,2024,0.5,possible_doi,
DUP_01256,Mechanistic investigation of acupuncture treatment in patients with migraine: Evidence from brain imaging study (I),10.1016/j.wjam.2023.07.002,Mechanistic investigation of acupuncture treatment in patients with migraine: Evidence from brain imaging study (I),World Journal of Acupuncture - Moxibustion,2023,1.0,doi_found,
DUP_01688,Study on Imaging Characteristics and Predictive Radiology of Brain Network Regulation by Acupuncture in Patients with Painful Temporomandibular Disorders,10.2174/0115734056355184250307055847,Altered Brain Structure in the Patients with Painful Temporomandibular Disorders: A Pilot Surface-based Morphometry,Current Medical Imaging Formerly Current Medical Imaging Reviews,2025,0.368,not_found,
DUP_01714,Temporal-Spatial Acupuncture Effects on Poststroke Sensorimotor Cortex via Yanglingquan (GB34),10.1155/2024/9315155,Temporal–Spatial Acupuncture Effects on Poststroke Sensorimotor Cortex via Yanglingquan (GB34),Neural Plasticity,2024,1.0,doi_found,
DUP_01929,Uncovering the mechanisms by which acupuncture improves motor function after stroke through neuroplasticity revealed by magnetic resonance imaging techniques,10.61186/ijrr.22.3.647,Uncovering the mechanisms by which acupuncture improves motor function after stroke through neuroplasticity revealed by magnetic resonance imaging techniques,International Journal of Radiation Research,2024,1.0,doi_found,
DUP_00331,Analysis of changes in connectivity of resting brain functional network before and after acupuncture combined with language rehabilitation training in patients with basal ganglia aphasia after stroke,10.1097/md.0000000000036160,A meta-analysis of functional recovery of aphasia after stroke by acupuncture combined with language rehabilitation training,Medicine,2023,0.478,possible_doi,
DUP_00561,Cognitive Training to Enhance Brain-to-brain Concordance During Acupuncture,10.31525/ct1-nct04050046,Noninvasive Brain Stimulation to Enhance Cognitive Training in Older Adults,Case Medical Research,2019,0.5,possible_doi,
DUP_00613,"Corrigendum: Altered Functional Activity and Functional Connectivity of Seed Regions Based on ALFF Following Acupuncture Treatment in Patients with Stroke Sequelae with Unilateral Limb Numbness (Neuropsychiatr Dis Treat. 2023, 19, 233–245)",10.2147/ndt.s408402,Altered Functional Activity and Functional Connectivity of Seed Regions Based on ALFF Following Acupuncture Treatment in Patients with Stroke Sequelae with Unilateral Limb Numbness [Corrigendum],Neuropsychiatric Disease and Treatment,2023,0.793,doi_found,
DUP_00616,"Corrigendum: Modulations of static and dynamic functional connectivity among brain networks by electroacupuncture in post-stroke aphasia (Front. Neurol., (2022), 13, 956931, 10.3389/fneur.2022.956931)",10.3389/fneur.2023.1148220,Corrigendum: Modulations of static and dynamic functional connectivity among brain networks by electroacupuncture in post-stroke aphasia,Frontiers in Neurology,2023,0.727,doi_found,
DUP_01511,Probing the flexible internal state transition and low-dimensional manifold dynamics of human brain with acupuncture,10.1016/j.bspc.2022.104494,Probing the flexible internal state transition and low-dimensional manifold dynamics of human brain with acupuncture,Biomedical Signal Processing and Control,2023,1.0,doi_found,
DUP_00820,"Effects and Central Mechanism of Electroacupuncture and MRI-navigated rTMS for PSD: a fMRI-based Single-center, Randomized, Controlled, Assessor-blinded Trial",10.3389/fpsyt.2023.1226777,"Effects and central mechanism of electroacupuncture and MRI-navigated rTMS for PSD: study protocol for an fMRI-based single-center, randomized, controlled, open-label trial",Frontiers in Psychiatry,2024,0.882,doi_found,
DUP_01182,Investigating the Effects of Autonomous Sensory Meridian Response (ASMR) Stimulation on the Functional Connectivity of the Default Mode Network,10.1080/17470919.2016.1188851,An examination of the default mode network in individuals with autonomous sensory meridian response (ASMR),Social Neuroscience,2017,0.625,doi_found,
DUP_01569,Research on resting spontaneous brain activity and functional connectivity of acupuncture at uterine acupoints,10.1016/j.dcmed.2022.03.006,Research on resting spontaneous brain activity and functional connectivity of acupuncture at uterine acupoints,Digital Chinese Medicine,2022,1.0,doi_found,
DUP_01684,Study on brain network function of the specific connection between Hégǔ (合谷LI4) and the facial-oral area,10.1016/j.wjam.2021.08.007,Study on brain network function of the specific connection between Hégǔ (合谷LI4) and the facial-oral area,World Journal of Acupuncture - Moxibustion,2022,1.0,doi_found,
DUP_01771,The Effect of Laser Acupuncture in Different Meridians on the Autonomic Nervous System and Its Brain Mechanisms,10.1016/s0165-1838(99)00090-9,Effect of sensory stimulation (acupuncture) on sympathetic and parasympathetic activities in healthy subjects,Journal of the Autonomic Nervous System,2000,0.375,not_found,
DUP_00250,Acupuncture Treatment Modulates the Hypothalamus Functional Connectivity in Patients With Chronic Insomnia Disorder,10.1016/j.ijpsycho.2021.07.389,Acupuncture Treatment Modulates the Hypothalamus Functional Connectivity in Patients With Chronic Insomnia Disorder,International Journal of Psychophysiology,2021,1.0,doi_found,
DUP_00335,Analysis of the differences in brain function response after acupuncture and moxibustion at Zúsānlĭ (足三里ST36) in the patients with functional dyspepsia based on fractional amplitude of low frequency fluctuation of rest functional magnetic resonance imaging,10.1016/j.wjam.2021.05.013,Analysis of the differences in brain function response after acupuncture and moxibustion at Zúsānlĭ (足三里ST36) in the patients with functional dyspepsia based on fractional amplitude of low frequency fluctuation of rest functional magnetic resonance imaging,World Journal of Acupuncture - Moxibustion,2021,1.0,doi_found,
DUP_00521,Changed ACC-DMN functional connectivity after acupuncture with deqi for functional dyspepsia treatment,10.1016/j.wjam.2020.10.009,Changed ACC-DMN functional connectivity after acupuncture with deqi for functional dyspepsia treatment,World Journal of Acupuncture - Moxibustion,2021,1.0,doi_found,
DUP_00612,"Corrigendum: Acupuncture With deqi Modulates the Hemodynamic Response and Functional Connectivity of the Prefrontal-Motor Cortical Network (Front. Neurosci., (2021), 15, (693623), 10.3389/fnins.2021.693623)",10.3389/fnins.2021.773069,Corrigendum: Acupuncture With deqi Modulates the Hemodynamic Response and Functional Connectivity of the Prefrontal-Motor Cortical Network,Frontiers in Neuroscience,2021,0.714,doi_found,
DUP_00810,Effect of “three-tong acupuncture” on brain function of patients with spinal cord injury based on magnetic resonance technology,10.1002/jmri.29085,Editorial for “Altered Brain Function in Pediatric Patients With Complete Spinal Cord Injury: A Resting‐State Functional <scp>MRI</scp> Study”,Journal of Magnetic Resonance Imaging,2024,0.438,possible_doi,
DUP_00819,Effectiveness of Yamamoto's New Skull Acupuncture (YNSA) on Resting State Brain Networks,10.5772/23422,"Yamamoto New Scalp Acupuncture (YNSA): Development, Principles, Safety, Effectiveness and Clinical Applications","Acupuncture - Clinical Practice, Particular Techniques and Special Issues",2011,0.333,not_found,
DUP_01308,Multi-brain functional connectivity during electro-acupuncture in patient-clinician dyads: an electroencephalography (EEG) hyperscan approach,10.1016/j.ijpsycho.2021.07.289,Patient-Clinician Brain Connectivity During Pain Treatment: An EEG Hyperscanning Approach,International Journal of Psychophysiology,2021,0.462,possible_doi,
DUP_01309,Multi-brain functional connectivity during electro-acupuncture in patientclinician dyads: An electroencephalography (EEG) hyperscan approach,10.1007/978-3-031-86878-8_20,New Perspectives in Electroencephalography (EEG) Analysis: From Functional Connectivity to Artificial Intelligence,EEG: The First 100 Years,2025,0.385,not_found,
DUP_01333,Neural and behavioral correlates of patient-clinician therapeutic alliance in a longitudinal acupuncture intervention: An fMRI hyper-scanning study,10.1016/j.jpain.2021.03.097,Brain and Behavioral Correlates of the Patient-Clinician Relationship: A longitudinal fMRI hyper-scanning study of chronic pain patients,The Journal of Pain,2021,0.588,possible_doi,
DUP_01539,Randomized Propective Study Evaluating the Impact of an Acupuncture Session in Healthy Volunteers on the Kinetics of Cerebral Activity Using the Bispectral Index (BIS),10.1097/00003643-200401000-00003,"Effects of acupressure, manual acupuncture and Laserneedle® acupuncture on EEG bispectral index and spectral edge frequency in healthy volunteers",European Journal of Anaesthesiology,2004,0.381,not_found,
DUP_01624,S1 functional connectivity during rest and electro-acupuncture tracks median nerve and patient function improvement following acupuncture for carpal tunnel syndrome,10.1016/j.jpain.2021.03.114,S1 functional connectivity during rest and electro-acupuncture tracks median nerve and patient function improvement following acupuncture for carpal tunnel syndrome,The Journal of Pain,2021,1.0,doi_found,
DUP_00620,Corrigendum to “Multivariate resting-state functional connectivity predicts responses to real and sham acupuncture treatment in chronic low back pain” [Neuroimage Clinical 23 (2019) 101885](S2213158219302359)(10.1016/j.nicl.2019.101885),10.1016/j.nicl.2019.102105,"Corrigendum to ‘Multivariate resting-state functional connectivity predicts responses to real and sham acupuncture treatment in chronic low back pain’ Neuroimage Clinical, 23, 2019, 101885",NeuroImage: Clinical,2019,0.957,doi_found,
DUP_01793,The functional connectivity of ACC subregions with the DMN participates in the efficacy of acupuncture with deqi on functional dyspepsia,10.3389/fnins.2021.693623,Acupuncture With deqi Modulates the Hemodynamic Response and Functional Connectivity of the Prefrontal-Motor Cortical Network,Frontiers in Neuroscience,2021,0.467,possible_doi,
DUP_01816,The Long-Term Effects of Acupuncture on Hippocampal Functional Connectivity in aMCI with Hippocampal Atrophy: A Randomized Longitudinal fMRI Study,10.1155/2020/6389368,The Long-Term Effects of Acupuncture on Hippocampal Functional Connectivity in aMCI with Hippocampal Atrophy: A Randomized Longitudinal fMRI Study,Neural Plasticity,2020,1.0,doi_found,
DUP_00098,Acupuncture analgesia for low back pain is associated with greater pressure pain-evoked activation in dorsolateral prefrontal cortex and a reduction in hyperalgesia,10.1111/ejn.16090/v1/review1,"Review for ""Transcranial direct current stimulation over dorsolateral prefrontal cortex improves postural stability in non‐specific chronic low back pain patients with high fear of pain: A randomized sham‐controlled trial""",,2022,0.476,possible_doi,
DUP_00217,Acupuncture promotes sensorimotor network neuroplasticity in fibromyalgia,10.1016/b978-0-443-06936-9.00006-8,Acupuncture treatment of fibromyalgia and myofascial pain,Fibromyalgia Syndrome,2010,0.286,not_found,
DUP_00297,Amplitude changes in low frequency fluctuation in brains of primary dysmenorrheal treated by acupuncture: A resting-state fMRI study,10.1002/brb3.1703/v1/review1,"Review for ""Differences in the amplitude of low‐frequency fluctuation between methamphetamine and heroin use disorder individuals: A resting‐state fMRI study""",,2020,0.471,possible_doi,
DUP_00440,"Brain Connectome for Migraine Patients Treated Via Acupuncture: A Randomized, Controlled Study Under Single-blind Conditions, With a Placebo Group and Magnetic Resonance Imaging (MRI)",10.31525/ct1-nct04157192,"Brain Connectome for Acupuncture-treated Migraine Patients: Randomized, Controlled Study With Magnetic Resonance Imaging",Case Medical Research,2019,0.522,possible_doi,
DUP_00503,Cerebral cortex functional connection analysis of magnetic stimulation at neiguan acupoint (PC6) based on complex network,10.3233/bme-130904,Study of brain functional network based on sample entropy of EEG under magnetic stimulation at PC6 acupoint,Bio-Medical Materials and Engineering,2014,0.625,doi_found,
DUP_00619,"Corrigendum to ‘Multivariate resting-state functional connectivity predicts responses to real and sham acupuncture treatment in chronic low back pain’ Neuroimage Clinical, 23, 2019, 101885 (NeuroImage: Clinical (2019) 23, (S2213158219302359), (10.1016/j.nicl.2019.101885))",10.1016/j.nicl.2019.102105,"Corrigendum to ‘Multivariate resting-state functional connectivity predicts responses to real and sham acupuncture treatment in chronic low back pain’ Neuroimage Clinical, 23, 2019, 101885",NeuroImage: Clinical,2019,0.92,doi_found,
DUP_01000,Exploring the effect on cerebral blood flow after acupuncture in elderly normal subjects using (99m)Tc-ECD imaging,10.1016/s0013-4694(97)88810-8,"Medition of cerebral blood flow with SPECT in partial complex seizures, using Tc 99m-ECD",Electroencephalography and Clinical Neurophysiology,1997,0.312,not_found,
DUP_01395,Neuromechanism of acupuncture on Parkinson's disease tremor: A resting state fMRI study,10.1002/brb3.70102/v1/review1,"Review for ""Rehabilitation Response in Tremor‐ and Non‐Tremor‐Dominant Parkinson Disease: A Task‐fMRI Study""",,2023,0.333,not_found,
DUP_01396,Neuromodulation by electroacupuncture for migraine: An analysis using resting state functional magnetic resonance imaging,10.1002/brb3.2913/v1/review1,"Review for ""Electroacupuncture alleviates pain after total knee arthroplasty through regulating neuroplasticity: A resting‐state functional magnetic resonance imaging study""",,2022,0.429,possible_doi,
DUP_01464,Phantom acupuncture: Dissociation of somatosensory and cognitive/affective component of acupuncture effects in functional brain connectivity,10.3389/fnins.2019.01062,Differential Influence of Acupuncture Somatosensory and Cognitive/Affective Components on Functional Brain Connectivity and Pain Reduction During Low Back Pain State,Frontiers in Neuroscience,2019,0.615,doi_found,
DUP_01495,Potential Role of Acupuncture Treatment in Neuronal and Network Dysfunction in Patients With Vascular Cognitive Impairment,10.31525/ct1-nct04087499,Potential Role of Acupuncture Treatment in Neuronal and Network Dysfunction in Patients With Vascular Cognitive Impairment,Case Medical Research,2019,1.0,doi_found,
DUP_01673,Structural neuroplasticity in primary somatosensory cortex is linked to altered tactile acuity after acupuncture for chronic low back pain,10.1016/j.neuroimage.2020.116899,Reduced tactile acuity in chronic low back pain is linked with structural neuroplasticity in primary somatosensory cortex and is modulated by acupuncture therapy,NeuroImage,2020,0.789,doi_found,
DUP_01805,"The Impact of Electroacupuncture on Clinical Effect,Brain Structural and Functional Changes in Patients With Spinal Cord Injury:A Randomized Controlled Study Based on Multi-mode MRI",10.31525/ct1-nct03909087,"The Impact of Electroacupuncture on Clinical Effect,Brain Structural and Functional Changes on Spinal Cord Injury",Case Medical Research,2019,0.565,possible_doi,
DUP_01817,THE LONG-TERM EFFECTS OF ACUPUNCTURE ON HIPPOCAMPUS FUNCTIONAL CONNECTIVITY IN AMNESTIC MILD COGNITIVE IMPAIRMENT: A LONGITUDINAL FMRI STUDY,10.1016/j.jalz.2019.06.1241,P2‐019: THE LONG‐TERM EFFECTS OF ACUPUNCTURE ON HIPPOCAMPUS FUNCTIONAL CONNECTIVITY IN AMNESTIC MILD COGNITIVE IMPAIRMENT: A LONGITUDINAL FMRI STUDY,Alzheimer's &amp; Dementia,2019,1.0,doi_found,
DUP_00513,Cerebral response of healthy subjects to a somatosensory stimulaton with xingnao kaiqiao acupuncture compared to control interventions measured with resting-state functional magnetic resonance imaging,10.1089/acu.2012.0901,The Antidepressant Effect of Laser Acupuncture: A Comparison of the Resting Brain's Default Mode Network in Healthy and Depressed Subjects During Functional Magnetic Resonance Imaging,Medical Acupuncture,2013,0.409,possible_doi,
DUP_00555,Clinical observation on treatment of adult-attention deficit hyperactivity disorder by acupuncture refreshing brain method,10.1093/med/9780190213589.003.0006,Young Adult Outcome of Attention Deficit Hyperactivity Disorder,Oxford Medicine Online,2016,0.286,not_found,
DUP_00989,Experiment design and feasibility of BOLD and MRS multimodal fMRI in analysis of brain effect induced by acupuncture,10.1007/978-1-4419-1329-6_3,Experimental Design and Data Analysis for fMRI,BOLD fMRI,2010,0.25,not_found,
DUP_01194,Involvement of salience network in the expectations of sensory experience for acupuncture stimulation,10.1016/j.jams.2018.08.092,Brain Activation During the Expectations of Sensory Experience for Cutaneous Electrical Stimulation,Journal of Acupuncture and Meridian Studies,2018,0.583,possible_doi,
DUP_01870,The Study of Acupuncture on Vascular and Functional Neuroimaging in Parkinson's Disease Patients With Sleep Disorders,10.1017/cbo9781139088268.041,Neuroimaging of Parkinson’s disease and multiple system atrophy in patients with sleep disturbance,Neuroimaging of Sleep and Sleep Disorders,2013,0.562,possible_doi,
DUP_01941,Using fMRI and sEMG to Evaluate the Effects and Mechanism on Abdominal Acupuncture Combined With Upper Limb Rehabilitation Training on Brain Plasticity of Hemiplegic Patients With Stroke,10.3724/sp.j.1329.2017.06009,Effect of Meridian Scraping Therapy Combined with Rehabilitation Training on sEMG and Dynamics of Upper Limb of Hemiplegic Stroke,Rehabilitation Medicine,2017,0.5,possible_doi,
DUP_00218,Acupuncture Regulates Emotion-cognitive Network of Chronic Insomnia Patients : A DTI-fMRI Study,10.1016/j.sleep.2025.107258,A Small-World Network Study on Acupuncture Treatment for Chronic Insomnia,Sleep Medicine,2026,0.545,possible_doi,
DUP_00255,"Acupuncture Treatment on Chronic Sciatica: the Efficacy, Mechanism, and Functional Neuroimaging Pain-network Study",10.2147/jpr.s573102,Comment on “Efficacy and Safety of Acupuncture and Acupuncture-Combined Therapies in the Treatment of Sciatica Caused by Lumbar Disc Herniation: A Network Meta-Analysis” [Letter],Journal of Pain Research,2025,0.538,possible_doi,
DUP_00384,Basal ganglia cerebral infarction patient fMRI imaging analysis before and after acupuncture-medicine therapy,10.1161/strokeaha.124.049509,Bilateral Basal Ganglia Region Infarction After Trauma in a Patient With Bilateral Basal Ganglia Calcification,Stroke,2025,0.385,not_found,
DUP_00754,Effect of acupuncture at Zulinqi (GB41) on the amplitude of low frequency fluctuations in migraine without aura patients: A resting-state functional magnetic resonance imaging study,10.1002/brb3.70975/v1/review1,"Review for ""A Resting State Functional Magnetic Resonance Imaging Study in Migraine Without Aura in Middle and High Altitude Areas""",,2025,0.417,possible_doi,
DUP_01872,"The Study of Brain GABA and Brain Functional Modulatory Mechanism of Chronic Insomnia Disorder Using Acupuncture at ""Combined Magical-door"" Acupoints",10.3389/fpsyt.2024.1364713,The brain in chronic insomnia and anxiety disorder: a combined structural and functional fMRI study,Frontiers in Psychiatry,2024,0.5,possible_doi,
DUP_01899,"To Explore the Cerebral Function Efficacy of Acupuncture and Fu's Subcutaneous Needling (FSN) in the Treatment of Chronic Tension-type Headache by Means of fMRI: a Single-blinded, Randomized Controlled Trials.",10.22514/jofph.2025.067,The efficacy of acupuncture for tension-type headache: a systematic review and meta-analysis of randomized controlled trials,Journal of Oral &amp; Facial Pain and Headache,2025,0.423,possible_doi,
DUP_00035,A PET/CT and fMRI randomized controlled study to identify brain network associated with acupuncture effects in reducing depression,10.3389/fpsyt.2024.1481167,Acupuncture treatment of restless legs syndrome: a randomized clinical controlled study protocol based on PET-CT and fMRI,Frontiers in Psychiatry,2024,0.444,possible_doi,
DUP_00079,Activation of different cerebral functional regions following acupuncture at bot H Taixi and taichong acupoints and taixi acupoint alone: An fMRI study,10.4314/ajtcam.v13i1.19,Activation of different cerebral functional regions following acupuncture at Bot H Taixi and Taichong acupoints and taixi acupointalone: An fMRI study,"African Journal of Traditional, Complementary and Alternative Medicines",2016,0.9,doi_found,
DUP_00419,Blood oxygenation level dependent-functional magnetic resonance imaging (BOLD-fMRI) combined with diffusion-tensor imaging (DTI): A comparison of patients with hemiplegia after stroke treated with acupuncture and normal subjects,10.26599/bsa.2019.9050007,The role of blood oxygenation level-dependent functional magnetic resonance imaging (BOLD-fMRI) combined with diffusion tensor imaging (DTI) in surgery for tumors involving motor pathways,Brain Science Advances,2019,0.417,possible_doi,
DUP_01305,MRI-based Neuroimaging Predictors of Clinical Improvements Following Occupational Therapy (OT) or OT Puls Acupuncture and Massage Methods in Children With Cerebral Palsy,10.25215/1105639975.05,"MOTOR CONTROL, POSTURAL STABILITY, AND FUNCTIONAL PARTICIPATION IN CEREBRAL PALSY AND EARLY-ONSET MOTOR DISORDERS",CONDITION-BASED PRACTICE IN OCCUPATIONAL THERAPY: EVIDENCE-INFORMED ASSESSMENT AND INTERVENTION,2020,0.19,not_found,
DUP_01438,Optimization of Brain-based Mechanisms Supporting Psychosocial Aspects of Acupuncture Therapy - a Hyperscanning fMRI Study,10.26226/morressier.59d4913ad462b8029238a27b,Mechanisms of change: an fMRI-study investigating changes in brain activity during a self-referential task after mindfulness based cognitive therapy in remitted depression,,,0.308,not_found,
DUP_01871,"The Study of Brain Functional Network Modulatory Mechanism of Alzheimer's Disease Using Acupuncture at the ""Four-gate"" Acupoints",10.1016/j.jalz.2019.06.3666,P4‐007: A PRELIMINARY STUDY OF ARTERIAL SPIN LABELING BRAIN PERFUSION ACUPUNCTURE AT THE FOUR ACUPOINTS IN ALZHEIMER'S DISEASE,Alzheimer's &amp; Dementia,2019,0.6,doi_found,
DUP_01931,Understanding the Cognitive Benefits of Acupuncture for Stroke Recovery Through fMRI,10.1186/isrctn29932220,The Efficacy of Acupuncture in Stroke Recovery,http://isrctn.org/&gt;,,0.455,possible_doi,
DUP_00050,A resting-state functional magnetic resonance imaging study on the efficacy of brain function rehabilitation in post-stroke hemiplegia using scalp acupuncture,10.1166/jmihi.2015.1640,A Resting-State Functional Magnetic Resonance Imaging Study on the Efficacy of Brain Function Rehabilitation in Post-Stroke Hemiplegia Using Scalp Acupuncture,Journal of Medical Imaging and Health Informatics,2015,1.0,doi_found,
DUP_00080,Activation of different cerebral functional regions following acupuncture at bot h taixiand taichong acupoints and taixiacupoint alone: An fMRI study,10.21010/ajtcam.v12i5.16,ACTIVATION OF DIFFERENT CEREBRAL FUNCTIONAL REGIONS FOLLOWING ACUPUNCTURE AT BOT H TAIXIAND TAICHONG ACUPOINTS AND TAIXIACUPOINT ALONE: AN FMRI STUDY,"African Journal of Traditional, Complementary and Alternative Medicines",2015,1.0,doi_found,
DUP_00121,Acupuncture Baihui activated the functional brain areas of major depressive disorder patients with regional homogeneity,10.5353/th_991044058184703414,Brain functional connectome of rumination in patients with major depressive disorder,,,0.533,possible_doi,
DUP_00512,Cerebral Response of Healthy Subjects to a Somatosensory Stimulation With XNKQ Acupuncture Compared to Control Interventions Measured With EEG and fMRI,10.3389/fnhum.2016.00404,"Difficulties Choosing Control Points in Acupuncture Research. Response: Commentary: Differential Cerebral Response, Measured with Both an EEG and fMRI, to Somatosensory Stimulation of a Single Acupuncture Point vs. Two Non-Acupuncture Points",Frontiers in Human Neuroscience,2016,0.737,doi_found,
DUP_00724,Ear acupuncture and fMRI: A pilot study for assessing the speci-city of auricular points,10.1007/s10072-014-1768-7,Ear acupuncture and fMRI: a pilot study for assessing the specificity of auricular points,Neurological Sciences,2014,0.929,doi_found,
DUP_00318,An fMRI Study prior and post acupuncture treatment during the first 24 hours of smoking cessation,10.1016/j.dza.2014.07.004,An fMRI Study prior and post acupuncture treatment during the first 24 hours of smoking cessation,Deutsche Zeitschrift für Akupunktur,2014,1.0,doi_found,
DUP_00517,Cerebrum fMRI study on the acupucture of Five Shu Points of gall bladder meridian of Foot-Shaoyang,10.3727/036012919x15650315071898,Local mechanisms for acupoint sensitization in gall bladder meridian of foot shaoyang-a gene chip study,Acupuncture &amp; Electro-Therapeutics Research,2019,0.357,not_found,
DUP_01374,Neuroimaging Approaches to Deconstructing Acupuncture for Chronic Pain,10.1186/1744-8069-3-25,Neuroimaging Revolutionizes Therapeutic Approaches to Chronic Pain,Molecular Pain,2007,0.625,doi_found,
DUP_01622,Roundtable: Psychological and neurological effects of acupuncture: Brain effects of acupuncture studied through the functional magnetic resonance imaging technique,10.1007/s11726-008-0264-0,Investigation of acupuncture effects on vegetative brain centres using functional magnetic resonance imaging,Journal of Acupuncture and Tuina Science,2008,0.5,possible_doi,
DUP_00284,Altered brain response to acupuncture after a course of acupuncture therapy for CTS is associated with analgesia,10.1136/aim.7.1.8,Acupuncture Analgesia and Therapy - Part 1,Acupuncture in Medicine,1990,0.188,not_found,
DUP_00515,Cerebral responses to puncturing at ST36 after acupuncture treatment in patients with functional dyspepsia,10.11569/wcjd.v21.i19.1882,Cerebral responses to puncturing at ST36 after acupuncture treatment in patients with functional dyspepsia,World Chinese Journal of Digestology,2013,1.0,doi_found,
DUP_01041,Functional brain connectivity predicts acupuncture analgesic effect in carpal tunnel syndrome patients,10.7324/japs.2017.70611,Analgesic effect of gabapentin in patients with carpal tunnel syndrome,Journal of Applied Pharmaceutical Science,2017,0.583,possible_doi,
DUP_01557,Regulation of cerebral regional homogeneity exerted by puncturing hao-yang acupoints for migraine patients,10.33140/amlai.03.01.06,Functional Connectivity and Regional Homogeneity Alterations in Migraine Patients: A Protocol of Systematic Review and Meta-Analysis,Advances in Machine Learning &amp; Artificial Intelligence,2022,0.385,not_found,
DUP_01633,Scalp electroacupuncture in stroke rehabilitation research: FMRI methodological issues and solutions,10.6315/3005-3846.1974,The Effect of Scalp Electroacupuncture on Motor Neuron Excitability of Stroke Patients,Rehabilitation Practice and Science,1995,0.273,not_found,
DUP_00037,A Physiological fMRI Study of Acupuncture and Perceptions of Pain in Chronic Low Back Pain Patients.,10.1002/brb3.70543/v1/review2,"Review for ""The Effect of Combining Transcranial Direct Current Stimulation and Pain Neuroscience Education in Patients With Chronic Low Back Pain and High Pain Catastrophizing: An Exploratory Clinical, Cognitive, and fMRI Study""",,2025,0.714,doi_found,
DUP_00242,Acupuncture treatment attenuates excitability of spinal motor neuron and spastic muscle overactivity in patients with persistent disturbance of consciousness following traumatic brain injury,10.1089/acm.2016.0180,Acupuncture Reduces Excitability of Spinal Motor Neurons in Patients with Spastic Muscle Overactivity and Chronic Disorder of Consciousness Following Traumatic Brain Injury,The Journal of Alternative and Complementary Medicine,2016,0.773,doi_found,
DUP_00437,Brain circuitry subserving acupuncture relief of itch in atopic dermatitis: An fMRI study,10.1186/1472-6882-12-s1-o32,OA08.04. Brain circuitry subserving acupuncture relief of itch in atopic dermatitis: an fMRI study,BMC Complementary and Alternative Medicine,2012,1.0,doi_found,
DUP_00468,Brain Plasticity Underlying Back Pain Response to Different Acupuncture Methods,10.1136/aim.18.1.65,Acupuncture for Vulval and Back Pain: Phantom Needle Response?,Acupuncture in Medicine,2000,0.4,possible_doi,
DUP_00890,Efficacy of Acupuncture and Moxibustion Treatment in Patients With Quiescent Crohn's Disease:Evaluation With Functional Magnetic Resonance Imaging(fMRI),10.1016/j.wjam.2021.05.013,Analysis of the differences in brain function response after acupuncture and moxibustion at Zúsānlĭ (足三里ST36) in the patients with functional dyspepsia based on fractional amplitude of low frequency fluctuation of rest functional magnetic resonance imaging,World Journal of Acupuncture - Moxibustion,2021,0.625,doi_found,
DUP_01520,Progress on application of fMRI in studies of meridians and acupoints,10.1016/s1003-5257(12)60011-7,Progress on application of fMRI in studies of meridians and acupoints,World Journal of Acupuncture - Moxibustion,2012,1.0,doi_found,
DUP_00506,Cerebral fMRI in observation on the therapeutic mechanism of electro-acupuncture on Shenmen and Sanyinjiao for insomnia,10.1007/s11726-010-0026-7,Observation on therapeutic effects of acupuncture treatment for insomnia,Journal of Acupuncture and Tuina Science,2010,0.4,possible_doi,
DUP_01065,Functional magnetic resonance imaging studies of acupuncture mechanisms: A critique,10.1111/j.2042-7166.2010.01048.x,Functional magnetic resonance imaging studies of acupuncture mechanisms: a critique,Focus on Alternative and Complementary Therapies,2011,1.0,doi_found,
DUP_01583,"Response to correspondence on ""functional magnetic resonance imaging activation of the brain in children: Real acupoint versus sham acupoint""",10.1177/0883073810392583,Response to Correspondence on ‘‘Functional Magnetic Resonance Imaging Activation of the Brain in Children: Real Acupoint Versus Sham Acupoint’’,Journal of Child Neurology,2011,1.0,doi_found,
DUP_01592,Resting state-functional magnetic resonance imaging technology applied to a balancing acupuncture treatment for central mechanisms,10.21203/rs.2.384/v2,Acupuncture for patients with insomnia disorder protocol for a resting-state functional magnetic resonance imaging study,,,0.4,possible_doi,
DUP_00244,Acupuncture Treatment for Migraine: a Functional Magnetic Resonance Imaging Study,10.1002/brb3.70975/v1/review1,"Review for ""A Resting State Functional Magnetic Resonance Imaging Study in Migraine Without Aura in Middle and High Altitude Areas""",,2025,0.8,doi_found,
DUP_00299,An Acupuncture fMRI Study on Chronic Pain: Response Reliability and Dose Effect,10.37766/inplasy2025.4.0052,Exploring the Dose–Response Relationship Between Acupuncture and Adverse Events: An Example From Overview of Systematic Reviews on Acupuncture for Chronic Pain Conditions,,2025,0.5,possible_doi,
DUP_00431,Brain Activity Changes Measured by EEG and fMRI on Healthy Volunteers After Complex Somatosensory Stimulation With Acupuncture Needles,10.3389/fnhum.2016.00063,Commentary: Differential Cerebral Response to Somatosensory Stimulation of an Acupuncture Point vs. Two Non-Acupuncture Points Measured with EEG and fMRI,Frontiers in Human Neuroscience,2016,0.444,possible_doi,
DUP_01434,Observation with fMRI on central mechanisms of acupuncture at ST36 using reinforcing and reducing techniques,10.5772/25022,"An fMRI Investigation on Brain Activity in Response to Unilateral Acupuncture, Electroacupuncture and Electromyostimulation on ST36 and ST39",Acupuncture - Concepts and Physiology,2011,0.333,not_found,
DUP_00040,A Pilot Study on the Effect of Electroacupuncture on Functional Brain Mapping in Patients With Irritable Bowel Syndrome,10.1016/0016-5085(95)26888-x,Effect of total body massage on irritable bowel syndrome: Results of a pilot study,Gastroenterology,1995,0.529,possible_doi,
DUP_00210,Acupuncture of motor-implicated acupoints on subacute stroke patients: An fMRI evaluation study,10.1089/acu.2009.0709,Acupuncture of Motor-Implicated Acupoints on Subacute Stroke Patients: An fMRI Evaluation Study,Medical Acupuncture,2009,1.0,doi_found,
DUP_00312,An fMRI Study of Expectancy on Acupuncture Treatment Outcomes in Knee OA,10.1186/isrctn01382777,"A study of acupuncture, physiotherapy or non-intervention in management of painful (OA) knee",http://isrctn.org/&gt;,,0.5,possible_doi,
DUP_00950,Electroacupuncturing acupoints of patients with peripheral facial paralysis: A functional MRI study,10.47939/mh.v3i4(07).24,Effect of External Application of Traditional Chinese Medicine Acupoints Combined with Acupuncture on Peripheral Facial Paralysis,Foreign Language Science and Technology Journal Database Medicine and Health,2022,0.5,possible_doi,
DUP_01070,Functional MRI and acupuncture (Large intestine 4 acupoint) in patients with myofascial pain of the jaw muscles: A pilot randomized trial,10.1089/acu.2009.0694,Functional MRI and Acupuncture (Large Intestine 4 Acupoint) in Patients With Myofascial Pain of the Jaw Muscles: A Pilot Randomized Trial,Medical Acupuncture,2009,1.0,doi_found,
DUP_01582,"Response to correspondence on ""effect of acupuncture on the brain in children with spastic cerebral palsy using functional neuroimaging (fMRI)""",10.1177/0883073809336128,Response to Correspondence on ‘‘Effect of Acupuncture on the Brain in Children With Spastic Cerebral Palsy Using Functional Neuroimaging (fMRI)’’,Journal of Child Neurology,2009,1.0,doi_found,
DUP_01593,Resting-state functional MRI evaluation of after-effect of acupuncture at Zusanli point,10.1016/b978-0-323-91688-2.00005-9,The role of vigilance in resting-state functional MRI,Advances in Resting-State Functional MRI,2023,0.4,possible_doi,
DUP_00054,"A Spinal fMRI Study of Resting-State, Motor Task and Acupoint Stimulation",10.3389/fnhum.2022.843186,Transcutaneous electrical acupoint stimulation induced sedative effects in healthy volunteers: A resting-state fMRI study,Frontiers in Human Neuroscience,2023,0.545,possible_doi,
DUP_00106,Acupuncture and the CNS: What can the brain at rest suggest?,10.1016/j.pain.2008.03.008,Acupuncture and the CNS: What can the brain at rest suggest?,Pain,2008,1.0,doi_found,
DUP_01023,fMRI Measurements on the Effect of Transcutaneous Electrical Nerve Stimulation (TENS) on Acupuncture Points Verses Spontaneous Normal Vaginal Delivery to Relief of Labor Pain,10.1016/j.physio.2016.10.091,Transcutaneous electrical nerve stimulation (TENS) at acupuncture points for the management of chronic pain: a narrative review,Physiotherapy,2016,0.455,possible_doi,
DUP_01103,Hegu acupoint of patient with peripheral facial paralysis by electroacupuncture: A functional MRI study,10.1097/md.0000000000030740,Electroacupuncture combined with Qianzhengsan decoction for the treatment of peripheral facial paralysis: A retrospective study,Medicine,2022,0.571,possible_doi,
DUP_01306,"MRI cerebral function imaging following acupuncture at Hegu, Zusanli, Neiguan and Sanyinjiao points",10.34297/ajbsr.2023.18.002501,"Comprehensive Investigation on Acupuncture at ST-36 (Zusanli), SP-6 (Sanyinjiao) and PC-6 (Neiguan) in Veterinary Studies",American Journal of Biomedical Science &amp; Research,2023,0.462,possible_doi,
DUP_01328,Needling sensation: Explanation of incongruent conclusion drawn from acupuncture fMRI study [1],10.1089/acm.2006.6217,Needling Sensation: Explanation of Incongruent Conclusion Drawn from Acupuncture fMRI Study,The Journal of Alternative and Complementary Medicine,2007,0.917,doi_found,
DUP_00682,Different cerebellar responding to acupuncture at Liv3 and LI4: An fMRI study,10.4172/2325-9639.1000112,Different Cerebellar Responding to Acupuncture at SP6 under Different Sleep States: an fMRI Study,Journal of Sleep Disorders: Treatment &amp; Care,2013,0.75,doi_found,
DUP_01025,"fMRI study of acupuncture at ""four gate points"" on normal aging people",10.3389/fnhum.2016.00063,Commentary: Differential Cerebral Response to Somatosensory Stimulation of an Acupuncture Point vs. Two Non-Acupuncture Points Measured with EEG and fMRI,Frontiers in Human Neuroscience,2016,0.333,not_found,
DUP_01676,Study of acupuncture point Liv 3 with functional MRI,10.4172/2327-5162.1000197,Altered Amplitude of Low-Frequency Fluctuation Induced by Acupuncture at Baihui Acupoint: A Pilot Functional MRI Study,Alternative &amp; Integrative Medicine,2015,0.556,possible_doi,
DUP_00115,Acupuncture at shenmen acupoint for brain functional MRI of patients with Alzheimer disease,10.1089/acu.2009.0694,Functional MRI and Acupuncture (Large Intestine 4 Acupoint) in Patients With Myofascial Pain of the Jaw Muscles: A Pilot Randomized Trial,Medical Acupuncture,2009,0.538,possible_doi,
DUP_00531,Changes of brain function in different areas of cerebral cortices due to electroacupuncture at the point ST36 through MRI,10.1016/j.brainresbull.2023.110700,Effect of electroacupuncture at ST36 on the cerebral metabolic kinetics of rheumatoid arthritis rats,Brain Research Bulletin,2023,0.333,not_found,
DUP_01560,Relationship between cerebral function and Kuangming and Taichong acupoints detected with functional MRI,10.14264/5e69acf,Relationship between Cerebral Visual Impairment (CVI) and brain structure on Magnetic Resonance Imaging (MRI) in children with cerebral palsy,,,0.5,possible_doi,
DUP_01713,Temporal cluster for the anlaysis of the fMRI characteristics of acupuncture at Hegu acupoint,10.20473/j.djmkg.v40.i1.p37-41,The effect of Hegu acupoint stimulation in dental acupuncture analgesia,Dental Journal (Majalah Kedokteran Gigi),2007,0.417,possible_doi,
DUP_01067,Functional magnetic resonance tomography in acupuncture research,10.1007/978-1-4614-3357-6_4,Functional Magnetic Resonance Imaging in Basic Acupuncture Research,Current Research in Acupuncture,2013,0.857,doi_found,
DUP_01293,Modulatory Effect of Acupuncture on Human Brain Activity,10.1155/2017/9785345,The Modulatory Effect of Acupuncture on the Activity of Locus Coeruleus Neuronal Cells: A Review,Evidence-Based Complementary and Alternative Medicine,2017,0.75,doi_found,
DUP_00019,A functional magnetic resonance imaging study comparing brain activations during language task with activations during electrical stimulation of language-implicated acupoints,10.1016/b978-012264841-0/50032-9,Detecting Language Activations with Functional Magnetic Resonance Imaging,Human Brain Function,2004,0.389,not_found,
DUP_01042,Functional Brain Imaging - Acupuncture and Osteoarthritis,10.1007/s11682-026-01094-1,Brain functional basis of the association between positive expectation and acupuncture efficacy in knee osteoarthritis,Brain Imaging and Behavior,2026,0.833,doi_found,
DUP_00201,acupuncture modulates the limbic system and subcortical gray structures of the human brain - Direct evidence by fMRI,10.1016/s1053-8119(18)31274-6,Acupuncture Modulates the Limbic System and Subcortical Gray Structures of the Human Brain – Direct Evidence by fMRI,NeuroImage,1998,1.0,doi_found,
DUP_00472,Brain response and Kirlian photography of the cat under acupuncture,10.3727/036012978817553186,Kirlian Photography (High Voltage Electro-Photography) and Acupuncture Their Application (Including Single Cell Micro-Electro-Photography) to Basic and Clinical Research and Diagnosis,Acupuncture &amp; Electro-Therapeutics Research: International Journal of Integrated Medicine,1978,0.4,possible_doi,
