arm_id,penetration_level,skin_contact,electrical_stim,electrical_frequency_hz,n_needles,n_sessions,needle_retention_min,manipulation_intensity,deqi_intended,acupoint_disease_relevant,blinding_present,blinding_quality,credibility_score,expectancy_score,prior_experience_naive,practitioner_interaction,treatment_rationale_given,sham_penetration_level,sham_skin_contact,sham_at_acupoints,sham_visual_cue,pmid
arm_EA,2.0,1.0,1.0,2.0,,1.0,15.0,2.0,1.0,,1.0,1.0,,,,1.0,1.0,,,,,21794103
arm_AP,0.0,1.0,0.0,,,1.0,15.0,1.0,0.0,,1.0,1.0,,,,1.0,1.0,,,,,21794103
arm_verum,2.0,1.0,1.0,2.0,,1.0,40.0,1.0,1.0,,0.0,0.0,,,,1.0,1.0,,,,,24821143
arm_real,2.0,1.0,0.0,,,,,2.0,1.0,,0.0,0.0,,,,1.0,0.0,,,,,23666154
arm_sham_scrub,0.0,1.0,0.0,,,,,1.0,0.0,,0.0,0.0,,,,1.0,0.0,0.0,1.0,1.0,0.0,23666154
arm_placebo,0.0,1.0,0.0,,,2.0,5.0,1.0,0.0,,1.0,1.0,,,1.0,1.0,1.0,0.0,1.0,0.0,1.0,16407533
arm_control,0.0,0.0,0.0,,,1.0,,0.0,0.0,,1.0,1.0,,,1.0,0.0,0.0,,,,,16407533
arm_CTS_baseline,2.0,1.0,1.0,2.0,,13.0,,1.0,1.0,1.0,1.0,1.0,,,1.0,1.0,1.0,,,,,17240066
arm_CTS_postacup,2.0,1.0,1.0,2.0,,13.0,,1.0,1.0,1.0,1.0,1.0,,,0.0,1.0,1.0,,,,,17240066
arm_HC,2.0,1.0,,,,,,,,,1.0,1.0,,,1.0,,,,,,,17240066
arm_acup,2.0,1.0,0.0,,,1.0,10.0,2.0,1.0,,1.0,1.0,,,,2.0,1.0,,,,,24062782
arm_tactile,0.0,1.0,0.0,,,1.0,10.0,1.0,0.0,,1.0,1.0,,,,1.0,1.0,0.0,1.0,1.0,0.0,24062782
arm_stroke,2.0,1.0,0.0,,,1.0,,2.0,1.0,1.0,0.0,0.0,,,,1.0,1.0,,,,,24734113
arm_healthy,2.0,1.0,0.0,,,1.0,,2.0,1.0,,0.0,0.0,,,,1.0,1.0,,,,,24734113
arm_verum,2.0,1.0,0.0,,,,5.0,2.0,1.0,,0.0,0.0,,,,1.0,1.0,,,,,25228908
arm_AD,,,,,,,,,,,1.0,1.0,,,,,0.0,,,,,22916152
arm_MCI,,,,,,,,,,,1.0,1.0,,,,,0.0,,,,,22916152
arm_NOR,,,,,,,,,,,1.0,1.0,,,,,0.0,,,,,22916152
arm_acupuncture,2.0,1.0,0.0,,,1.0,0.5,2.0,1.0,,1.0,1.0,,,,1.0,1.0,,,,,20423216
arm_sham,0.0,1.0,0.0,,,1.0,0.5,1.0,0.0,,1.0,1.0,,,,1.0,0.0,0.0,1.0,1.0,0.0,20423216
arm_visual,0.0,0.0,0.0,,,,,0.0,0.0,,0.0,0.0,,,,0.0,1.0,,,,,9482939
arm_acupoint,2.0,1.0,0.0,,,,,2.0,0.0,,0.0,0.0,,,,1.0,1.0,,,,,9482939
arm_nonacupoint,2.0,1.0,0.0,,,,,1.0,0.0,,0.0,0.0,,,,1.0,0.0,2.0,1.0,0.0,1.0,9482939
arm_ST36,2.0,1.0,0.0,,,1.0,9.0,2.0,1.0,,1.0,1.0,,,,1.0,1.0,,,,,23691237
arm_NAP,2.0,1.0,0.0,,,1.0,9.0,2.0,,,1.0,1.0,,,,1.0,1.0,2.0,1.0,0.0,0.0,23691237
arm_FD,3.0,1.0,0.0,,,10.0,30.0,2.0,1.0,1.0,0.0,0.0,,,,1.0,1.0,,,,,24459533
arm_HC,3.0,1.0,0.0,,,10.0,30.0,2.0,1.0,,0.0,0.0,,,,1.0,1.0,,,,,24459533
arm_acupuncture,2.0,1.0,0.0,,,1.0,8.0,2.0,1.0,,1.0,1.0,,,1.0,1.0,0.0,,,,,23316257
arm_tactile,0.0,1.0,0.0,,,1.0,8.0,1.0,0.0,,1.0,1.0,,,1.0,1.0,1.0,0.0,1.0,1.0,0.0,23316257
arm_review_included_studies,,,,,,,,,,,0.0,0.0,,,,,0.0,,,,,23935686
arm_PD,2.0,1.0,0.0,,1.0,1.0,,1.0,,1.0,0.0,0.0,,,,1.0,1.0,,,,,25220656
arm_HC,2.0,1.0,0.0,,1.0,1.0,,1.0,,,0.0,0.0,,,,1.0,1.0,,,,,25220656
arm_healthy,2.0,1.0,0.0,,,1.0,3.0,1.0,1.0,,0.0,0.0,,,,1.0,1.0,,,,,25452777
arm_stroke,2.0,1.0,0.0,,,1.0,3.0,1.0,1.0,1.0,0.0,0.0,,,,1.0,1.0,,,,,25452777
arm_TA,2.0,1.0,0.0,,,1.0,30.0,2.0,1.0,,1.0,1.0,,,,1.0,0.0,,,,,24963329
arm_SA,0.0,1.0,0.0,,,1.0,30.0,0.0,0.0,,1.0,1.0,,,,1.0,0.0,0.0,1.0,1.0,0.0,24963329
arm_stroke,2.0,1.0,0.0,,,1.0,1.0,2.0,1.0,1.0,0.0,0.0,,,,1.0,1.0,,,,,24734108
arm_control,2.0,1.0,0.0,,,1.0,1.0,2.0,1.0,,0.0,0.0,,,,1.0,1.0,,,,,24734108
arm_acup,2.0,1.0,0.0,,,2.0,20.0,2.0,,,1.0,1.0,,,,1.0,1.0,,,,,22761766
arm_sham,2.0,1.0,0.0,,,2.0,20.0,2.0,,,1.0,1.0,,,,1.0,1.0,2.0,1.0,0.0,1.0,22761766
arm_mci,2.0,1.0,0.0,,,1.0,9.0,2.0,0.0,1.0,0.0,0.0,,,,1.0,1.0,,,,,24968124
arm_hc,2.0,1.0,0.0,,,1.0,9.0,2.0,0.0,,0.0,0.0,,,,1.0,1.0,,,,,24968124
arm_A,3.0,1.0,0.0,,,32.0,30.0,2.0,1.0,1.0,1.0,1.0,,,,1.0,1.0,,,,,24915066
arm_B,3.0,1.0,0.0,,,32.0,30.0,2.0,1.0,0.0,1.0,1.0,,,,1.0,1.0,3.0,1.0,0.0,1.0,24915066
arm_acupuncture,1.0,1.0,0.0,,,,10.0,2.0,1.0,,1.0,1.0,,,,1.0,1.0,,,,,19559684
arm_tactile,0.0,1.0,0.0,,,,,1.0,0.0,,1.0,1.0,,,1.0,1.0,1.0,0.0,1.0,1.0,0.0,19559684
arm_real,2.0,1.0,0.0,,,1.0,3.0,2.0,,,0.0,0.0,,,,1.0,1.0,,,,,25525442
arm_sham,2.0,1.0,0.0,,,1.0,3.0,2.0,,,0.0,0.0,,,,1.0,1.0,2.0,1.0,0.0,1.0,25525442
arm_MA,2.0,1.0,0.0,,,1.0,,2.0,1.0,,0.0,0.0,,,,1.0,0.0,,,,,23840533
arm_EA,2.0,1.0,1.0,2.0,,1.0,,1.0,1.0,,0.0,0.0,,,,1.0,0.0,,,,,23840533
arm_TEAS,0.0,1.0,1.0,2.0,,1.0,,1.0,1.0,,0.0,0.0,,,,1.0,0.0,,,,,23840533
arm_SC,0.0,1.0,0.0,,,1.0,,1.0,0.0,,0.0,0.0,,,,1.0,1.0,0.0,1.0,1.0,0.0,23840533
arm_CV4,2.0,1.0,1.0,15.0,,1.0,,2.0,1.0,,1.0,1.0,,,,1.0,1.0,,,,,22291848
arm_CV12,2.0,1.0,1.0,15.0,,1.0,,2.0,1.0,,1.0,1.0,,,,1.0,1.0,,,,,22291848
arm_genuine_HE,2.0,1.0,1.0,2.0,,2.0,25.0,2.0,1.0,,1.0,1.0,,,1.0,1.0,1.0,,,,,21080967
arm_genuine_LE,2.0,1.0,1.0,2.0,,2.0,25.0,2.0,1.0,,1.0,1.0,,,1.0,1.0,1.0,,,,,21080967
arm_sham_HE,0.0,1.0,0.0,,,2.0,25.0,0.0,0.0,,1.0,1.0,,,1.0,1.0,0.0,0.0,1.0,1.0,1.0,21080967
arm_sham_LE,0.0,1.0,0.0,,,2.0,25.0,0.0,0.0,,1.0,1.0,,,1.0,1.0,0.0,0.0,1.0,1.0,1.0,21080967
arm_verum,0.0,1.0,0.0,,,1.0,,0.0,0.0,,1.0,1.0,,,,1.0,1.0,,,,,20838644
arm_placebo,0.0,1.0,0.0,,,1.0,,0.0,0.0,,1.0,1.0,,,,1.0,1.0,0.0,1.0,1.0,0.0,20838644
arm_A,2.0,1.0,0.0,,,1.0,3.0,2.0,,1.0,1.0,1.0,,,,1.0,1.0,,,,,23152865
arm_B,2.0,1.0,0.0,,,1.0,3.0,2.0,,1.0,1.0,1.0,,,,1.0,1.0,,,,,23152865
arm_C,2.0,1.0,0.0,,,1.0,3.0,2.0,,0.0,1.0,1.0,,,,1.0,1.0,2.0,1.0,0.0,1.0,23152865
arm_D,2.0,1.0,0.0,,,1.0,3.0,2.0,,0.0,1.0,1.0,,,,1.0,1.0,2.0,1.0,0.0,1.0,23152865
arm_AD,2.0,1.0,0.0,,,1.0,3.0,1.0,0.0,1.0,0.0,0.0,,,,1.0,1.0,,,,,24603951
arm_NC,2.0,1.0,0.0,,,1.0,3.0,1.0,0.0,,0.0,0.0,,,,1.0,1.0,,,,,24603951
arm_stroke,3.0,1.0,0.0,,,1.0,,2.0,1.0,1.0,0.0,0.0,,,,1.0,1.0,,,,,28443010
arm_healthy,3.0,1.0,0.0,,,1.0,,2.0,1.0,,0.0,0.0,,,,1.0,0.0,,,,,28443010
arm_A,2.0,1.0,0.0,,,20.0,30.0,2.0,1.0,1.0,1.0,1.0,,,,1.0,1.0,,,,,29951105
arm_B,0.0,0.0,0.0,,,,,0.0,0.0,,1.0,1.0,,,,1.0,1.0,,,,,29951105
contra_group,2.0,1.0,0.0,,,1.0,20.0,2.0,1.0,1.0,1.0,1.0,,,,1.0,1.0,,,,,29563830
ipsi_group,2.0,1.0,0.0,,,1.0,20.0,2.0,1.0,1.0,1.0,1.0,,,,1.0,1.0,,,,,29563830
arm_pms_eas,2.0,1.0,1.0,,,1.0,6.0,0.0,1.0,1.0,0.0,0.0,,,,1.0,1.0,,,,,29904344
arm_AD,2.0,1.0,0.0,,,1.0,3.0,1.0,0.0,1.0,0.0,0.0,,,,1.0,1.0,,,,,29763448
arm_HC,,,,,,,,,,,0.0,0.0,,,,,0.0,,,,,29763448
arm_verum,2.0,1.0,0.0,,,,20.0,0.0,0.0,1.0,1.0,1.0,,,,1.0,1.0,,,,,27812501
arm_sham,0.0,1.0,0.0,,,,20.0,0.0,0.0,1.0,1.0,1.0,,,,1.0,0.0,0.0,1.0,1.0,0.0,27812501
arm_LR3,2.0,1.0,0.0,,,1.0,30.0,2.0,1.0,,1.0,1.0,,,,1.0,1.0,,,,,28480365
arm_sham_acu,0.0,1.0,0.0,,,1.0,30.0,0.0,0.0,,1.0,1.0,,,,1.0,1.0,0.0,1.0,1.0,0.0,28480365
arm_sham_acupoint,2.0,1.0,0.0,,,1.0,30.0,2.0,1.0,,1.0,1.0,,,,1.0,1.0,1.0,1.0,0.0,1.0,28480365
arm_CLBP,0.0,1.0,0.0,,,1.0,,1.0,0.0,0.0,1.0,1.0,,,,1.0,1.0,0.0,1.0,1.0,1.0,30881095
TAG,3.0,1.0,0.0,,,24.0,30.0,2.0,,1.0,1.0,1.0,,,,1.0,1.0,,,,,30034336
SAG,1.0,1.0,0.0,,,24.0,,0.0,,0.0,1.0,1.0,,,,1.0,0.0,1.0,1.0,0.0,1.0,30034336
WG,0.0,0.0,0.0,,,,,0.0,,,1.0,1.0,,,,0.0,0.0,,,,,30034336
arm_XNKQ,2.0,1.0,0.0,,5.0,4.0,0.0,2.0,1.0,,1.0,1.0,,,,2.0,1.0,,,,,30914909
arm_pns,2.0,1.0,0.0,,5.0,1.0,,0.0,0.0,,1.0,1.0,,,,1.0,1.0,2.0,1.0,1.0,1.0,30914909
arm_npws,2.0,1.0,0.0,,5.0,1.0,,2.0,0.0,,1.0,1.0,,,,2.0,1.0,2.0,1.0,0.0,1.0,30914909
arm_npns,2.0,1.0,0.0,,5.0,1.0,,0.0,0.0,,1.0,1.0,,,,1.0,1.0,2.0,1.0,0.0,1.0,30914909
arm_genuine,2.0,1.0,0.0,,,1.0,,1.0,,,0.0,0.0,,,,1.0,1.0,,,,,26211895
arm_pseudo,1.0,1.0,0.0,,,1.0,,0.0,,,1.0,1.0,,,,1.0,1.0,1.0,1.0,1.0,0.0,26211895
EA,2.0,1.0,1.0,,,36.0,30.0,0.0,0.0,1.0,1.0,1.0,,,,1.0,1.0,,,,,27857211
Mox,0.0,1.0,0.0,,,36.0,,0.0,0.0,1.0,1.0,1.0,,,,1.0,1.0,,,,,27857211
HC,,,,,,,,,,,1.0,1.0,,,,0.0,0.0,,,,,27857211
CD_all,,,,,,,,,,,1.0,1.0,,,,0.0,0.0,,,,,27857211
arm_MWoA,2.0,1.0,0.0,,,20.0,30.0,1.0,1.0,1.0,0.0,0.0,,,,1.0,1.0,,,,,25916336
arm_HC,0.0,0.0,0.0,,,,,0.0,0.0,,0.0,0.0,,,,0.0,0.0,,,,,25916336
arm_left_gb34,2.0,1.0,0.0,,,1.0,5.0,1.0,,,0.0,0.0,,,,1.0,1.0,,,,,28053642
arm_right_gb34,2.0,1.0,0.0,,,1.0,5.0,1.0,,,0.0,0.0,,,,1.0,1.0,,,,,28053642
arm_MDD,2.0,1.0,1.0,1.0,,1.0,20.0,1.0,1.0,1.0,0.0,0.0,,,,1.0,1.0,,,,,27242492
arm_HC,,,,,,,,,,,0.0,0.0,,,,0.0,0.0,,,,,27242492
arm_included_studies,2.0,1.0,0.0,,,,,1.0,1.0,,0.0,0.0,,,,1.0,0.0,,,,,27242911
arm_ea,2.0,1.0,1.0,,,36.0,30.0,1.0,1.0,1.0,0.0,0.0,,,,1.0,1.0,,,,,29204113
arm_moxa,0.0,1.0,0.0,,,36.0,,0.0,0.0,1.0,0.0,0.0,,,,1.0,1.0,,,,,29204113
arm_ACU,2.0,1.0,0.0,,,1.0,21.0,2.0,1.0,1.0,1.0,1.0,,,,1.0,1.0,,,,,25821486
arm_SHAM,1.0,1.0,0.0,,,1.0,0.0,0.0,0.0,0.0,1.0,1.0,,,,1.0,0.0,1.0,1.0,0.0,1.0,25821486
arm_local,2.0,1.0,1.0,2.0,,16.0,20.0,2.0,1.0,1.0,1.0,2.0,,,,1.0,1.0,,,,,28334999
arm_distal,2.0,1.0,1.0,2.0,,16.0,20.0,2.0,1.0,0.0,1.0,2.0,,,,1.0,1.0,,,,,28334999
arm_sham,0.0,1.0,0.0,,,16.0,,0.0,0.0,0.0,1.0,2.0,,,,1.0,1.0,0.0,1.0,0.0,1.0,28334999
arm_hc,,,,,,,,,,,,,,,,,,,,,,28334999
arm_acupuncture,2.0,1.0,0.0,,,1.0,20.0,2.0,,,1.0,1.0,,,,1.0,1.0,,,,,30914919
arm_placebo,0.0,1.0,0.0,,,1.0,,1.0,,,1.0,1.0,,,,1.0,1.0,0.0,1.0,0.0,0.0,30914919
arm_responder,,,,,,,,,,,1.0,1.0,,,,,,,,,,30914919
arm_nonresponder,,,,,,,,,,,1.0,1.0,,,,,,,,,,30914919
arm_KI3,0.0,1.0,0.0,,,1.0,30.0,0.0,0.0,,1.0,1.0,,,,1.0,0.0,0.0,1.0,1.0,1.0,26467429
arm_nonacupoint,3.0,1.0,0.0,,,1.0,30.0,2.0,1.0,,1.0,1.0,,,,1.0,0.0,,,,,26467429
real,3.0,1.0,0.0,,,1.0,,2.0,1.0,1.0,0.0,0.0,,,,1.0,0.0,,,,,29343693
phnt,0.0,0.0,0.0,,,1.0,,0.0,0.0,1.0,1.0,1.0,,,,1.0,0.0,0.0,0.0,1.0,1.0,29343693
arm_LR3,2.0,1.0,0.0,,,1.0,30.0,2.0,1.0,1.0,0.0,0.0,,,,1.0,1.0,,,,,30719061
arm_KI3,2.0,1.0,0.0,,,1.0,30.0,2.0,1.0,1.0,0.0,0.0,,,,1.0,1.0,,,,,30719061
arm_LR3KI3,2.0,1.0,0.0,,,1.0,30.0,2.0,1.0,1.0,0.0,0.0,,,,1.0,1.0,,,,,30719061
arm_CM,2.0,1.0,0.0,,,36.0,30.0,2.0,1.0,1.0,0.0,0.0,,,,1.0,1.0,,,,,31011330
arm_HC,0.0,0.0,0.0,,,,,0.0,0.0,,0.0,0.0,,,,0.0,0.0,,,,,31011330
VA1,2.0,1.0,0.0,,,20.0,30.0,2.0,1.0,1.0,0.0,0.0,,,,1.0,0.0,,,,,26839078
VA2,2.0,1.0,0.0,,,20.0,30.0,2.0,1.0,1.0,0.0,0.0,,,,1.0,0.0,,,,,26839078
VA3,2.0,1.0,0.0,,,20.0,30.0,2.0,1.0,1.0,0.0,0.0,,,,1.0,0.0,,,,,26839078
SA,2.0,1.0,0.0,,,20.0,30.0,2.0,1.0,0.0,0.0,0.0,,,,1.0,0.0,2.0,1.0,0.0,1.0,26839078
WT,0.0,0.0,0.0,,,,,0.0,0.0,0.0,0.0,0.0,,,,0.0,0.0,,,,,26839078
HC,0.0,0.0,0.0,,,,,0.0,0.0,,0.0,0.0,,,,0.0,0.0,,,,,26839078
AG,2.0,1.0,0.0,,,20.0,30.0,2.0,1.0,1.0,0.0,0.0,,,,1.0,0.0,,,,,26839078
healthy_subjects,2.0,1.0,0.0,,,3.0,25.0,2.0,,,1.0,1.0,,,,1.0,1.0,,,,,25741269
arm_ST36,2.0,1.0,0.0,,,1.0,6.0,2.0,,,1.0,1.0,,,,1.0,1.0,,,,,27803655
arm_CP1,2.0,1.0,0.0,,,1.0,6.0,2.0,,,1.0,1.0,,,,1.0,1.0,2.0,1.0,0.0,1.0,27803655
arm_CP2,2.0,1.0,0.0,,,1.0,6.0,2.0,,,1.0,1.0,,,,1.0,1.0,2.0,1.0,0.0,1.0,27803655
arm_LR3,2.0,1.0,0.0,,,1.0,30.0,2.0,1.0,1.0,1.0,1.0,,,,1.0,0.0,,,,,27688791
arm_sham,2.0,1.0,0.0,,,1.0,30.0,2.0,1.0,0.0,1.0,1.0,,,,1.0,0.0,2.0,1.0,0.0,1.0,27688791
arm_AD_real,2.0,1.0,0.0,,,1.0,3.0,2.0,0.0,1.0,0.0,0.0,,,,1.0,1.0,,,,,30105065
arm_AD_sham,2.0,1.0,0.0,,,1.0,3.0,2.0,0.0,0.0,0.0,0.0,,,,1.0,0.0,2.0,1.0,0.0,1.0,30105065
arm_MCI_real,2.0,1.0,0.0,,,1.0,3.0,2.0,0.0,1.0,0.0,0.0,,,,1.0,1.0,,,,,30105065
arm_MCI_sham,2.0,1.0,0.0,,,1.0,3.0,2.0,0.0,0.0,0.0,0.0,,,,1.0,0.0,2.0,1.0,0.0,1.0,30105065
arm_HC_real,2.0,1.0,0.0,,,1.0,3.0,2.0,0.0,,0.0,0.0,,,,1.0,0.0,,,,,30105065
arm_ALBP,2.0,1.0,0.0,,,1.0,,2.0,0.0,,1.0,1.0,,,,0.0,1.0,,,,,26161117
arm_all_fd,2.0,1.0,0.0,,,20.0,30.0,2.0,1.0,1.0,0.0,0.0,,,,1.0,0.0,,,,,35464313
arm_higher_response,2.0,1.0,0.0,,,,,2.0,1.0,1.0,0.0,0.0,,,,1.0,0.0,,,,,35464313
arm_lower_response,2.0,1.0,0.0,,,,,2.0,1.0,1.0,0.0,0.0,,,,1.0,0.0,,,,,35464313
arm_CG,0.0,0.0,0.0,,,,,0.0,0.0,,1.0,1.0,,,,0.0,1.0,,,,,34431029
arm_TG,2.0,1.0,0.0,,,6.0,30.0,1.0,1.0,1.0,1.0,1.0,,,,1.0,1.0,,,,,34431029
arm_EA,2.0,1.0,1.0,2.0,,1.0,15.0,1.0,1.0,1.0,0.0,0.0,,,,1.0,1.0,,,,,33776442
arm_acupuncture,2.0,1.0,0.0,,,12.0,30.0,1.0,,1.0,1.0,1.0,,,,1.0,1.0,,,,,32194493
arm_sham,,,,,,,,,,,1.0,1.0,,,,,0.0,,,0.0,,32194493
arm_IBSD,3.0,1.0,0.0,,,18.0,30.0,2.0,1.0,1.0,0.0,0.0,,,,1.0,1.0,,,,,34720908
arm_HC,0.0,0.0,0.0,,,,,0.0,0.0,,0.0,0.0,,,,0.0,0.0,,,,,34720908
arm_CLBP,,,,,,,,,,,1.0,1.0,,,1.0,,0.0,,,,,34949986
arm_HC,,,,,,,,,,,1.0,1.0,,,1.0,,0.0,,,,,34949986
arm_MwoA,2.0,1.0,1.0,2.0,,12.0,20.0,1.0,1.0,1.0,0.0,0.0,,,,1.0,1.0,,,,,34122321
arm_HC,0.0,0.0,0.0,,,,,0.0,0.0,,0.0,0.0,,,,0.0,0.0,,,,,34122321
arm_NC,0.0,0.0,0.0,,,,,0.0,0.0,,0.0,0.0,,,,0.0,0.0,,,,,33384580
arm_IBSbs,0.0,0.0,0.0,,,,,0.0,0.0,0.0,0.0,0.0,,,,0.0,0.0,,,,,33384580
arm_IBS1st,2.0,1.0,0.0,,,18.0,30.0,2.0,1.0,1.0,0.0,0.0,,,,1.0,1.0,,,,,33384580
arm_groupA,2.0,1.0,0.0,,,10.0,30.0,2.0,1.0,1.0,0.0,0.0,,,,1.0,1.0,,,,,35557556
arm_groupB,2.0,1.0,0.0,,,10.0,30.0,2.0,1.0,0.0,0.0,0.0,,,,1.0,1.0,,,,,35557556
arm_HS,0.0,0.0,0.0,,,,,0.0,0.0,,0.0,0.0,,,,0.0,0.0,,,,,35557556
arm_CSAP_all,0.0,0.0,0.0,,,,,0.0,0.0,,0.0,0.0,,,,0.0,0.0,,,,,35557556
arm_CON,0.0,0.0,0.0,,,1.0,,0.0,0.0,,1.0,1.0,,,,0.0,1.0,,,,,33664320
arm_CON_U,0.0,1.0,0.0,,,,,0.0,0.0,,1.0,1.0,,,,0.0,0.0,,,,,33664320
arm_ACU,1.0,1.0,0.0,,,1.0,10.0,2.0,0.0,,1.0,1.0,,,,1.0,1.0,,,,,33664320
arm_ACU_U,1.0,1.0,0.0,,,1.0,10.0,2.0,0.0,,1.0,1.0,,,,1.0,1.0,,,,,33664320
arm_ACU_C,1.0,1.0,0.0,,,,,2.0,0.0,,1.0,1.0,,,,1.0,0.0,,,,,33664320
arm_ACU_D,1.0,1.0,0.0,,,,,2.0,0.0,,1.0,1.0,,,,1.0,0.0,,,,,33664320
arm_NACU,1.0,1.0,0.0,,,1.0,,1.0,0.0,,1.0,1.0,,,,1.0,1.0,1.0,1.0,0.0,1.0,33664320
arm_effective,2.0,1.0,0.0,,,2.0,15.0,2.0,1.0,,1.0,1.0,,,,1.0,1.0,,,,,33560579
arm_sham,1.0,1.0,0.0,,,2.0,15.0,2.0,0.0,,1.0,1.0,,,,1.0,1.0,1.0,1.0,0.0,1.0,33560579
arm_real,2.0,1.0,0.0,,,21.0,30.0,2.0,1.0,1.0,1.0,1.0,,,,1.0,1.0,,,,,33013312
arm_sham,1.0,1.0,0.0,,,21.0,30.0,0.0,0.0,0.0,1.0,1.0,,,,1.0,1.0,1.0,1.0,0.0,1.0,33013312
arm_contra,2.0,1.0,0.0,,,1.0,20.0,2.0,1.0,1.0,1.0,1.0,,,,1.0,1.0,,,,,32377180
arm_ipsi,2.0,1.0,0.0,,,1.0,20.0,2.0,1.0,1.0,1.0,1.0,,,,1.0,0.0,,,,,32377180
arm_MWoA,2.0,1.0,1.0,50.0,,12.0,15.0,1.0,0.0,0.0,0.0,0.0,,,,1.0,1.0,,,,,35312785
arm_MWA,2.0,1.0,1.0,50.0,,12.0,15.0,1.0,0.0,0.0,0.0,0.0,,,,1.0,1.0,,,,,35312785
arm_CM,2.0,1.0,1.0,50.0,,12.0,15.0,1.0,0.0,0.0,0.0,0.0,,,,1.0,1.0,,,,,35312785
arm_HC,0.0,0.0,0.0,,,,,0.0,0.0,,0.0,0.0,,,,0.0,0.0,,,,,35312785
arm_FPI,2.0,1.0,1.0,15.0,,25.0,30.0,2.0,1.0,1.0,0.0,0.0,,,,1.0,1.0,,,,,33146953
arm_MPI,2.0,1.0,1.0,15.0,,25.0,30.0,2.0,1.0,1.0,0.0,0.0,,,,1.0,1.0,,,,,33146953
arm_EA,2.0,1.0,1.0,2.0,,8.0,25.0,1.0,1.0,1.0,1.0,1.0,,,,1.0,1.0,,,,,33314799
arm_ML,0.0,0.0,0.0,,,8.0,25.0,0.0,0.0,1.0,1.0,1.0,,,,1.0,1.0,0.0,0.0,1.0,0.0,33314799
arm_A,2.0,1.0,0.0,,,20.0,,1.0,,1.0,1.0,1.0,,,,1.0,1.0,,,,,35585920
arm_B,2.0,1.0,0.0,,,20.0,,1.0,,1.0,1.0,1.0,,,,1.0,1.0,,,,,35585920
arm_verum_ea,2.0,1.0,1.0,1.0,,1.0,20.0,1.0,1.0,,0.0,0.0,,,,1.0,1.0,,,,,35096130
arm_sham,1.0,1.0,0.0,,,5.0,20.0,0.0,0.0,,0.0,0.0,,,,0.0,1.0,1.0,1.0,1.0,1.0,32612281
arm_st36,2.0,1.0,1.0,2.0,,5.0,20.0,1.0,0.0,,0.0,0.0,,,,0.0,1.0,,,,,32612281
arm_pc6,2.0,1.0,1.0,2.0,,5.0,20.0,1.0,0.0,,0.0,0.0,,,,0.0,1.0,,,,,32612281
S_Acu,2.0,1.0,1.0,4.0,,25.0,30.0,1.0,1.0,1.0,1.0,1.0,,,,1.0,1.0,,,,,32807158
M_Acu,2.0,1.0,1.0,4.0,,25.0,30.0,1.0,1.0,1.0,1.0,1.0,,,,1.0,1.0,,,,,32807158
N_Acu,2.0,1.0,1.0,4.0,,25.0,30.0,1.0,1.0,0.0,1.0,1.0,,,,1.0,1.0,2.0,1.0,0.0,1.0,32807158
TA,2.0,1.0,0.0,,,27.0,30.0,2.0,1.0,1.0,1.0,1.0,,,,1.0,1.0,,,,,34671239
SA,2.0,1.0,0.0,,,27.0,30.0,0.0,0.0,0.0,1.0,1.0,,,,1.0,1.0,2.0,1.0,0.0,1.0,34671239
G1,2.0,1.0,1.0,2.0,,1.0,,0.0,0.0,1.0,0.0,0.0,,,,1.0,1.0,,,,,35310583
G2,2.0,1.0,1.0,2.0,,1.0,,0.0,0.0,1.0,0.0,0.0,,,,1.0,1.0,,,,,35310583
G3,2.0,1.0,1.0,2.0,,1.0,,0.0,0.0,1.0,0.0,0.0,,,,1.0,1.0,,,,,35310583
arm_acupuncture,2.0,1.0,0.0,,,1.0,12.0,2.0,1.0,,0.0,0.0,,,,1.0,1.0,,,,,34483822
arm_KOA,2.0,1.0,0.0,,,1.0,,1.0,1.0,1.0,0.0,0.0,,,,1.0,1.0,,,,,35115998
arm_HC,2.0,1.0,0.0,,,1.0,,1.0,1.0,,0.0,0.0,,,,1.0,1.0,,,,,35115998
arm_real_acu,2.0,1.0,0.0,,,1.0,,2.0,,,0.0,0.0,,,,1.0,0.0,,,,,33551385
arm_sham_scrub,0.0,1.0,0.0,,,1.0,,1.0,,,0.0,0.0,,,,1.0,1.0,0.0,1.0,1.0,0.0,33551385
arm_tinnitus,2.0,1.0,0.0,,,12.0,30.0,2.0,1.0,1.0,0.0,0.0,,,,2.0,0.0,,,,,35153654
arm_control,,,,,,,,,,,0.0,0.0,,,,0.0,0.0,,,,,35153654
arm_RA,2.0,1.0,0.0,,,,7.0,2.0,1.0,1.0,1.0,2.0,,,1.0,1.0,1.0,,,,,34108856
arm_SA,2.0,1.0,0.0,,,,7.0,2.0,0.0,0.0,1.0,2.0,,,1.0,1.0,0.0,2.0,1.0,0.0,1.0,34108856
arm_REAL,2.0,1.0,0.0,,,1.0,,2.0,1.0,1.0,0.0,0.0,,,,1.0,1.0,,,,,31636536
arm_PHNT,0.0,0.0,0.0,,,1.0,,0.0,0.0,,1.0,1.0,,,,1.0,1.0,0.0,0.0,1.0,1.0,31636536
arm_cnsp,3.0,1.0,0.0,,,20.0,30.0,2.0,1.0,1.0,1.0,1.0,,,,1.0,0.0,,,,,35048524
arm_hc,0.0,0.0,0.0,,,,,0.0,0.0,,1.0,1.0,,,,0.0,0.0,,,,,35048524
arm_group1,3.0,1.0,1.0,2.0,,8.0,20.0,2.0,1.0,1.0,0.0,0.0,,,,1.0,1.0,,,,,38245739
arm_group2,0.0,0.0,0.0,,,,,0.0,0.0,,0.0,0.0,,,,0.0,0.0,,,,,38245739
arm_VA,2.0,1.0,0.0,,,10.0,30.0,1.0,1.0,1.0,1.0,1.0,,,,1.0,0.0,,,,,36890655
arm_SA,2.0,1.0,0.0,,,10.0,30.0,1.0,1.0,0.0,1.0,1.0,,,,1.0,0.0,2.0,1.0,0.0,1.0,36890655
arm_SC,0.0,0.0,0.0,,,,,0.0,0.0,0.0,1.0,2.0,,,,0.0,1.0,,,,,36890655
arm_PB,0.0,0.0,0.0,,,,,0.0,0.0,0.0,1.0,2.0,,,,0.0,0.0,0.0,0.0,0.0,1.0,36890655
arm_WL,0.0,0.0,0.0,,,,,0.0,0.0,0.0,0.0,0.0,,,,0.0,0.0,,,,,36890655
arm_HC,,,,,,,,,,,0.0,0.0,,,,0.0,0.0,,,,,36890655
arm_AG,2.0,1.0,0.0,,,10.0,30.0,1.0,1.0,1.0,1.0,1.0,,,,1.0,0.0,,,,,36890655
arm_ERR,2.0,1.0,0.0,,,1.0,,2.0,1.0,,0.0,0.0,,,,1.0,1.0,,,,,37206312
arm_LTRei,2.0,1.0,0.0,,,1.0,,2.0,1.0,,0.0,0.0,,,,1.0,1.0,,,,,37206312
arm_LTRed,2.0,1.0,0.0,,,1.0,,2.0,1.0,,0.0,0.0,,,,1.0,1.0,,,,,37206312
arm_exp,0.0,1.0,1.0,,,1.0,5.0,0.0,0.0,1.0,1.0,2.0,,,,1.0,1.0,,,,,36102803
arm_ctrl,0.0,0.0,0.0,,,1.0,,0.0,0.0,,1.0,2.0,,,,0.0,0.0,,,,,36102803
arm_01,3.0,1.0,0.0,,,1.0,,2.0,,,0.0,0.0,,,,1.0,1.0,,,,,35959405
acu,2.0,1.0,0.0,,,60.0,40.0,2.0,1.0,1.0,1.0,1.0,,,,2.0,1.0,,,,,36922926
con,0.0,0.0,0.0,,,,,0.0,0.0,,1.0,1.0,,,,1.0,1.0,,,,,36922926
arm_FD_acupuncture,2.0,1.0,0.0,,,20.0,,1.0,,1.0,0.0,0.0,,,,1.0,0.0,,,,,35965072
arm_responders,2.0,1.0,0.0,,,,,,,1.0,0.0,0.0,,,,1.0,0.0,,,,,35965072
arm_non_responders,2.0,1.0,0.0,,,,,,,1.0,0.0,0.0,,,,1.0,0.0,,,,,35965072
VA,2.0,1.0,0.0,,,,30.0,1.0,1.0,1.0,0.0,0.0,,,,1.0,1.0,,,,,36051643
SA,1.0,1.0,0.0,,,,30.0,0.0,0.0,0.0,0.0,0.0,,,,1.0,0.0,1.0,1.0,0.0,1.0,36051643
arm_patient,3.0,1.0,0.0,,,1.0,8.0,1.0,,1.0,0.0,0.0,,,,1.0,1.0,,,,,35734477
arm_control,3.0,1.0,0.0,,,1.0,8.0,1.0,,,0.0,0.0,,,,1.0,0.0,,,,,35734477
arm_C1,3.0,1.0,,,,,,,,1.0,0.0,0.0,,,,1.0,0.0,,,,,35734477
arm_C2,3.0,1.0,,,,,,,,1.0,0.0,0.0,,,,1.0,0.0,,,,,35734477
arm_C3,3.0,1.0,,,,,,,,1.0,0.0,0.0,,,,1.0,0.0,,,,,35734477
arm_Nih1,3.0,1.0,,,,,,,,1.0,0.0,0.0,,,,1.0,0.0,,,,,35734477
arm_Nih2,3.0,1.0,,,,,,,,1.0,0.0,0.0,,,,1.0,0.0,,,,,35734477
arm_Nih3,3.0,1.0,,,,,,,,1.0,0.0,0.0,,,,1.0,0.0,,,,,35734477
arm_AD_real,2.0,1.0,0.0,,,8.0,,1.0,,1.0,1.0,2.0,,,,1.0,0.0,,,,,38651018
arm_AD_sham,,,0.0,,,8.0,,0.0,0.0,,1.0,2.0,,,,1.0,0.0,,,,,38651018
arm_AD_baseline,,,,,,,,,,,1.0,2.0,,,,,,,,,,38651018
arm_HC,,,,,,,,,,,1.0,2.0,,,,,,,,,,38651018
arm_AD_high_responder,2.0,1.0,0.0,,,,,1.0,,1.0,1.0,2.0,,,,1.0,0.0,,,,,38651018
arm_AD_low_responder,2.0,1.0,0.0,,,,,1.0,,1.0,1.0,2.0,,,,1.0,0.0,,,,,38651018
TA,2.0,1.0,0.0,,,12.0,30.0,2.0,1.0,1.0,1.0,1.0,,,,1.0,1.0,,,,,37408438
SA,1.0,1.0,0.0,,,12.0,30.0,0.0,0.0,0.0,1.0,1.0,,,,1.0,1.0,1.0,1.0,0.0,1.0,37408438
arm_HC,0.0,0.0,0.0,,,,,0.0,0.0,,0.0,0.0,,,,0.0,0.0,,,,,37721727
arm_IA,2.0,1.0,0.0,,,20.0,30.0,2.0,1.0,1.0,0.0,0.0,,,,1.0,0.0,,,,,37721727
arm_ea,2.0,1.0,1.0,10.0,,12.0,30.0,1.0,1.0,1.0,1.0,1.0,,,,1.0,1.0,,,,,38027487
arm_ctrl,0.0,0.0,0.0,,,12.0,,0.0,0.0,,1.0,1.0,,,,1.0,1.0,,,,,38027487
arm_tinnitus,2.0,1.0,0.0,,,10.0,30.0,2.0,1.0,1.0,0.0,0.0,,,,2.0,1.0,,,,,36530635
arm_HC,0.0,0.0,0.0,,,,,0.0,0.0,,0.0,0.0,,,,0.0,0.0,,,,,36530635
arm_patients,2.0,1.0,0.0,,,12.0,20.0,2.0,1.0,1.0,0.0,0.0,,,,1.0,1.0,,,,,36744205
arm_hc,,,,,,,,,,,0.0,0.0,,,,,,,,,,36744205
arm_WT,0.0,0.0,0.0,,,20.0,,0.0,0.0,,1.0,1.0,,,,0.0,0.0,,,,,35968386
arm_3xTgAD,0.0,0.0,0.0,,,20.0,,0.0,0.0,0.0,1.0,1.0,,,,0.0,0.0,,,,,35968386
arm_EA,1.0,1.0,1.0,1.0,,20.0,30.0,1.0,0.0,1.0,1.0,1.0,,,,0.0,1.0,,,,,35968386
arm_NonEA,1.0,1.0,1.0,,,20.0,30.0,1.0,0.0,0.0,1.0,1.0,,,,0.0,1.0,1.0,1.0,0.0,1.0,35968386
arm_SA,1.0,1.0,0.0,,,,30.0,2.0,1.0,1.0,0.0,0.0,,,,1.0,1.0,,,,,37305743
arm_PC,0.0,0.0,0.0,,,,,0.0,0.0,0.0,0.0,0.0,,,,1.0,1.0,,,,,37305743
arm_HC,0.0,0.0,0.0,,,,,0.0,0.0,,0.0,0.0,,,,0.0,0.0,,,,,37305743
arm_MCID,2.0,1.0,0.0,,,1.0,8.0,1.0,,1.0,0.0,0.0,,,,1.0,0.0,,,,,37274194
arm_NMCID,2.0,1.0,0.0,,,1.0,8.0,1.0,,1.0,0.0,0.0,,,,1.0,0.0,,,,,37274194
arm_HC,2.0,1.0,0.0,,,1.0,8.0,1.0,,,0.0,0.0,,,,1.0,0.0,,,,,37274194
EAS,2.0,1.0,1.0,1.0,,18.0,30.0,1.0,,1.0,1.0,1.0,,,,1.0,1.0,,,,,38681626
SAS,1.0,1.0,0.0,,,18.0,30.0,0.0,0.0,1.0,1.0,1.0,,,,1.0,0.0,1.0,1.0,1.0,1.0,38681626
arm_PSA,3.0,1.0,1.0,2.0,,1.0,,1.0,1.0,1.0,0.0,0.0,,,,1.0,1.0,,,,,36530615
arm_HC,3.0,1.0,1.0,2.0,,1.0,,1.0,1.0,,0.0,0.0,,,,1.0,1.0,,,,,36530615
EG,3.0,1.0,1.0,,,10.0,30.0,2.0,1.0,1.0,0.0,0.0,,,,2.0,1.0,,,,,38585348
CG,0.0,0.0,0.0,,,,,0.0,0.0,,0.0,0.0,,,,0.0,0.0,,,,,38585348
arm_HT5,2.0,1.0,1.0,10.0,,,30.0,1.0,1.0,,0.0,0.0,,,,1.0,1.0,,,,,38034817
arm_GB20,2.0,1.0,1.0,10.0,,,30.0,1.0,1.0,,0.0,0.0,,,,1.0,1.0,,,,,38034817
arm_HT5_GB20,2.0,1.0,1.0,10.0,,,30.0,1.0,1.0,,0.0,0.0,,,,1.0,1.0,,,,,38034817
arm_1min,2.0,1.0,0.0,,3.0,1.0,3.0,2.0,1.0,1.0,1.0,1.0,,,,1.0,1.0,,,,,38249582
arm_2min,2.0,1.0,0.0,,3.0,1.0,6.0,2.0,1.0,1.0,1.0,1.0,,,,1.0,1.0,,,,,38249582
arm_3min,2.0,1.0,0.0,,3.0,1.0,9.0,2.0,1.0,1.0,1.0,1.0,,,,1.0,1.0,,,,,38249582
arm_training_test,2.0,1.0,0.0,,,20.0,,1.0,,1.0,0.0,0.0,,,,1.0,1.0,,,,,37584456
arm_validation,2.0,1.0,0.0,,,20.0,,1.0,,1.0,0.0,0.0,,,,1.0,1.0,,,,,37584456
arm_REAL,2.0,1.0,0.0,,,1.0,7.0,1.0,,,1.0,1.0,,,,1.0,1.0,,,,,37415858
arm_PHNT,0.0,0.0,0.0,,,1.0,,0.0,0.0,,1.0,1.0,,,,1.0,1.0,0.0,0.0,1.0,1.0,37415858
TATG,3.0,1.0,0.0,,,10.0,30.0,2.0,1.0,1.0,1.0,2.0,,,,1.0,1.0,,,,,37383656
SATG,1.0,1.0,0.0,,,10.0,30.0,0.0,0.0,0.0,1.0,2.0,,,,1.0,0.0,1.0,1.0,0.0,1.0,37383656
arm_set1,0.0,1.0,0.0,,,1.0,,0.0,0.0,,0.0,0.0,,,,1.0,1.0,0.0,1.0,1.0,0.0,37901421
arm_set2,0.0,1.0,0.0,,,1.0,,0.0,0.0,,0.0,0.0,,,,1.0,1.0,,,,,37901421
arm_set3,0.0,1.0,0.0,,,1.0,,0.0,0.0,,0.0,0.0,,,,1.0,1.0,,,,,37901421
arm_neiguan,1.0,1.0,0.0,,,1.0,15.0,2.0,1.0,1.0,1.0,1.0,,,,1.0,1.0,,,,,35832324
arm_nonacupoint,1.0,1.0,0.0,,,1.0,15.0,0.0,0.0,0.0,1.0,1.0,,,,1.0,0.0,1.0,1.0,0.0,1.0,35832324
arm_SA,2.0,1.0,0.0,,,1.0,,1.0,1.0,,0.0,0.0,,,,1.0,0.0,,,,,37804240
arm_VA,0.0,0.0,0.0,,,1.0,,0.0,1.0,,0.0,0.0,,,,0.0,0.0,,,,,37804240
arm_HT7,1.0,1.0,0.0,,,,6.0,2.0,1.0,,0.0,0.0,,,,1.0,0.0,,,,,40642213
arm_ST36,2.0,1.0,0.0,,,,6.0,2.0,1.0,,0.0,0.0,,,,1.0,0.0,,,,,40642213
arm_KI4,1.0,1.0,0.0,,,,6.0,2.0,1.0,,0.0,0.0,,,,1.0,0.0,,,,,40642213
arm_EA,2.0,1.0,1.0,,,8.0,25.0,2.0,,1.0,1.0,1.0,,,,1.0,1.0,,,,,41520025
arm_ML,0.0,0.0,0.0,,,8.0,,0.0,0.0,1.0,1.0,1.0,,,,1.0,1.0,0.0,0.0,1.0,0.0,41520025
arm_real,2.0,1.0,0.0,,,,20.0,1.0,0.0,1.0,1.0,1.0,,,,1.0,1.0,,,,,39368604
arm_sham,0.0,1.0,0.0,,,,20.0,0.0,0.0,1.0,1.0,1.0,,,,1.0,0.0,0.0,1.0,1.0,0.0,39368604
arm_verum_acupuncture,2.0,1.0,1.0,,,,,0.0,,1.0,0.0,0.0,,,,1.0,1.0,,,,,40800108
arm_pharmacotherapy,0.0,0.0,0.0,,,,,0.0,0.0,0.0,0.0,0.0,,,,1.0,0.0,,,,,40800108
arm_VCI_patients,0.0,0.0,0.0,,,,,0.0,0.0,,0.0,0.0,,,,0.0,0.0,,,,,40800108
arm_healthy_controls,0.0,0.0,0.0,,,,,0.0,0.0,,0.0,0.0,,,,0.0,0.0,,,,,40800108
arm_MCI_patients,0.0,0.0,0.0,,,,,0.0,0.0,,0.0,0.0,,,,0.0,0.0,,,,,40800108
arm_acupuncture,2.0,1.0,0.0,,,20.0,30.0,2.0,1.0,1.0,0.0,0.0,,,,1.0,0.0,,,,,41310834
arm_waitlist,0.0,0.0,0.0,,,,,0.0,0.0,,0.0,0.0,,,,0.0,0.0,,,,,41310834
arm_RA,2.0,1.0,0.0,,,20.0,30.0,2.0,1.0,1.0,1.0,1.0,,,,1.0,1.0,,,,,39543627
arm_SA,1.0,1.0,0.0,,,20.0,30.0,0.0,0.0,0.0,1.0,1.0,,,,1.0,1.0,1.0,1.0,0.0,1.0,39543627
arm_HC,0.0,0.0,0.0,,,,,0.0,0.0,,1.0,1.0,,,,0.0,0.0,,,,,39543627
arm_acupuncture,2.0,1.0,0.0,,,10.0,20.0,2.0,1.0,1.0,1.0,1.0,,,,2.0,1.0,,,,,40660313
arm_tDCS,0.0,1.0,1.0,,,10.0,,0.0,0.0,,1.0,1.0,,,,1.0,1.0,,,,,40660313
arm_combined,2.0,1.0,1.0,,,10.0,20.0,2.0,1.0,1.0,1.0,1.0,,,,2.0,1.0,,,,,40660313
arm_HC,0.0,0.0,0.0,,,,,0.0,0.0,,0.0,0.0,,,,0.0,0.0,,,,,40584525
arm_true,1.0,1.0,0.0,,12.0,48.0,40.0,2.0,1.0,1.0,0.0,0.0,,,,1.0,1.0,,,,,40584525
arm_sham,1.0,1.0,0.0,,,48.0,40.0,2.0,0.0,0.0,0.0,0.0,,,,1.0,0.0,1.0,1.0,0.0,1.0,40584525
arm_acupuncture,3.0,1.0,1.0,1.0,,15.0,30.0,1.0,,1.0,1.0,1.0,,,,1.0,1.0,,,,,39468590
arm_control,1.0,1.0,0.0,,,15.0,30.0,0.0,,1.0,1.0,1.0,,,,1.0,0.0,1.0,1.0,1.0,1.0,39468590
arm_01,2.0,1.0,0.0,,,1.0,20.0,1.0,1.0,,0.0,0.0,,,,1.0,1.0,,,,,41022570
AG,3.0,1.0,0.0,,,10.0,30.0,2.0,1.0,1.0,1.0,1.0,,,,1.0,1.0,,,,,39089662
SG,1.0,1.0,0.0,,,10.0,30.0,0.0,0.0,0.0,1.0,1.0,,,,1.0,0.0,1.0,1.0,0.0,1.0,39089662
AG,2.0,1.0,0.0,,,12.0,30.0,2.0,1.0,1.0,1.0,1.0,,,,1.0,0.0,,,,,40634927
SG,0.0,1.0,0.0,,,12.0,30.0,0.0,0.0,0.0,1.0,1.0,,,,1.0,0.0,0.0,1.0,0.0,1.0,40634927
WG,0.0,0.0,0.0,,,0.0,,0.0,0.0,0.0,0.0,0.0,,,,0.0,0.0,,,,,40634927
arm_female,2.0,1.0,0.0,,,1.0,6.33,2.0,1.0,,0.0,0.0,,,,1.0,1.0,,,,,40995472
arm_male,2.0,1.0,0.0,,,1.0,6.33,2.0,1.0,,0.0,0.0,,,,1.0,1.0,,,,,40995472
arm_BP,2.0,1.0,0.0,,,,30.0,2.0,1.0,1.0,1.0,1.0,,,,1.0,1.0,,,,,41069516
arm_HC,0.0,0.0,0.0,,,,,0.0,0.0,,1.0,1.0,,,,0.0,0.0,,,,,41069516
arm_conv,2.0,1.0,0.0,,,,,1.0,1.0,1.0,0.0,0.0,,,,1.0,0.0,,,,,40950284
arm_yyhat,2.0,1.0,0.0,,,,,1.0,1.0,1.0,0.0,0.0,,,,1.0,0.0,,,,,40950284
arm_ST36,2.0,1.0,0.0,,,,,1.0,0.0,,0.0,0.0,,,,1.0,1.0,,,,,41601526
arm_GB34,2.0,1.0,0.0,,,,,1.0,0.0,,0.0,0.0,,,,1.0,1.0,,,,,41601526
arm_SLIM,0.0,0.0,0.0,,,,,0.0,0.0,,0.0,0.0,,,,0.0,0.0,,,,,41601526
arm_FCP,0.0,0.0,0.0,,,,,0.0,0.0,,0.0,0.0,,,,0.0,0.0,,,,,41601526
arm_AD,2.0,1.0,0.0,,,1.0,3.0,1.0,0.0,1.0,0.0,0.0,,,,1.0,1.0,,,,,39877657
arm_NC,2.0,1.0,0.0,,,1.0,3.0,1.0,0.0,,0.0,0.0,,,,1.0,1.0,,,,,39877657
arm_healthy100,,,,,,,,,,,0.0,0.0,,,,,0.0,,,,,39877657
AG,2.0,1.0,1.0,,,24.0,20.0,2.0,1.0,1.0,1.0,2.0,,,,1.0,0.0,,,,,41351443
SG,0.0,1.0,0.0,,,24.0,20.0,0.0,0.0,0.0,1.0,2.0,,,,1.0,0.0,0.0,1.0,0.0,1.0,41351443
arm_IDSA,1.0,1.0,0.0,,,,,2.0,1.0,1.0,1.0,1.0,,,,2.0,1.0,,,,,40881782
arm_sham,0.0,1.0,0.0,,,,,2.0,0.0,1.0,1.0,1.0,,,,2.0,1.0,0.0,1.0,1.0,1.0,40881782
arm_HC,0.0,0.0,0.0,,,,,0.0,0.0,,0.0,0.0,,,,0.0,0.0,,,,,40881782
arm_real_acu,2.0,1.0,0.0,,,12.0,30.0,2.0,1.0,1.0,1.0,1.0,,,,1.0,1.0,,,,,41591775
arm_sham_acu,1.0,1.0,0.0,,,12.0,30.0,1.0,0.0,0.0,1.0,1.0,,,,1.0,1.0,1.0,1.0,0.0,1.0,41591775
arm_acupuncture,2.0,1.0,0.0,,,20.0,30.0,2.0,1.0,1.0,1.0,2.0,,,,1.0,1.0,,,,,40772121
arm_placebo,1.0,1.0,0.0,,,20.0,30.0,0.0,0.0,0.0,1.0,2.0,,,,1.0,0.0,1.0,1.0,0.0,1.0,40772121
arm_waiting,0.0,0.0,0.0,,,0.0,,0.0,0.0,0.0,1.0,2.0,,,,0.0,0.0,,,,,40772121
arm_healthy,,,,,,,,,,,1.0,2.0,,,,,,,,,,40772121
arm_responders,2.0,1.0,0.0,,,6.0,30.0,1.0,1.0,1.0,0.0,0.0,,,,1.0,1.0,,,,,40847552
arm_nonresponders,2.0,1.0,0.0,,,6.0,30.0,1.0,1.0,1.0,0.0,0.0,,,,1.0,1.0,,,,,40847552
arm_CID_crosssec,0.0,0.0,0.0,,,,,0.0,0.0,,1.0,1.0,,,,0.0,0.0,,,,,40022556
arm_HC_crosssec,0.0,0.0,0.0,,,,,0.0,0.0,,1.0,1.0,,,,0.0,0.0,,,,,40022556
arm_acupuncture,2.0,1.0,0.0,,,20.0,30.0,2.0,1.0,1.0,1.0,1.0,,,,2.0,1.0,,,,,40022556
arm_waitlist,0.0,0.0,0.0,,,,,0.0,0.0,0.0,1.0,1.0,,,,0.0,1.0,,,,,40022556
arm_SSRIs,0.0,0.0,0.0,,,,,0.0,0.0,0.0,1.0,2.0,,,,1.0,1.0,,,,,39648209
arm_SSRIs_SIA,0.0,0.0,0.0,,,,,0.0,0.0,0.0,1.0,2.0,,,,1.0,1.0,0.0,0.0,0.0,0.0,39648209
arm_SSRIs_AIA,1.0,1.0,0.0,,,10.0,,1.0,0.0,1.0,1.0,2.0,,,,1.0,1.0,,,,,39648209
arm_HC,0.0,0.0,0.0,,,,,0.0,0.0,,1.0,2.0,,,,0.0,0.0,,,,,39648209
arm_MDD_MRI,1.0,1.0,0.0,,,1.0,,2.0,0.0,1.0,0.0,0.0,,,,1.0,1.0,,,,,39648209
BC_HF,2.0,1.0,0.0,,,10.0,,1.0,,1.0,1.0,1.0,,,,2.0,1.0,,,,,40974865
BC_NF,,,,,,,,,,,1.0,1.0,,,,,0.0,,,,,40974865
NC,,,,,,,,,,,1.0,1.0,,,,,0.0,,,,,40974865
arm_verum_acu,2.0,1.0,0.0,,,,,1.0,1.0,1.0,0.0,0.0,,,,1.0,0.0,,,,,39654647
arm_sham_acu,1.0,1.0,0.0,,,,,0.0,0.0,0.0,0.0,0.0,,,,1.0,0.0,1.0,1.0,0.0,1.0,39654647
arm_other_therapy,0.0,0.0,0.0,,,,,0.0,0.0,0.0,0.0,0.0,,,,1.0,0.0,,,,,39654647
arm_healthy_control,0.0,0.0,0.0,,,,,0.0,0.0,,0.0,0.0,,,,0.0,0.0,,,,,39654647
arm_TTH,2.0,1.0,0.0,,4.0,1.0,6.0,1.0,,1.0,0.0,0.0,,,,1.0,0.0,,,,,40963943
arm_HC,2.0,1.0,0.0,,4.0,1.0,6.0,1.0,,,0.0,0.0,,,,1.0,0.0,,,,,40963943
arm_TTH_pain,2.0,1.0,0.0,,4.0,1.0,6.0,1.0,,1.0,0.0,0.0,,,,1.0,0.0,,,,,40963943
arm_TTH_deqi,2.0,1.0,0.0,,4.0,1.0,6.0,1.0,,1.0,0.0,0.0,,,,1.0,0.0,,,,,40963943
arm_HC_pain,2.0,1.0,0.0,,4.0,1.0,6.0,1.0,,,0.0,0.0,,,,1.0,0.0,,,,,40963943
arm_HC_deqi,2.0,1.0,0.0,,4.0,1.0,6.0,1.0,,,0.0,0.0,,,,1.0,0.0,,,,,40963943
arm_BP_acupuncture,2.0,1.0,0.0,,,16.0,,2.0,1.0,1.0,0.0,0.0,,,,2.0,0.0,,,,,41602988
arm_rest,0.0,0.0,0.0,,,1.0,,0.0,0.0,,0.0,0.0,,,,0.0,0.0,,,,,39499594
arm_LT,2.0,1.0,0.0,,,1.0,1.0,2.0,1.0,,0.0,0.0,,,,1.0,1.0,,,,,39499594
arm_TR,2.0,1.0,0.0,,,1.0,1.0,2.0,1.0,,0.0,0.0,,,,1.0,1.0,,,,,39499594
VA,2.0,1.0,0.0,,,4.0,30.0,2.0,1.0,1.0,1.0,2.0,,,,1.0,1.0,,,,,42131703
SA,1.0,1.0,0.0,,,4.0,30.0,0.0,0.0,0.0,1.0,2.0,,,,1.0,1.0,1.0,1.0,0.0,1.0,42131703
arm_mdd,1.0,1.0,0.0,,,1.0,,1.0,0.0,1.0,0.0,0.0,,,,1.0,1.0,,,,,42077350
arm_hc,0.0,0.0,0.0,,,,,0.0,0.0,,0.0,0.0,,,,0.0,0.0,,,,,42077350
arm_control,0.0,0.0,0.0,,,,,0.0,0.0,,1.0,1.0,,,,0.0,1.0,,,,,41657421
arm_study,2.0,1.0,1.0,2.0,,28.0,,1.0,1.0,1.0,1.0,1.0,,,,2.0,1.0,,,,,41657421
arm_sham,0.0,0.0,0.0,,,,,0.0,0.0,,1.0,1.0,,,,0.0,0.0,,,,,41641330
arm_model,0.0,0.0,0.0,,,,,0.0,0.0,,1.0,1.0,,,,0.0,0.0,,,,,41641330
arm_ea,2.0,1.0,1.0,2.0,,5.0,30.0,0.0,0.0,1.0,1.0,1.0,,,,0.0,1.0,,,,,41641330
VA,3.0,1.0,0.0,,,10.0,,2.0,1.0,1.0,1.0,1.0,,,,1.0,1.0,,,,,41999225
SA,3.0,1.0,0.0,,,10.0,,2.0,1.0,0.0,1.0,1.0,,,,1.0,1.0,3.0,1.0,0.0,1.0,41999225
SC,0.0,0.0,0.0,,,14.0,,0.0,0.0,,1.0,2.0,,,,0.0,1.0,,,,,41999225
PB,0.0,0.0,0.0,,,14.0,,0.0,0.0,,1.0,2.0,,,,0.0,1.0,0.0,0.0,,0.0,41999225
WL,0.0,0.0,0.0,,,0.0,,0.0,0.0,,0.0,0.0,,,,0.0,0.0,,,,,41999225
AG,3.0,1.0,0.0,,,10.0,,2.0,1.0,,1.0,1.0,,,,1.0,1.0,,,,,41999225
arm_tx,1.0,1.0,1.0,2.0,,18.0,30.0,1.0,1.0,1.0,0.0,0.0,,,,1.0,1.0,,,,,41834818
arm_hc,0.0,0.0,0.0,,,,,0.0,0.0,,0.0,0.0,,,,0.0,0.0,,,,,41834818
