pmid,arm_id,arm_label,arm_type,instrument,item_or_subscale,value,reporting_format,n_analyzed,p_value,disease_condition
17240066,arm_CTS_baseline,CTS patients at baseline,verum_acupuncture,verbal analog scale for deqi sensations,maximum deqi sensation intensity,3.6±2.1,mean ± SD,10.0,not_reported,Carpal Tunnel Syndrome (CTS)
17240066,arm_CTS_baseline,CTS patients at baseline,verum_acupuncture,verbal analog scale for deqi sensations,maximum deqi sensation intensity,2.9±1.6,mean ± SD,10.0,not_reported,Carpal Tunnel Syndrome (CTS)
17240066,arm_CTS_postacup,CTS patients after 5 weeks of acupuncture treatment,verum_acupuncture,verbal analog scale for deqi sensations,maximum deqi sensation intensity,3.7±1.6,mean ± SD,10.0,not_reported,Carpal Tunnel Syndrome (CTS)
17240066,arm_CTS_postacup,CTS patients after 5 weeks of acupuncture treatment,verum_acupuncture,verbal analog scale for deqi sensations,maximum deqi sensation intensity,2.7±1.0,mean ± SD,10.0,not_reported,Carpal Tunnel Syndrome (CTS)
17240066,arm_HC,healthy controls (HC),healthy_control,verbal analog scale for deqi sensations,maximum deqi sensation intensity,4.1±2.0,mean ± SD,9.0,not_reported,Carpal Tunnel Syndrome (CTS)
17240066,arm_HC,healthy controls (HC),healthy_control,verbal analog scale for deqi sensations,maximum deqi sensation intensity,3.3±2.0,mean ± SD,9.0,not_reported,Carpal Tunnel Syndrome (CTS)
17240066,arm_HC,healthy controls (HC),healthy_control,verbal analog scale for deqi sensations,maximum deqi sensation intensity,4.7±2.2,mean ± SD,9.0,not_reported,Carpal Tunnel Syndrome (CTS)
17240066,arm_HC,healthy controls (HC),healthy_control,verbal analog scale for deqi sensations,maximum deqi sensation intensity,3.2±2.0,mean ± SD,9.0,not_reported,Carpal Tunnel Syndrome (CTS)
17240066,arm_CTS_baseline,CTS patients at baseline,verum_acupuncture,verbal analog scale,aching,"VA: 80.0%, SA: 15.0%",percentage,,p<0.001,Carpal Tunnel Syndrome (CTS)
17240066,arm_CTS_baseline,CTS patients at baseline,verum_acupuncture,verbal analog scale,fullness,"VA: 33.3%, SA: 5.0%",percentage,,0.028,Carpal Tunnel Syndrome (CTS)
17240066,arm_CTS_baseline,CTS patients at baseline,verum_acupuncture,verbal analog scale,spreading,"VA: 53.3%, SA: 20.0%",percentage,,0.040,Carpal Tunnel Syndrome (CTS)
17240066,arm_HC,healthy controls (HC),healthy_control,verbal analog scale,aching,"VA: 75.0%, SA: 21.4%",percentage,,0.003,Carpal Tunnel Syndrome (CTS)
17240066,arm_HC,healthy controls (HC),healthy_control,verbal analog scale,spreading,"VA: 50.0%, SA: 14.3%",percentage,,0.038,Carpal Tunnel Syndrome (CTS)
17240066,arm_CTS_postacup,CTS patients after 5 weeks of acupuncture treatment,verum_acupuncture,verbal analog scale,aching,"VA: 72.7%, SA: 6.7%",percentage,,p<0.001,Carpal Tunnel Syndrome (CTS)
17240066,arm_CTS_postacup,CTS patients after 5 weeks of acupuncture treatment,verum_acupuncture,verbal analog scale,spreading,"VA: 45.5%, SA: 6.7%",percentage,,0.020,Carpal Tunnel Syndrome (CTS)
17240066,arm_HC,healthy controls (HC),healthy_control,verbal analog scale,aching,"VA: 90.9%, SA: 9.1%",percentage,,p<0.001,Carpal Tunnel Syndrome (CTS)
17240066,arm_HC,healthy controls (HC),healthy_control,verbal analog scale,spreading,"VA: 63.6%, SA: 9.1%",percentage,,0.008,Carpal Tunnel Syndrome (CTS)
19559684,arm_acupuncture,Manual acupuncture,verum_acupuncture,Post-scan interview for psychophysical response,"Deqi response (aching, soreness, pressure, heaviness, fullness, warmth, coolness, numbness, tingling, or dull pain); defined as total score of 3 or higher for recorded sensations other than sharp pain",71% of scans,percentage,201.0,not_reported,Healthy volunteers (no disease condition)
19559684,arm_tactile,Tactile stimulation,active_control,Post-scan interview for psychophysical response,Deqi response; most tactile deqi consisted of surface tingling,24% of scans,percentage,74.0,not_reported,Healthy volunteers (no disease condition)
20423216,arm_acupuncture,Acupuncture stimulation,verum_acupuncture,not_reported (psychophysical response survey),"De qi (distinct sensations of numbness, tingling, fullness, and/or dull ache)",10 of 15 subjects experienced distinct sensations of de qi during acupuncture; 4 subjects experienced de qi by both doctors; 6 subjects experienced de qi by only 1 of them,count,15.0,not_reported,Healthy volunteers; no disease condition
20423216,arm_acupuncture,Acupuncture stimulation,verum_acupuncture,not_reported,De qi experienced by Subject 1 - Physician 1 (P1),Yes,narrative,1.0,not_reported,Healthy volunteers; no disease condition
20423216,arm_acupuncture,Acupuncture stimulation,verum_acupuncture,not_reported,De qi experienced by Subject 1 - Physician 2 (P2),Yes,narrative,1.0,not_reported,Healthy volunteers; no disease condition
20423216,arm_acupuncture,Acupuncture stimulation,verum_acupuncture,not_reported,De qi experienced by Subject 2 - Physician 1 (P1),No,narrative,1.0,not_reported,Healthy volunteers; no disease condition
20423216,arm_acupuncture,Acupuncture stimulation,verum_acupuncture,not_reported,De qi experienced by Subject 2 - Physician 2 (P2),No,narrative,1.0,not_reported,Healthy volunteers; no disease condition
20423216,arm_acupuncture,Acupuncture stimulation,verum_acupuncture,not_reported,De qi experienced by Subject 3 - Physician 1 (P1),No,narrative,1.0,not_reported,Healthy volunteers; no disease condition
20423216,arm_acupuncture,Acupuncture stimulation,verum_acupuncture,not_reported,De qi experienced by Subject 3 - Physician 2 (P2),No,narrative,1.0,not_reported,Healthy volunteers; no disease condition
20423216,arm_acupuncture,Acupuncture stimulation,verum_acupuncture,not_reported,De qi experienced by Subject 4 - Physician 1 (P1),No,narrative,1.0,not_reported,Healthy volunteers; no disease condition
20423216,arm_acupuncture,Acupuncture stimulation,verum_acupuncture,not_reported,De qi experienced by Subject 4 - Physician 2 (P2),Yes,narrative,1.0,not_reported,Healthy volunteers; no disease condition
20423216,arm_acupuncture,Acupuncture stimulation,verum_acupuncture,not_reported,De qi experienced by Subject 5 - Physician 1 (P1),Yes,narrative,1.0,not_reported,Healthy volunteers; no disease condition
20423216,arm_acupuncture,Acupuncture stimulation,verum_acupuncture,not_reported,De qi experienced by Subject 5 - Physician 2 (P2),Yes,narrative,1.0,not_reported,Healthy volunteers; no disease condition
20423216,arm_acupuncture,Acupuncture stimulation,verum_acupuncture,not_reported,De qi experienced by Subject 6 - Physician 1 (P1),No,narrative,1.0,not_reported,Healthy volunteers; no disease condition
20423216,arm_acupuncture,Acupuncture stimulation,verum_acupuncture,not_reported,De qi experienced by Subject 6 - Physician 2 (P2),No,narrative,1.0,not_reported,Healthy volunteers; no disease condition
20423216,arm_acupuncture,Acupuncture stimulation,verum_acupuncture,not_reported,De qi experienced by Subject 7 - Physician 1 (P1),No,narrative,1.0,not_reported,Healthy volunteers; no disease condition
20423216,arm_acupuncture,Acupuncture stimulation,verum_acupuncture,not_reported,De qi experienced by Subject 7 - Physician 2 (P2),Yes,narrative,1.0,not_reported,Healthy volunteers; no disease condition
20423216,arm_acupuncture,Acupuncture stimulation,verum_acupuncture,not_reported,De qi experienced by Subject 8 - Physician 1 (P1),No,narrative,1.0,not_reported,Healthy volunteers; no disease condition
20423216,arm_acupuncture,Acupuncture stimulation,verum_acupuncture,not_reported,De qi experienced by Subject 8 - Physician 2 (P2),No,narrative,1.0,not_reported,Healthy volunteers; no disease condition
20423216,arm_acupuncture,Acupuncture stimulation,verum_acupuncture,not_reported,De qi experienced by Subject 9 - Physician 1 (P1),Yes,narrative,1.0,not_reported,Healthy volunteers; no disease condition
20423216,arm_acupuncture,Acupuncture stimulation,verum_acupuncture,not_reported,De qi experienced by Subject 9 - Physician 2 (P2),No,narrative,1.0,not_reported,Healthy volunteers; no disease condition
20423216,arm_acupuncture,Acupuncture stimulation,verum_acupuncture,not_reported,De qi experienced by Subject 10 - Physician 1 (P1),Yes,narrative,1.0,not_reported,Healthy volunteers; no disease condition
20423216,arm_acupuncture,Acupuncture stimulation,verum_acupuncture,not_reported,De qi experienced by Subject 10 - Physician 2 (P2),Yes,narrative,1.0,not_reported,Healthy volunteers; no disease condition
20423216,arm_acupuncture,Acupuncture stimulation,verum_acupuncture,not_reported,De qi experienced by Subject 11 - Physician 1 (P1),No,narrative,1.0,not_reported,Healthy volunteers; no disease condition
20423216,arm_acupuncture,Acupuncture stimulation,verum_acupuncture,not_reported,De qi experienced by Subject 11 - Physician 2 (P2),Yes,narrative,1.0,not_reported,Healthy volunteers; no disease condition
20423216,arm_acupuncture,Acupuncture stimulation,verum_acupuncture,not_reported,De qi experienced by Subject 12 - Physician 1 (P1),Yes,narrative,1.0,not_reported,Healthy volunteers; no disease condition
20423216,arm_acupuncture,Acupuncture stimulation,verum_acupuncture,not_reported,De qi experienced by Subject 12 - Physician 2 (P2),No,narrative,1.0,not_reported,Healthy volunteers; no disease condition
20423216,arm_acupuncture,Acupuncture stimulation,verum_acupuncture,not_reported,De qi experienced by Subject 13 - Physician 1 (P1),Yes,narrative,1.0,not_reported,Healthy volunteers; no disease condition
20423216,arm_acupuncture,Acupuncture stimulation,verum_acupuncture,not_reported,De qi experienced by Subject 13 - Physician 2 (P2),Yes,narrative,1.0,not_reported,Healthy volunteers; no disease condition
20423216,arm_acupuncture,Acupuncture stimulation,verum_acupuncture,not_reported,De qi experienced by Subject 14 - Physician 1 (P1),No,narrative,1.0,not_reported,Healthy volunteers; no disease condition
20423216,arm_acupuncture,Acupuncture stimulation,verum_acupuncture,not_reported,De qi experienced by Subject 14 - Physician 2 (P2),No,narrative,1.0,not_reported,Healthy volunteers; no disease condition
20423216,arm_acupuncture,Acupuncture stimulation,verum_acupuncture,not_reported,De qi experienced by Subject 15 - Physician 1 (P1),Yes,narrative,1.0,not_reported,Healthy volunteers; no disease condition
20423216,arm_acupuncture,Acupuncture stimulation,verum_acupuncture,not_reported,De qi experienced by Subject 15 - Physician 2 (P2),No,narrative,1.0,not_reported,Healthy volunteers; no disease condition
21794103,arm_EA,Electroacupuncture (EA),verum_acupuncture,not_reported,"deqi (obtaining qi): soreness, aching, warmth, etc.",Current amplitude set to level at which subjects indicated feeling a 'strong but not painful' sensation; deqi elicited by needle manipulation,narrative,16.0,not_reported,Healthy volunteers
22761766,not_applicable,,,questionnaire based on a 10-point visual analog scale (VAS),"prevalence of various acupuncture sensations (soreness, numbness, fullness, heaviness, throbbing, warmth, coolness and any other sensations)",The prevalence of various acupuncture sensations was expressed as the percentage of individuals in the group that reported the given sensations,percentage,,P>0.05,healthy volunteers
22916152,not_applicable,,,not_reported,not_reported,not_reported,narrative,,not_reported,Mild Cognitive Impairment (MCI) and Alzheimer Disease (AD)
23152865,arm_A,Group A,verum_acupuncture,needle sensation questionnaire (NSQ),total NSQ score (range 0–75),Mean (SD) 14.25 (7.44); 95% CI 8.96–18.35,mean ± SD | mean (95% CI),11.0,not_reported,myopia
23152865,arm_B,Group B,verum_acupuncture,needle sensation questionnaire (NSQ),total NSQ score (range 0–75),Mean (SD) 12.46 (7.02); 95% CI 6.45–16.91,mean ± SD | mean (95% CI),11.0,not_reported,myopia
23152865,arm_C,Group C,sham_acupuncture,needle sensation questionnaire (NSQ),total NSQ score (range 0–75),Mean (SD) 4.23 (5.01); 95% CI 2.57–7.38,mean ± SD | mean (95% CI),10.0,not_reported,myopia
23152865,arm_D,Group D,sham_acupuncture,needle sensation questionnaire (NSQ),total NSQ score (range 0–75),Mean (SD) 3.77 (3.58); 95% CI 2.09–6.88,mean ± SD | mean (95% CI),9.0,not_reported,myopia
23316257,arm_acupuncture,Acupuncture run,verum_acupuncture,10-point visual analogue scale (VAS); VAS index calculated to summarize full multivariate breadth and depth of De-qi sensations,VAS index (composite De-qi measure),not_reported,not_reported,,not_reported,Healthy volunteers; no disease condition
23316257,arm_acupuncture,Acupuncture run,verum_acupuncture,VAS index,VAS index vs. number of activations/deactivations; VAS index vs. AVER-WR-RV R-value,No direct correlations shown; all P > 0.05,p_value_only,,all P > 0.05,Healthy volunteers; no disease condition
23666154,arm_real,Real acupuncture,verum_acupuncture,not_reported,de-qi sensation,"In general, most subjects felt the de-qi sensation during acupuncture stimulation at the LI-4 acupoint more frequently than at other acupoints of the crus",narrative,,not_reported,Healthy volunteers
23691237,arm_ST36,Verum Acupuncture at ST36,verum_acupuncture,MGH Acupuncture Sensation Scale (MASS),Overall stimulus intensity,"greater for ST36 (exact values in Fig. 3B, not readable from text)",mean ± SE,14.0,P<0.05,healthy volunteers
23840533,arm_MA,manual acupuncture (MA),verum_acupuncture,visual analog scale (VAS),mean intensity of all sensations,not_reported (shown in Fig. 2C; significantly higher than sensory control),mean ± SEM,,P<0.001,Healthy volunteers
23840533,arm_EA,electroacupuncture (EA),verum_acupuncture,visual analog scale (VAS),mean intensity of all sensations,not_reported (shown in Fig. 2C; significantly higher than sensory control),mean ± SEM,,P<0.001,Healthy volunteers
23840533,not_applicable,,,visual analog scale (VAS),"percentage of subjects reporting deqi feelings (soreness, numbness, fullness, heaviness, dull pain)",not_reported (shown in Fig. 2A only),percentage,,"F3,295=19.00, P<0.001",Healthy volunteers
23935686,not_applicable,,,not_reported (historical/clinical description),typical descriptors of Deqi sensation,"soreness, numbness, distention, heaviness, and dull pain",narrative,,not_reported,"Multiple conditions reviewed including healthy subjects, chronic pain, carpal tunnel syndrome, functional dyspepsia, heroin addiction, stroke"
23935686,not_applicable,,,not_reported,acupuncturist finger feeling,fish bite the hook,narrative,,not_reported,"Multiple conditions reviewed including healthy subjects, chronic pain, carpal tunnel syndrome, functional dyspepsia, heroin addiction, stroke"
23935686,not_applicable,,,MGH Acupuncture Sensation Scale (MASS); Subjective Acupuncture Sensation Scale (SASS),numbness and soreness correlated with acupuncture analgesia for experiment-induced thermal pain,"close correlation between acupuncture analgesia for experiment-induced thermal pain and SASS rating of numbness and soreness instead of other Deqi descriptors such as stabbing, throbbing, tingling, and heaviness",narrative,,not_reported,"Multiple conditions reviewed including healthy subjects, chronic pain, carpal tunnel syndrome, functional dyspepsia, heroin addiction, stroke"
23935686,not_applicable,,,not_reported,prominent components for characterizing acupuncture Deqi,"aching, soreness, and dull pain",narrative,,not_reported,"Multiple conditions reviewed including healthy subjects, chronic pain, carpal tunnel syndrome, functional dyspepsia, heroin addiction, stroke"
24062782,arm_acup,acupuncture stimulation,verum_acupuncture,post-scan deqi rating scale (0–10),pressure,58.3%,percentage,36.0,< 0.001,healthy subjects
24062782,arm_tactile,tactile stimulation,sham_acupuncture,post-scan deqi rating scale (0–10),pressure,8.7%,percentage,23.0,< 0.001,healthy subjects
24062782,arm_acup,acupuncture stimulation,verum_acupuncture,post-scan deqi rating scale (0–10),heaviness,19.4%,percentage,36.0,0.099,healthy subjects
24062782,arm_tactile,tactile stimulation,sham_acupuncture,post-scan deqi rating scale (0–10),heaviness,4.3%,percentage,23.0,0.099,healthy subjects
24062782,arm_acup,acupuncture stimulation,verum_acupuncture,post-scan deqi rating scale (0–10),fullness,13.9%,percentage,36.0,0.237,healthy subjects
24062782,arm_tactile,tactile stimulation,sham_acupuncture,post-scan deqi rating scale (0–10),fullness,4.3%,percentage,23.0,0.237,healthy subjects
24062782,arm_acup,acupuncture stimulation,verum_acupuncture,post-scan deqi rating scale (0–10),numbness,38.9%,percentage,36.0,0.001,healthy subjects
24062782,arm_tactile,tactile stimulation,sham_acupuncture,post-scan deqi rating scale (0–10),numbness,0%,percentage,23.0,0.001,healthy subjects
24062782,arm_acup,acupuncture stimulation,verum_acupuncture,post-scan deqi rating scale (0–10),tingling,55.6%,percentage,36.0,0.002,healthy subjects
24062782,arm_tactile,tactile stimulation,sham_acupuncture,post-scan deqi rating scale (0–10),tingling,13.0%,percentage,23.0,0.002,healthy subjects
24062782,arm_acup,acupuncture stimulation,verum_acupuncture,post-scan deqi rating scale (0–10),pressure intensity,2.01 ± 0.40,mean ± SE,36.0,< 0.001,healthy subjects
24062782,arm_tactile,tactile stimulation,sham_acupuncture,post-scan deqi rating scale (0–10),pressure intensity,0.11 ± 0.07,mean ± SE,23.0,< 0.001,healthy subjects
24062782,arm_acup,acupuncture stimulation,verum_acupuncture,post-scan deqi rating scale (0–10),heaviness intensity,0.58 ± 0.23,mean ± SE,36.0,0.09,healthy subjects
24062782,arm_tactile,tactile stimulation,sham_acupuncture,post-scan deqi rating scale (0–10),heaviness intensity,0.07 ± 0.06,mean ± SE,23.0,0.09,healthy subjects
24062782,arm_acup,acupuncture stimulation,verum_acupuncture,post-scan deqi rating scale (0–10),fullness intensity,0.44 ± 0.2,mean ± SE,36.0,0.213,healthy subjects
24062782,arm_tactile,tactile stimulation,sham_acupuncture,post-scan deqi rating scale (0–10),fullness intensity,0.07 ± 0.06,mean ± SE,23.0,0.213,healthy subjects
24062782,arm_acup,acupuncture stimulation,verum_acupuncture,post-scan deqi rating scale (0–10),numbness intensity,1.29 ± 0.33,mean ± SE,36.0,0.001,healthy subjects
24062782,arm_tactile,tactile stimulation,sham_acupuncture,post-scan deqi rating scale (0–10),numbness intensity,0,mean ± SE,23.0,0.001,healthy subjects
24062782,arm_acup,acupuncture stimulation,verum_acupuncture,post-scan deqi rating scale (0–10),tingling intensity,1.61 ± 0.31,mean ± SE,36.0,0.002,healthy subjects
24062782,arm_tactile,tactile stimulation,sham_acupuncture,post-scan deqi rating scale (0–10),tingling intensity,0.35 ± 0.19,mean ± SE,23.0,0.002,healthy subjects
24459533,arm_FD,Functional diarrhea,verum_acupuncture,not_reported,"Deqi sensations: soreness, numbness, distention, and heaviness","soreness, numbness, distention, and heaviness (intended; achieved described as Deqi)",narrative,,not_reported,Functional diarrhea (FD)
24459533,arm_HC,Healthy controls,healthy_control,not_reported,"Deqi sensations: soreness, numbness, distention, and heaviness","soreness, numbness, distention, and heaviness (intended; achieved described as Deqi)",narrative,,not_reported,Functional diarrhea (FD)
24734108,arm_control,healthy controls,healthy_control,10-point visual analog scale (VAS),overall sensation intensity,4.5 ± 1.9,mean ± SD,8.0,P = 0.67,Ischemic stroke (stable recovery/subacute phase) with unilateral right-sided striatocapsular lesions and moderate to severe motor deficits of the contralesional upper extremity
24734108,arm_stroke,stroke patients,other,10-point visual analog scale (VAS),overall sensation intensity,4.1 ± 1.9,mean ± SD,9.0,P = 0.67,Ischemic stroke (stable recovery/subacute phase) with unilateral right-sided striatocapsular lesions and moderate to severe motor deficits of the contralesional upper extremity
24734113,arm_stroke,stroke patients,verum_acupuncture,questionnaires to rate their experience of De-qi,De-qi sensation overall,none experienced sharp pain; related results described in another paper [28],narrative,,not_reported,"Right hemispheric ischemic stroke (corona radiate, internal capsule, or basal ganglia infarction)"
24821143,arm_verum,verum acupuncture at ST36,verum_acupuncture,not_reported,De-Qi sensation confirmed before connecting to electro-acupuncture machine,De-Qi sensation was elicited,narrative,34.0,not_reported,healthy (no disease condition)
24915066,arm_A,active acupoint group,verum_acupuncture,VAS for de-qi sensations (0–10 per component; score = sum of all component scores),overall de-qi score (mean of all sessions),8.70 ± 4.16,mean ± SD,40.0,P = 0.1070,migraine without aura
24915066,arm_B,inactive acupoint group,sham_acupuncture,VAS for de-qi sensations (0–10 per component; score = sum of all component scores),overall de-qi score (mean of all sessions),10.31 ± 4.26,mean ± SD,40.0,P = 0.1070,migraine without aura
24915066,arm_A,active acupoint group,verum_acupuncture,VAS for de-qi sensations (0–10 per component; score = sum of all component scores),overall de-qi score,8.61 ± 4.63,mean ± SD,40.0,P = 0.6372,migraine without aura
24915066,arm_B,inactive acupoint group,sham_acupuncture,VAS for de-qi sensations (0–10 per component; score = sum of all component scores),overall de-qi score,8.09 ± 4.64,mean ± SD,40.0,P = 0.6372,migraine without aura
24915066,arm_A,active acupoint group,verum_acupuncture,VAS for de-qi sensations (0–10 per component; score = sum of all component scores),overall de-qi score,9.13 ± 3.89,mean ± SD,40.0,P = 0.2890,migraine without aura
24915066,arm_B,inactive acupoint group,sham_acupuncture,VAS for de-qi sensations (0–10 per component; score = sum of all component scores),overall de-qi score,8.18 ± 3.70,mean ± SD,40.0,P = 0.2890,migraine without aura
24915066,arm_A,active acupoint group,verum_acupuncture,VAS for de-qi sensations (0–10 per component; score = sum of all component scores),overall de-qi score,10.62 ± 4.45,mean ± SD,40.0,P = 0.8461,migraine without aura
24915066,arm_B,inactive acupoint group,sham_acupuncture,VAS for de-qi sensations (0–10 per component; score = sum of all component scores),overall de-qi score,10.42 ± 4.42,mean ± SD,40.0,P = 0.8461,migraine without aura
24915066,not_applicable,,,VAS for de-qi sensations (0–10 per component; score = sum of all component scores),overall de-qi score comparison between groups,not_reported,p_value_only,40.0,PG = 0.9790,migraine without aura
24963329,arm_TA,True acupuncture at LR3,verum_acupuncture,not_reported,needle sensation (developing needle sensation mentioned as prerequisite for manipulation),"After developing needle sensation, twirling and lifting/thrusting were conducted.",narrative,,not_reported,Healthy volunteers (no disease condition)
24968124,arm_mci,MCI patients,other,10-point scale for deqi sensations,soreness (percentage frequency),approximately 100% (from Fig. 2A),percentage,12.0,P>0.05,mild cognitive impairment (MCI); specifically amnestic MCI
24968124,arm_hc,healthy controls,healthy_control,10-point scale for deqi sensations,soreness (percentage frequency),approximately 100% (from Fig. 2A),percentage,12.0,P>0.05,mild cognitive impairment (MCI); specifically amnestic MCI
24968124,arm_mci,MCI patients,other,10-point scale for deqi sensations,warmth (percentage frequency),58%,percentage,12.0,P>0.05,mild cognitive impairment (MCI); specifically amnestic MCI
24968124,arm_hc,healthy controls,healthy_control,10-point scale for deqi sensations,warmth (percentage frequency),50%,percentage,12.0,P>0.05,mild cognitive impairment (MCI); specifically amnestic MCI
24968124,arm_mci,MCI patients,other,10-point scale for deqi sensations,tingling (percentage frequency),16%,percentage,12.0,P>0.05,mild cognitive impairment (MCI); specifically amnestic MCI
24968124,arm_hc,healthy controls,healthy_control,10-point scale for deqi sensations,tingling (percentage frequency),8%,percentage,12.0,P>0.05,mild cognitive impairment (MCI); specifically amnestic MCI
24968124,arm_mci,MCI patients,other,"10-point scale (0 = no sensation, 1-3 = mild, 4-6 = moderate, 7-8 = strong, 9 = severe, 10 = unbearable sensation)",averaged intensity of sensations,approximately similar to HC group (from Fig. 2B),mean ± SE,12.0,P>0.05,mild cognitive impairment (MCI); specifically amnestic MCI
24968124,arm_hc,healthy controls,healthy_control,"10-point scale (0 = no sensation, 1-3 = mild, 4-6 = moderate, 7-8 = strong, 9 = severe, 10 = unbearable sensation)",averaged intensity of sensations,approximately similar to MCI group (from Fig. 2B),mean ± SE,12.0,P>0.05,mild cognitive impairment (MCI); specifically amnestic MCI
25228908,arm_verum,Acupuncture with de qi,verum_acupuncture,not_reported (verbal questioning by investigator),"de qi sensations: aching, pressure, soreness, heaviness, fullness, warmth, cooling, numbness, tingling, and dull pain","When the volunteers felt the sensations of numbness, heaviness, distention, and soreness, representing de qi",narrative,30.0,not_reported,Healthy volunteers (no disease condition)
25452777,not_applicable,,,interview assessment of 'de qi',feeling of 'de qi',"Following each scan, the feeling of 'de qi' was assessed and checked for in each subject by interview",narrative,,not_reported,subcortical ischemic stroke (patient group); healthy volunteers (control group)
25741269,healthy_subjects,healthy subjects,healthy_control,"MGH Acupuncture Sensation Scale (MASS questionnaire Kong et al., 2007); MASS Index",MASS Index,3.15 [2.00;4.30],mean (95% CI),20.0,not_reported,not_applicable
25741269,healthy_subjects,healthy subjects,healthy_control,"MGH Acupuncture Sensation Scale (MASS questionnaire Kong et al., 2007); MASS Index",MASS Index,3.37 [2.47;4.28],mean (95% CI),20.0,not_reported,not_applicable
25741269,healthy_subjects,healthy subjects,healthy_control,"MGH Acupuncture Sensation Scale (MASS questionnaire Kong et al., 2007); MASS Index",MASS Index,1.81 [1.13;2.50],mean (95% CI),20.0,not_reported,not_applicable
25741269,healthy_subjects,healthy subjects,healthy_control,"MGH Acupuncture Sensation Scale (MASS questionnaire Kong et al., 2007); MASS Index",MASS Index,4.71 [3.53;5.89],mean (95% CI),21.0,not_reported,not_applicable
25741269,healthy_subjects,healthy subjects,healthy_control,"MGH Acupuncture Sensation Scale (MASS questionnaire Kong et al., 2007); MASS Index",MASS Index,3.59 [2.51;4.68],mean (95% CI),21.0,not_reported,not_applicable
25741269,healthy_subjects,healthy subjects,healthy_control,"MGH Acupuncture Sensation Scale (MASS questionnaire Kong et al., 2007); MASS Index",MASS Index,3.32 [2.34;4.29],mean (95% CI),21.0,not_reported,not_applicable
25741269,healthy_subjects,healthy subjects,healthy_control,"MGH Acupuncture Sensation Scale (MASS questionnaire Kong et al., 2007); MASS Index",MASS Index pairwise comparison,not_reported,p_value_only,,p = 0.034,not_applicable
25741269,healthy_subjects,healthy subjects,healthy_control,"MGH Acupuncture Sensation Scale (MASS questionnaire Kong et al., 2007); MASS Index",MASS Index pairwise comparison,not_reported,p_value_only,,p < 0.001,not_applicable
25741269,healthy_subjects,healthy subjects,healthy_control,"MGH Acupuncture Sensation Scale (MASS questionnaire Kong et al., 2007); MASS Index",MASS Index pairwise comparison,not_reported,p_value_only,,p = 0.674,not_applicable
25741269,healthy_subjects,healthy subjects,healthy_control,"MGH Acupuncture Sensation Scale (MASS questionnaire Kong et al., 2007); MASS Index",MASS Index pairwise comparison,not_reported,p_value_only,,p = 0.009,not_applicable
25741269,healthy_subjects,healthy subjects,healthy_control,"MGH Acupuncture Sensation Scale (MASS questionnaire Kong et al., 2007); MASS Index",MASS Index pairwise comparison,not_reported,p_value_only,,p = 0.005,not_applicable
25741269,healthy_subjects,healthy subjects,healthy_control,"MGH Acupuncture Sensation Scale (MASS questionnaire Kong et al., 2007); MASS Index",MASS Index pairwise comparison,not_reported,p_value_only,,p = 0.587,not_applicable
25821486,arm_ACU,Group A – real acupuncture (ACU) treatment,verum_acupuncture,standard Likert scale,De-qi sensations (0 being no sensation and 10 being the most intense sensation felt),not_reported,narrative,10.0,not_reported,"overweight (BMI >18 and <30, higher WHR >0.9); classified as overweight/unfit"
25916336,arm_MWoA,MWoA patients,verum_acupuncture,not_reported,de-qi sensation,All patients reported the sensation of de-qi,narrative,12.0,not_reported,Migraine without aura (MWoA)
26467429,arm_KI3,KI3 group,verum_acupuncture,not_reported,not_reported,After Deqi [described as a condition for manipulation],narrative,,not_reported,healthy volunteers
26839078,not_applicable,,,not_reported,"deqi sensation: soreness, numbness, heaviness, distention or dull pain at the site of needle placement",deqi sensation acquired in all treatment groups,narrative,,not_reported,Migraine without aura (MwoA)
27242492,arm_MDD,"patients with first-episode, drug-naïve MDD",verum_acupuncture,100-point visual analog scale (VAS),"overall Deqi sensations including: aching, soreness, numbness, fullness, sharp or dull pain, pressure, heaviness, warmth, coolness, tingling, itching, and any others","VAS: 0 = no sensation, 10–30 = mild, 40–60 = moderate, 70–80 = strong, 90 = severe and 100 = unbearable sensation. Main Deqi sensations included fullness, dull pain, numbness, soreness, tingling and heaviness.",percentage (frequency) and intensity score,29.0,not_reported,"First-episode, drug-naïve major depressive disorder (MDD)"
27242911,arm_included_studies,Included acupuncture-neuroimaging studies (n=168),other,not_reported (requirement reported across studies),Deqi (needle sensation),82 studies required Deqi (needle sensation) during acupuncture stimulation,count,168.0,not_reported,"Multiple; includes healthy volunteers and patients with neurological, pain, psychosomatic, gastroenterological, pediatric, rheumatological, dermatological, and ophthalmological conditions"
27242911,arm_included_studies,Included acupuncture-neuroimaging studies (n=168),other,10-point Visual Analogue Scale (VAS),needle sensation,"41 studies used VAS (most commonly used, 68.3%)",count,,not_reported,"Multiple; includes healthy volunteers and patients with neurological, pain, psychosomatic, gastroenterological, pediatric, rheumatological, dermatological, and ophthalmological conditions"
27242911,arm_included_studies,Included acupuncture-neuroimaging studies (n=168),other,Massachusetts General Hospital Acupuncture Sensation Scale (MASS),needle sensation,5 studies,count,,not_reported,"Multiple; includes healthy volunteers and patients with neurological, pain, psychosomatic, gastroenterological, pediatric, rheumatological, dermatological, and ophthalmological conditions"
27242911,arm_included_studies,Included acupuncture-neuroimaging studies (n=168),other,MASS and VAS combined,needle sensation,3 studies,count,,not_reported,"Multiple; includes healthy volunteers and patients with neurological, pain, psychosomatic, gastroenterological, pediatric, rheumatological, dermatological, and ophthalmological conditions"
27242911,arm_included_studies,Included acupuncture-neuroimaging studies (n=168),other,Subject Acupuncture Sensation Scale (SASS),needle sensation,3 studies,count,,not_reported,"Multiple; includes healthy volunteers and patients with neurological, pain, psychosomatic, gastroenterological, pediatric, rheumatological, dermatological, and ophthalmological conditions"
27242911,arm_included_studies,Included acupuncture-neuroimaging studies (n=168),other,6-point Likert scale,needle sensation,1 study,count,,not_reported,"Multiple; includes healthy volunteers and patients with neurological, pain, psychosomatic, gastroenterological, pediatric, rheumatological, dermatological, and ophthalmological conditions"
27242911,arm_included_studies,Included acupuncture-neuroimaging studies (n=168),other,Park questionnaire,needle sensation,1 study,count,,not_reported,"Multiple; includes healthy volunteers and patients with neurological, pain, psychosomatic, gastroenterological, pediatric, rheumatological, dermatological, and ophthalmological conditions"
27242911,arm_included_studies,Included acupuncture-neuroimaging studies (n=168),other,Psychophysical Rating of Needling Sensation (PRNS),needle sensation,1 study,count,,not_reported,"Multiple; includes healthy volunteers and patients with neurological, pain, psychosomatic, gastroenterological, pediatric, rheumatological, dermatological, and ophthalmological conditions"
27242911,arm_included_studies,Included acupuncture-neuroimaging studies (n=168),other,Needle Sensation Questionnaire (NSQ),needle sensation,1 study,count,,not_reported,"Multiple; includes healthy volunteers and patients with neurological, pain, psychosomatic, gastroenterological, pediatric, rheumatological, dermatological, and ophthalmological conditions"
27688791,not_applicable,,,not_reported,not_reported,needle sensation described as developing after insertion; no quantitative deqi data reported,narrative,,not_reported,"Essential hypertension (mild or moderate arterial hypertension, grade 1 or 2)"
28053642,arm_left_gb34,left GB34 group,verum_acupuncture,deqi sensation rating (12 subscales plus total),Total deqi score,13.00 ± 4.07,mean ± SE,10.0,0.50,Healthy participants (no disease condition)
28053642,arm_right_gb34,right GB34 group,verum_acupuncture,deqi sensation rating (12 subscales plus total),Total deqi score,16.82 ± 3.82,mean ± SE,12.0,0.50,Healthy participants (no disease condition)
28053642,arm_left_gb34,left GB34 group,verum_acupuncture,deqi sensation rating,Aching score,"Median 0, range 0~4",median [IQR],10.0,0.39,Healthy participants (no disease condition)
28053642,arm_right_gb34,right GB34 group,verum_acupuncture,deqi sensation rating,Aching score,"Median 0, range 0~5",median [IQR],12.0,0.39,Healthy participants (no disease condition)
28053642,arm_left_gb34,left GB34 group,verum_acupuncture,deqi sensation rating,Dull pain score,"Median 0, range 0~3",median [IQR],10.0,0.76,Healthy participants (no disease condition)
28053642,arm_right_gb34,right GB34 group,verum_acupuncture,deqi sensation rating,Dull pain score,"Median 0, range 0~5",median [IQR],12.0,0.76,Healthy participants (no disease condition)
28053642,arm_left_gb34,left GB34 group,verum_acupuncture,deqi sensation rating,Soreness score,"Median 0, range 0~4",median [IQR],10.0,0.56,Healthy participants (no disease condition)
28053642,arm_right_gb34,right GB34 group,verum_acupuncture,deqi sensation rating,Soreness score,"Median 0, range 0~5",median [IQR],12.0,0.56,Healthy participants (no disease condition)
28053642,arm_left_gb34,left GB34 group,verum_acupuncture,deqi sensation rating,Warm score,"Median 0, range 0~5",median [IQR],10.0,0.56,Healthy participants (no disease condition)
28053642,arm_right_gb34,right GB34 group,verum_acupuncture,deqi sensation rating,Warm score,"Median 0, range 0~4",median [IQR],12.0,0.56,Healthy participants (no disease condition)
28053642,arm_left_gb34,left GB34 group,verum_acupuncture,deqi sensation rating,Cold score,"Median 0, range 0",median [IQR],10.0,0.51,Healthy participants (no disease condition)
28053642,arm_right_gb34,right GB34 group,verum_acupuncture,deqi sensation rating,Cold score,"Median 0, range 0~2",median [IQR],12.0,0.51,Healthy participants (no disease condition)
28053642,arm_left_gb34,left GB34 group,verum_acupuncture,deqi sensation rating,Tingling score,"Median 4.5, range 0~6",median [IQR],10.0,0.86,Healthy participants (no disease condition)
28053642,arm_right_gb34,right GB34 group,verum_acupuncture,deqi sensation rating,Tingling score,"Median 5, range 2~7",median [IQR],12.0,0.86,Healthy participants (no disease condition)
28053642,arm_left_gb34,left GB34 group,verum_acupuncture,deqi sensation rating,Throbbing score,"Median 0, range 0~5",median [IQR],10.0,0.86,Healthy participants (no disease condition)
28053642,arm_right_gb34,right GB34 group,verum_acupuncture,deqi sensation rating,Throbbing score,"Median 0, range 0~4",median [IQR],12.0,0.86,Healthy participants (no disease condition)
28053642,arm_left_gb34,left GB34 group,verum_acupuncture,deqi sensation rating,Sharp pain score,"Median 0, range 0~7",median [IQR],10.0,0.35,Healthy participants (no disease condition)
28053642,arm_right_gb34,right GB34 group,verum_acupuncture,deqi sensation rating,Sharp pain score,"Median 1, range 0~7",median [IQR],12.0,0.35,Healthy participants (no disease condition)
28053642,arm_left_gb34,left GB34 group,verum_acupuncture,deqi sensation rating,Heaviness score,"Median 0, range 0~7",median [IQR],10.0,0.47,Healthy participants (no disease condition)
28053642,arm_right_gb34,right GB34 group,verum_acupuncture,deqi sensation rating,Heaviness score,"Median 0, range 0~5",median [IQR],12.0,0.47,Healthy participants (no disease condition)
28053642,arm_left_gb34,left GB34 group,verum_acupuncture,deqi sensation rating,Numbness score,"Median 0, range 0~5",median [IQR],10.0,0.70,Healthy participants (no disease condition)
28053642,arm_right_gb34,right GB34 group,verum_acupuncture,deqi sensation rating,Numbness score,"Median 0, range 0~4",median [IQR],12.0,0.70,Healthy participants (no disease condition)
28053642,arm_left_gb34,left GB34 group,verum_acupuncture,deqi sensation rating,Fullness,"Median 0, range 0~7",median [IQR],10.0,0.56,Healthy participants (no disease condition)
28053642,arm_right_gb34,right GB34 group,verum_acupuncture,deqi sensation rating,Fullness,"Median 0, range 0~4",median [IQR],12.0,0.56,Healthy participants (no disease condition)
28053642,arm_left_gb34,left GB34 group,verum_acupuncture,deqi sensation rating,Deep pressure score,"Median 0, range 0~4",median [IQR],10.0,0.35,Healthy participants (no disease condition)
28053642,arm_right_gb34,right GB34 group,verum_acupuncture,deqi sensation rating,Deep pressure score,"Median 0, range 0~5",median [IQR],12.0,0.35,Healthy participants (no disease condition)
28334999,arm_local,verum acupuncture 'local' to the more affected hand,verum_acupuncture,not_reported,characteristic deqi acupuncture sensation,manual stimulation at all locations was performed to induce characteristic deqi acupuncture sensation,narrative,,not_reported,carpal tunnel syndrome (CTS)
28334999,arm_distal,"verum acupuncture at 'distal' body sites, contralesional to the more affected hand",verum_acupuncture,not_reported,characteristic deqi acupuncture sensation,manual stimulation at all locations was performed to induce characteristic deqi acupuncture sensation,narrative,,not_reported,carpal tunnel syndrome (CTS)
28443010,not_applicable,,,questionnaire (unspecified),De-qi experience,subjects were asked to fill questionnaires to record their experience of De-qi,narrative,,not_reported,Right-hemispheric subcortical ischemic stroke with left motor hemiparesis
28480365,not_applicable,,,not_reported,needle sensation (deqi) mentioned in context of manipulation,"after developing needle sensation, twirling and lifting/thrusting manipulation conducted",narrative,,not_reported,healthy volunteers (no disease condition)
29204113,arm_ea,electro-acupuncture group,verum_acupuncture,not_reported,Qi sensation of acupuncture (deqi),After achieving a Qi sensation of acupuncture,narrative,,not_reported,Crohn's disease (CD) in remission
29343693,real,REAL,verum_acupuncture,in-house Korean version of the Massachusetts General Hospital Acupuncture Sensation Scale (MASS) Index,Aching,"2.29±1.87, p<0.05",mean ± SD,28.0,<0.05,non-specific low back pain (LBP)
29343693,phnt,PHNT,sham_acupuncture,in-house Korean version of the Massachusetts General Hospital Acupuncture Sensation Scale (MASS) Index,Aching,"0.44±0.81, p<0.05",mean ± SD,19.0,<0.05,non-specific low back pain (LBP)
29343693,real,REAL,verum_acupuncture,in-house Korean version of the Massachusetts General Hospital Acupuncture Sensation Scale (MASS) Index,MASS index,"2.88±1.80, p<0.05",mean ± SD,28.0,<0.05,non-specific low back pain (LBP)
29343693,phnt,PHNT,sham_acupuncture,in-house Korean version of the Massachusetts General Hospital Acupuncture Sensation Scale (MASS) Index,MASS index,"0.61±1.30, p<0.05",mean ± SD,19.0,<0.05,non-specific low back pain (LBP)
29563830,contra_group,contralateral acupuncture group (contra-group),verum_acupuncture,not_reported,deqi sensation (general),"lifting, thrusting, and twirling approximately 180° was applied to induce the deqi sensation",narrative,,not_reported,Unilateral chronic shoulder pain (CSP); left-sided shoulder pain
29563830,ipsi_group,ipsilateral acupuncture group (ipsi-group),verum_acupuncture,not_reported,deqi sensation (general),"lifting, thrusting, and twirling approximately 180° was applied to induce the deqi sensation",narrative,,not_reported,Unilateral chronic shoulder pain (CSP); left-sided shoulder pain
29904344,arm_pms_eas,PMS patients receiving EAS at SP6,verum_acupuncture,"visual analog scale (VAS); includes sensations of soreness, numbness, fullness, heaviness, tingling, coolness, warmth, sharp pain, dull pain, aching and pressure",overall Deqi sensations,"Soreness, numbness, fullness, heaviness and tingling were the most commonly reported Deqi sensations (see Figure 2)",mean ± SD (error bar stands for SD as per Figure 2),20.0,not_reported,premenstrual syndrome (PMS)
29951105,arm_A,Group A,verum_acupuncture,not_reported,"de qi (including numbness, soreness, distention, heaviness, and other sensations)",not_reported,narrative,,not_reported,Ischemic stroke
30034336,not_applicable,,,not_reported,not_reported,not_reported,not_reported,,not_reported,Parkinson's disease with tremor
30105065,not_applicable,,,not_reported,not_reported,not_reported,narrative,,not_reported,Alzheimer's disease (AD) and mild cognitive impairment (MCI)
30719061,not_applicable,,,not_reported,not_reported,"Once the patients got acupuncture sensation (feelings like soreness, numbness, heaviness, fullness, etc.), needling was manipulated at KI3 under the same procedure.",narrative,,not_reported,Hypertension (grade 1 or 2)
30914909,arm_XNKQ,XNKQ acupuncture as manual needle-stimulation on five acupuncture points,verum_acupuncture,Massachusetts General Hospital Acupuncture Sensation Scale (MASS),MASS index,4.17 95%CI[3.34;5.01],mean (95% CI),24.0,XNKQ vs. NPNS p=0.001,Healthy volunteers (no disease condition)
30914909,arm_npws,manual needle-stimulation on five nearby non-acupuncture points,sham_acupuncture,Massachusetts General Hospital Acupuncture Sensation Scale (MASS),MASS index,3.44[2.54;4.34],mean (95% CI),24.0,NPWS vs. NPNS p=0.043,Healthy volunteers (no disease condition)
30914909,arm_pns,insertion of needles on the five XNKQ acupuncture points without stimulation,sham_acupuncture,Massachusetts General Hospital Acupuncture Sensation Scale (MASS),MASS index,3.52[2.65;4.39],mean (95% CI),24.0,PNS vs. NPNS p=0.028,Healthy volunteers (no disease condition)
30914909,arm_npns,insertion of needles on five non-acupuncture points without stimulation,sham_acupuncture,Massachusetts General Hospital Acupuncture Sensation Scale (MASS),MASS index,2.29[1.58;3.00],mean (95% CI),24.0,not_reported (reference group in comparisons),Healthy volunteers (no disease condition)
30914909,not_applicable,,,Massachusetts General Hospital Acupuncture Sensation Scale (MASS),MASS index — factor stimulation main effect,not_reported,p_value_only,24.0,p=0.030,Healthy volunteers (no disease condition)
30914909,not_applicable,,,Massachusetts General Hospital Acupuncture Sensation Scale (MASS),MASS index — factor location main effect,not_reported,p_value_only,24.0,p=0.018,Healthy volunteers (no disease condition)
31011330,arm_CM,CM patients,verum_acupuncture,not_reported,not_reported,de qi sensation elicited,narrative,,not_reported,Chronic migraine (CM) without aura
31636536,arm_REAL,REAL,verum_acupuncture,"Mass Index (Kong et al., 2007); acupuncture-related sensations","Overall acupuncture sensation (Mass Index), soreness, tingling, and sharp pain reported as greater in REAL than PHNT (referenced from Lee et al., 2014)","Greater overall acupuncture sensation (Mass Index), soreness, tingling, and sharp pain than non-specific components (referenced from Lee et al., 2014)",narrative,,not_reported,Non-specific low back pain
31636536,arm_PHNT,PHNT,sham_acupuncture,Vicarious acupuncture (deqi) sensations,"Deep pressure, heaviness, fullness, and numbness","Needling credibility induces parasympathetic activation and vicarious acupuncture (deqi) sensations (deep pressure, heaviness, fullness, and numbness) (Lee et al., 2014)",narrative,,not_reported,Non-specific low back pain
32377180,arm_contra,contralateral acupuncture group (contra-group),verum_acupuncture,not_reported,"Deqi sensation (soreness, numbness, distention, or radiating)","Manual acupuncture was applied to achieve the Deqi sensation, which is a sensation of soreness, numbness, distention, or radiating that indicates effective needling",narrative,,not_reported,"Chronic shoulder pain (CSP), unilateral (left-sided)"
32377180,arm_ipsi,ipsilateral acupuncture group (ipsi-group),verum_acupuncture,not_reported,"Deqi sensation (soreness, numbness, distention, or radiating)","Manual acupuncture was applied to achieve the Deqi sensation, which is a sensation of soreness, numbness, distention, or radiating that indicates effective needling",narrative,,not_reported,"Chronic shoulder pain (CSP), unilateral (left-sided)"
32908491,not_applicable,,,not_reported,not_reported,not_reported,narrative,,not_reported,"Multiple (migraine, chronic low back pain, functional dyspepsia, healthy subjects) — review article covering multiple included studies"
33013312,arm_real,Real acupuncture group,verum_acupuncture,not_reported,"soreness, numbness, distension and heaviness","deqi was obtained (soreness, numbness, distension and heaviness)",narrative,,not_reported,Primary dysmenorrhea (PDM)
33013312,arm_sham,Sham acupuncture group,sham_acupuncture,not_reported,not_reported,deqi sensation was not obtained,narrative,,not_reported,Primary dysmenorrhea (PDM)
33146953,not_applicable,,,Massachusetts General Hospital acupuncture sensation scale (MASS),"soreness, numbness, heaviness, warmth, coldness, sharp pain, and dull pain",not_reported,narrative,,not_reported,Primary insomnia (PI)
33314799,not_applicable,,,MGH Acupuncture Sensation Scale (MASS),"MASS Index (weighted summation of 13 sensations including Soreness, Aching, Deep Pressure, Tingling, etc.; 0=none; 10=unbearable scale)",EA: approximately 3-4 across sessions; ML: approximately 1-2 across sessions (values from Figure 2B; exact numeric values not reported in text),mean ± SE (from figure),,Group main effect p<0.001; Time main effect p=0.025; Group x Time interaction p=0.84,Fibromyalgia (FM)
33384580,arm_IBS1st,IBS1st group,verum_acupuncture,not_reported,"Deqi (a sensation of soreness, numbness, fullness, and heaviness, and/or adjacent muscle twitching)",not_reported,narrative,,not_reported,Diarrhea-dominant Irritable Bowel Syndrome (IBS-D)
33551385,arm_real_acu,real acupuncture stimulation with manual manipulation,verum_acupuncture,not_reported,de-qi; reportedly includes tingling and heaviness and numbness,"The sense of 'de-qi' reportedly includes tingling and heaviness and numbness, and the perception of sensation induced by acupuncture stimulation is associated with time-consuming complicated processing in the central nervous system.",narrative,,not_reported,healthy volunteers
33560579,arm_effective,effective acupuncture on the SP3 point,verum_acupuncture,not_reported (traditional subjective assessment),significant needle reaction (Deqi),significant needle reaction (Deqi) was achieved before commencing 15-min session,narrative,,not_reported,Healthy volunteers (no disease condition)
33560579,arm_sham,sham acupuncture,sham_acupuncture,not_reported,Deqi absent,without achieving Deqi,narrative,,not_reported,Healthy volunteers (no disease condition)
34108856,arm_RA,real acupuncture group,verum_acupuncture,not_reported,De qi sensation,patients were responsive to acupuncture and able to attain the feeling of De qi (inclusion criterion),narrative,,not_reported,Primary dysmenorrhea (PDM)
34122321,arm_MwoA,patients with MwoA,verum_acupuncture,not_reported,not_reported,Deqi sensation achieved by needle insertion,narrative,,not_reported,migraine without aura (MwoA)
34431029,arm_TG,treatment group (TG),verum_acupuncture,not_reported,"De-qi sensation (a tingling, numbness, and heaviness feelings)",De-qi sensation was triggered by the to-and-fro rotation of the needles for 10 s,narrative,,not_reported,Depression (DSM-V criteria)
34483822,arm_acupuncture,Acupuncture manipulation,verum_acupuncture,Massachusetts General Hospital Acupuncture Sensation Scale (MASS); visual analog scale (VAS) for six deqi sensations,"deqi index (composite MASS index calculated from VAS scores for suan, ma, zhang, tong, zouchuan, zhong)",approximately 3.5 (estimated from Figure 3; exact value not reported in text),mean ± SEM,17.0,**p < 0.01,Healthy volunteers
34483822,arm_acupuncture,Acupuncture manipulation,verum_acupuncture,Massachusetts General Hospital Acupuncture Sensation Scale (MASS); visual analog scale (VAS),deqi index (composite MASS index),approximately 1 (estimated from Figure 3; exact value not reported in text),mean ± SEM,17.0,**p < 0.01 vs acupuncture manipulation; n.s. vs post-manipulation tactile control,Healthy volunteers
34483822,arm_acupuncture,Acupuncture manipulation,verum_acupuncture,Massachusetts General Hospital Acupuncture Sensation Scale (MASS); visual analog scale (VAS),deqi index (composite MASS index),approximately 1 (estimated from Figure 3; exact value not reported in text),mean ± SEM,17.0,**p < 0.01 vs acupuncture manipulation; n.s. vs pre-manipulation tactile control,Healthy volunteers
34483822,arm_acupuncture,Acupuncture manipulation,verum_acupuncture,VAS for deqi sensations,suan (aching or soreness),not_reported,other,17.0,not_reported,Healthy volunteers
34483822,arm_acupuncture,Acupuncture manipulation,verum_acupuncture,VAS for deqi sensations,ma (numbness or tingling),not_reported,other,17.0,not_reported,Healthy volunteers
34483822,arm_acupuncture,Acupuncture manipulation,verum_acupuncture,VAS for deqi sensations,zhang (fullness/distention or pressure),not_reported,other,17.0,not_reported,Healthy volunteers
34483822,arm_acupuncture,Acupuncture manipulation,verum_acupuncture,VAS for deqi sensations,tong (dull pain),not_reported,other,17.0,not_reported,Healthy volunteers
34483822,arm_acupuncture,Acupuncture manipulation,verum_acupuncture,VAS for deqi sensations,"zouchuan (spreading, a feeling of extension from the acupuncture position to the arm)",not_reported,other,17.0,not_reported,Healthy volunteers
34483822,arm_acupuncture,Acupuncture manipulation,verum_acupuncture,VAS for deqi sensations,zhong (heaviness),not_reported,other,17.0,not_reported,Healthy volunteers
34671239,TA,True Acupuncture (TA),verum_acupuncture,not_reported,"Deqi sensation: soreness, numbness, distention, or radiating","Stimulation was repeated one to three times to achieve the Deqi sensation (a sensation of soreness, numbness, distention, or radiating that indicates effective needling)",narrative,,not_reported,Menstrual migraine without aura (MMoA)
34671239,SA,Sham Acupuncture (SA),sham_acupuncture,not_reported,Deqi sensation,subjects in the SA group did not experience Deqi,narrative,,not_reported,Menstrual migraine without aura (MMoA)
34720908,arm_IBSD,IBS-D,verum_acupuncture,not_reported,"deqi sense with soreness, numbness, heaviness, and distention",not_reported,narrative,,not_reported,Diarrhea-Predominant Irritable Bowel Syndrome (IBS-D)
35048524,arm_cnsp,patients with CNSP,verum_acupuncture,not_reported,"deqi sensation described as soreness, numbness, distention, and heaviness","deqi sensation (soreness, numbness, distention, and heaviness) was obtained",narrative,,not_reported,Chronic neck and shoulder pain (CNSP)
35096130,arm_verum_ea,Electroacupuncture at bilateral uterine points (EX-CA1),verum_acupuncture,not_reported,not_reported,After needling qi (deqi was obtained as part of the procedure),narrative,,not_reported,Healthy volunteers; no disease condition
35115998,arm_KOA,patients with KOA,verum_acupuncture,not_reported,"de-qi sensation (soreness, numbness, fullness, and heaviness)","When the participants received de-qi sensation (soreness, numbness, fullness, and heaviness)",narrative,,not_reported,Knee osteoarthritis (KOA) with chronic pain
35153654,arm_tinnitus,chronic tinnitus patients,verum_acupuncture,not_reported,deqi sensation,the acupuncturist manipulated the needle within the tolerance of the subject until the subjects obtained the deqi sensation without sharp pain,narrative,,not_reported,chronic tinnitus
35312785,not_applicable,,,not_reported,not_reported,not_reported,not_reported,,not_reported,"Migraine (migraine without aura [MWoA], migraine with aura [MWA], chronic migraine [CM])"
35464313,arm_all_fd,all FD patients,verum_acupuncture,not_reported,not_reported,one study used acupuncture ST36 with Deqi as the treatment group and without Deqi as the control group,narrative,,not_reported,functional dyspepsia (FD)
35557556,arm_groupA,Group A (acupoints on the meridian directly related to the Heart),verum_acupuncture,not_reported,"deqi sensation (lifting, thrusting, twirling to achieve deqi)","deqi sensation achieved via lifting and thrusting with amplitude 3–5 mm, twirling 90–180°",narrative,,not_reported,Chronic stable angina pectoris (CSAP)
35557556,arm_groupB,Group B (acupoints on the meridian indirectly related to the Heart),active_control,not_reported,"deqi sensation (lifting, thrusting, twirling to achieve deqi)","deqi sensation achieved via lifting and thrusting with amplitude 3–5 mm, twirling 90–180°",narrative,,not_reported,Chronic stable angina pectoris (CSAP)
35832324,arm_neiguan,group of acupuncture at Neiguan,verum_acupuncture,feeling questionnaires about the sensations,"soreness, numbness, fullness, and aching",acupuncture at Neiguan obviously resulted in sensations compared to non-acupoint acupuncture,narrative,,not_reported,anxiety disorders (ICD-10/F41)
35959405,arm_01,"Healthy subjects with regular sleep (within-subject, all conditions)",verum_acupuncture,not_reported,not_reported,not_reported,narrative,,not_reported,Acute sleep deprivation (24 h total SD)
36051643,VA,verum acupuncture group,verum_acupuncture,not_reported,"deqi sensation: soreness, numbness, heaviness, swelling, or dull pain",patients were required to obtain deqi sensation,narrative,,not_reported,Primary dysmenorrhea (PDM)
36530615,not_applicable,,,not_reported,not_reported,"All participants reported their experience ('Deqi') with acupuncture stimulation. Deqi featured aching, pressure, heaviness, fullness, and numbness among other feelings.",narrative,,not_reported,Post-stroke aphasia (PSA) caused by left hemisphere stroke
36530635,arm_tinnitus,patients with subjective tinnitus,verum_acupuncture,not_reported,not_reported,"acid, numbness, swelling and pain",narrative,,not_reported,subjective tinnitus
36744205,arm_patients,Numbness Patients,verum_acupuncture,not_reported,"Deqi sensation (soreness, numbness, distention, or radiating)","Deqi was induced throughout treatment by twirling and rotating needle sheath; described as soreness, numbness, distention, or radiating",narrative,,not_reported,Ischemic stroke sequelae with unilateral limb numbness (somatosensory dysfunction)
36846148,not_applicable,,,not_reported,"Deqi: aching, pressure, heaviness, fullness, and numbness among other feelings","All participants reported their experience ('Deqi') with acupuncture stimulation. Deqi featured aching, pressure, heaviness, fullness, and numbness among other feelings",narrative,,not_reported,post-stroke aphasia
36890655,arm_VA,verum acupuncture (VA),verum_acupuncture,Chinese version of the modified Massachusetts General Hospital Acupuncture Sensation Scale (C-MASS),average C-MASS ratings for all ten descriptors,not_reported,not_reported,,p = 0.080,Knee osteoarthritis (KOA) with knee pain
36890655,arm_SA,sham acupuncture (SA),sham_acupuncture,Chinese version of the modified Massachusetts General Hospital Acupuncture Sensation Scale (C-MASS),average C-MASS ratings for all ten descriptors,not_reported,not_reported,,p = 0.080,Knee osteoarthritis (KOA) with knee pain
36922926,acu,Acu-group,verum_acupuncture,not_reported,not_reported,Deqi was intended; manipulation was continued following Deqi (twist once every 10 min following Deqi),narrative,,not_reported,Cerebral small vessel disease cognitive impairment (CSVDCI)
37025199,not_applicable,,,not_reported,not_reported,"The feeling of 'getting Qi' in the process of acupuncture and moxibustion is the subject's subjective feeling, and there is no objective standard, which will also have a certain impact on the results.",narrative,,not_reported,"Depression; also covers anxiety, irritable bowel syndrome, stroke, Parkinson's disease, heroin addiction, spastic cerebral palsy, carpal tunnel syndrome, post-traumatic stress disorder, functional dyspepsia, aphasia, epilepsy, Wilson's disease, and primary insomnia as referenced conditions"
37206312,not_applicable,,,Chinese version of the modified Massachusetts General Hospital Acupuncture Sensation Scale (C-MMASS),"overall comparison among ERR, LTRei, and LTRed (seven categories: soreness, numbness, fullness, heaviness, aching, throbbing, and other sensations)","F(2,60) = 2.917, p = 0.062, η2 = 0.089",other,31.0,p = 0.062,Healthy volunteers
37274194,not_applicable,,,not_reported,not_reported,not_reported,narrative,,not_reported,Ischemic stroke with unilateral motor pathway injury (basal ganglia and/or corona radiata)
37305743,arm_SA,scalp acupuncture (SAs) group,verum_acupuncture,not_reported,deqi sensation (general),causing a deqi sensation (mentioned as intended outcome of needle manipulation),narrative,,not_reported,Left hemiplegia due to ischemic stroke (unilateral partial anterior circulation infarction)
37383656,TATG,true acupoint treatment group (TATG),verum_acupuncture,not_reported,"De qi: soreness, dullness, numbness, heaviness, and other feelings","patients obtained De qi; a combination of sensations including soreness, dullness, numbness, heaviness, and other feelings",narrative,,not_reported,ischemic stroke with motor dysfunction
37383656,SATG,sham acupoint treatment group (SATG),sham_acupuncture,not_reported,De qi avoided,We would avoid De qi sensations in the manipulation in the SATG group,narrative,,not_reported,ischemic stroke with motor dysfunction
37408438,TA,true acupuncture (TA),verum_acupuncture,not_reported,"Deqi sensation (soreness, numbness, distention, or radiation)","Rotating or lifting–thrusting manipulation was performed for Deqi sensation (a sensation of soreness, numbness, distention, or radiation that indicated effective needling) after needle insertion",narrative,,not_reported,Chronic neck pain (CNP)
37408438,SA,sham acupuncture (SA),sham_acupuncture,not_reported,Deqi sensation,"shallow acupuncture with a depth of 2 mm was performed at the five non-acupoints, without manual stimulation to yield the Deqi sensation",narrative,,not_reported,Chronic neck pain (CNP)
37415858,arm_REAL,real acupuncture (REAL),verum_acupuncture,Massachusetts General Hospital Acupuncture Sensation Scale (MASS) index,MASS index score (overall),4.32 ± 2.43,mean ± SD,15.0,p < 0.01,Healthy volunteers
37415858,arm_PHNT,phantom acupuncture (PHNT),sham_acupuncture,Massachusetts General Hospital Acupuncture Sensation Scale (MASS) index,MASS index score (overall),1.23 ± 1.18,mean ± SD,15.0,p < 0.01,Healthy volunteers
37721727,arm_IA,subjects with IA,verum_acupuncture,not_reported,"deqi (a complex and mixed feeling including numbness, distention, soreness, or dull pain at the needling acupoints)","deqi was elicited by lifting and thrusting; described as a complex and mixed feeling including numbness, distention, soreness, or dull pain at the needling acupoints",narrative,,not_reported,Internet addiction (IA)
37804240,arm_SA,Somatic Acupuncture (SA),verum_acupuncture,numerical rating scale (0 = no sensation to 10 = very strong sensation),deqi sensation,1.93 ± 0.27,mean ± SE,24.0,"dose: χ2 = 275.2, P < 0.001; modality: χ2 = 10.89, P < 0.001; interaction: χ2 = 27.69, P < 0.001",Healthy volunteers (no neurological disorder)
37804240,arm_SA,Somatic Acupuncture (SA),verum_acupuncture,numerical rating scale (0 = no sensation to 10 = very strong sensation),deqi sensation,3.48 ± 0.33,mean ± SE,24.0,"dose: χ2 = 275.2, P < 0.001; post hoc significant between doses",Healthy volunteers (no neurological disorder)
37804240,arm_SA,Somatic Acupuncture (SA),verum_acupuncture,numerical rating scale (0 = no sensation to 10 = very strong sensation),deqi sensation,6.01 ± 0.33,mean ± SE,24.0,"dose: χ2 = 275.2, P < 0.001; post hoc significant between doses",Healthy volunteers (no neurological disorder)
37804240,arm_VA,Visual Acupuncture (VA),other,numerical rating scale (0 = no sensation to 10 = very strong sensation),deqi sensation,1.39 ± 0.24,mean ± SE,24.0,"dose: χ2 = 275.2, P < 0.001; modality: χ2 = 10.89, P < 0.001; interaction: χ2 = 27.69, P < 0.001",Healthy volunteers (no neurological disorder)
37804240,arm_VA,Visual Acupuncture (VA),other,numerical rating scale (0 = no sensation to 10 = very strong sensation),deqi sensation,2.11 ± 0.28,mean ± SE,24.0,"dose: χ2 = 275.2, P < 0.001; post hoc significant between doses",Healthy volunteers (no neurological disorder)
37804240,arm_VA,Visual Acupuncture (VA),other,numerical rating scale (0 = no sensation to 10 = very strong sensation),deqi sensation,3.75 ± 0.50,mean ± SE,24.0,"dose: χ2 = 275.2, P < 0.001; post hoc significant between doses",Healthy volunteers (no neurological disorder)
37804240,arm_SA,Somatic Acupuncture (SA),verum_acupuncture,Korean version of the Massachusetts General Hospital Acupuncture Sensation Scale (MASS),overall deqi sensation,3.81 ± 0.36,mean ± SE,24.0,not_reported,Healthy volunteers (no neurological disorder)
38027487,arm_ea,electroacupuncture group,verum_acupuncture,not_reported,not_reported,"after obtaining Qi, the electroacupuncture device was connected",narrative,,not_reported,post-stroke dysphagia
38034817,not_applicable,,,not_reported,not_reported,"the intensity was adjusted between 0.2–0.6 mA, which was enough to produce sensation in subjects",narrative,,not_reported,Healthy volunteers; study aimed to reveal mechanisms relevant to post-stroke swallowing dysphagia
38245739,arm_group1,Group 1,verum_acupuncture,not_reported,not_reported,inserted with the purpose to achieve the Deqi sensation,narrative,,not_reported,Non-menstrual migraine without aura (MWoA)
38249582,not_applicable,,,not_reported,"Deqi sensation described as soreness, numbness, and heaviness","a soreness, numbness, and heaviness sensation",narrative,,not_reported,Ischemic stroke with motor dysfunction
38585348,EG,electroacupuncture group,verum_acupuncture,not_reported,"de qi needling sensation described as soreness, numbness, distention, heaviness, and other sensations","de qi needling sensation (a composite of sensations including soreness, numbness, distention, heaviness, and other sensations)",narrative,,not_reported,Subjective tinnitus (ST)
38681626,not_applicable,,,not_reported,not_reported,not_reported,not_reported,,not_reported,First-episode major depressive disorder (MDD)
39089662,AG,acupuncture group (AG),verum_acupuncture,not_reported,"soreness, numbness, distension, or heaviness","Twirling, lifting, and thrusting manipulations were performed to achieve 'de qi' sensation (soreness, numbness, distension, or heaviness)",narrative,,not_reported,chronic sciatica (chronic neuropathic pain)
39089662,SG,sham acupuncture group (SG),sham_acupuncture,not_reported,not_reported,No manipulations were performed for sham acupuncture intervention with no attempt to induce 'de qi' sensation,narrative,,not_reported,chronic sciatica (chronic neuropathic pain)
39499594,not_applicable,,,not_reported,needling sensations ('deqi' phenomenon),"the subject had some needling sensations; subjects to experience sensations such as heaviness, numbness, and distension",narrative,,not_reported,healthy volunteers
39543627,arm_RA,real acupuncture (RA),verum_acupuncture,not_reported,"Deqi sensation (soreness, numbness, heaviness, distension experienced by patient; heaviness, astringency, tightness felt by acupuncturist)",not_reported,narrative,,not_reported,Chronic insomnia disorder (CID)
39654647,arm_verum_acu,Experimental group (acupuncture therapy alone or in combination with other conventional therapies),verum_acupuncture,not_reported,Deqi (general),Several studies have demonstrated that the Deqi group exhibits significant activation in relevant brain regions compared with the non-Deqi group,narrative,,not_reported,Stroke (primarily ischemic stroke; also haemorrhagic stroke)
39877657,not_applicable,,,not_reported,not_reported,not_reported,not_reported,,not_reported,Alzheimer's disease (AD)
40022556,arm_acupuncture,Acupuncture group (Dataset 2),verum_acupuncture,not_reported,"Deqi sensation characterized by feelings of pain, heaviness, numbness, swelling, or radiation",not_reported,narrative,,not_reported,Chronic insomnia disorder (CID)
40584525,arm_true,true-acupoint group,verum_acupuncture,not_reported,"soreness, numbness, distension, and heaviness","subject would experience the deqi sensations such as soreness, numbness, distension, and heaviness",narrative,,not_reported,amnestic mild cognitive impairment (aMCI)
40634927,AG,acupuncture group (AG),verum_acupuncture,not_reported,de qi sensation (achieved through manual stimulation),Acupuncturists manually stimulated the needles to achieve de qi,narrative,,not_reported,knee osteoarthritis (KOA)
40634927,SG,sham acupuncture group (SG),sham_acupuncture,not_reported,de qi sensation (not required),Sham needles did not penetrate the skin and did not require the 'De Qi' sensation,narrative,,not_reported,knee osteoarthritis (KOA)
40642213,arm_ST36,Zusanli (ST36),verum_acupuncture,MGH Acupuncture Sensation Scale (MASS),MASS_L (total MASS score for the left body),6.68 ± 5.88,mean ± SD,19.0,0.944,healthy volunteers
40642213,arm_ST36,Zusanli (ST36),verum_acupuncture,MGH Acupuncture Sensation Scale (MASS),MASS_R (total MASS score for the right body),7.53 ± 50.63,mean ± SD,19.0,0.608,healthy volunteers
40642213,arm_KI4,Dazhong (KI4),verum_acupuncture,MGH Acupuncture Sensation Scale (MASS),MASS_L (total MASS score for the left body),5.88 ± 4.69,mean ± SD,16.0,0.944,healthy volunteers
40642213,arm_KI4,Dazhong (KI4),verum_acupuncture,MGH Acupuncture Sensation Scale (MASS),MASS_R (total MASS score for the right body),6.44 ± 5.57,mean ± SD,16.0,0.608,healthy volunteers
40642213,arm_HT7,Shenmen (HT7),verum_acupuncture,MGH Acupuncture Sensation Scale (MASS),MASS_L (total MASS score for the left body),6.53 ± 5.34,mean ± SD,16.0,0.944,healthy volunteers
40642213,arm_HT7,Shenmen (HT7),verum_acupuncture,MGH Acupuncture Sensation Scale (MASS),MASS_R (total MASS score for the right body),7.82 ± 5.62,mean ± SD,16.0,0.608,healthy volunteers
40642213,not_applicable,,,MGH Acupuncture Sensation Scale (MASS),composite deqi score excluding sharp pain,"A deqi response was defined as a total score of 3 or higher for any of the 12 sensations, excluding sharp pain",narrative,,not_reported,healthy volunteers
40660313,not_applicable,,,not_reported,needling sensation (de qi),"After the acupoints obtained qi, the needles were retained for 20 min",narrative,,not_reported,knee osteoarthritis (KOA)
40772121,arm_acupuncture,Acupuncture group,verum_acupuncture,not_reported,not_reported,flat-supplement and flat-purgation techniques to 'deqi' were performed,narrative,,not_reported,Knee osteoarthritis (KOA)
40800108,arm_verum_acupuncture,acupuncture (verum/electroacupuncture),verum_acupuncture,not_reported,not_reported,not_reported,narrative,,not_reported,"Vascular cognitive impairment (VCI), including mild cognitive impairment (MCI), vascular dementia, and related cerebrovascular cognitive disorders"
40847552,arm_responders,acupuncture responders,verum_acupuncture,not_reported,Deqi sensation (general),"The insertion depth and direction were determined based on the patient's treatment site, with the aim of achieving the Deqi sensation.",narrative,,not_reported,Neck pain (NP)
40881782,arm_IDSA,IDSA treatment group,verum_acupuncture,not_reported,not_reported,Tolerable sensation of soreness and swelling induced by rotating needles at 200 rpm,narrative,,not_reported,Bilateral basal ganglia ischemic stroke (BBGIS)
40904730,not_applicable,,,not_reported,"de-qi sensation (a feeling of numbness, tingling, or heaviness)",de-qi sensation was more crucial for clear activation of brain regions than needling depth or needle diameter,narrative,,not_reported,not_applicable (meta-analyses included studies on healthy volunteers and various pathological conditions)
40963943,arm_TTH,TTH patients,other,Composite Deqi sensation score (0–10 scale),"Composite Deqi (soreness, numbness, distension, heaviness, or other special sensations)",10 TTH patients had higher scores for composite Deqi sensation; 23 had higher acute pain scores; 3 had same scores,count,36.0,not_reported,Tension-type headache (TTH)
40963943,arm_HC,HCs (healthy controls),healthy_control,Composite Deqi sensation score (0–10 scale),"Composite Deqi (soreness, numbness, distension, heaviness, or other special sensations)",11 HCs exhibited higher scores for the composite Deqi sensation; 21 had higher acute pain scores; 4 had same scores,count,36.0,not_reported,Tension-type headache (TTH)
41022570,arm_01,Healthy participants receiving acupuncture at GV20 and GV29,verum_acupuncture,not_reported,"De Qi sensation described as sourness, numbness, distention, and pain","Light to moderate stimulation to produce De Qi (sourness, numbness, distention, and pain), which is considered an effective acupuncture response",narrative,,not_reported,Healthy volunteers (no disease condition)
41069516,arm_BP,BP group (BP patients),verum_acupuncture,not_reported; Deqi defined by study criteria,"soreness, numbness, distension, heaviness (patient-reported); tight, rough sensation under needle (acupuncturist-perceived)",Deqi was achieved (required for needle retention to proceed); specific quantitative values not reported,narrative,,not_reported,acute Bell's palsy (BP); acute idiopathic peripheral facial paralysis
41310834,arm_acupuncture,acupuncture group,verum_acupuncture,not_reported,"pain, heaviness, numbness, swelling, or radiation","The 'Deqi' sensation, a clinical marker of effective acupuncture characterized by sensations of pain, heaviness, numbness, swelling, or radiation, was induced through needle manipulation techniques such as lifting, thrusting, twirling, and rotating.",narrative,,not_reported,Chronic insomnia disorder (CID)
41351443,AG,acupuncture group (AG),verum_acupuncture,not_reported,"de-qi: soreness, numbness, heaviness","required to achieve de-qi (feeling of soreness, numbness, heaviness)",narrative,,not_reported,Subjective cognitive decline (SCD)
41591775,arm_real_acu,real acupuncture group,verum_acupuncture,not_reported,"deqi sensation (distention, numbness, soreness, or radiating sensations)","deqi was intended and elicited through twirling, lifting, and thrusting",narrative,,not_reported,Migraine without aura (MWOA)
41591775,arm_sham_acu,sham acupuncture group,sham_acupuncture,not_reported,deqi omitted,Manipulation matched real acupuncture but omitted deqi,narrative,,not_reported,Migraine without aura (MWOA)
41602988,arm_BP_acupuncture,Bell's palsy patients receiving acupuncture,verum_acupuncture,not_reported,"deqi sensation (numbness, distention, or heaviness) at bilateral LI4","sensation typically described by patients as numbness, distention, or heaviness",narrative,,not_reported,Bell's palsy (acute unilateral facial paralysis caused by inflammation of the facial nerve)
41657421,arm_study,study group,verum_acupuncture,not_reported,"deqi sensation (dull ache, numbness, or tingling)","mild but noticeable deqi sensation (a characteristic sensation of acupuncture, often described as a dull ache, numbness, or tingling) in the patients without causing any discomfort or pain",narrative,,not_reported,insomnia (primary insomnia)
41834818,arm_tx,Treatment group (Tx),verum_acupuncture,not_reported,deqi at scalp acupoints,deqi was achieved before connecting to device (for scalp/head acupoints),narrative,,not_reported,poststroke motor dysfunction
41999225,AG,acupuncture group (AG) (VA+SA),verum_acupuncture,not_reported,Deqi sensation,needle manipulation for Deqi sensation induction required; standardized procedures performed,narrative,,not_reported,Knee Osteoarthritis (KOA) with chronic knee pain
42131703,VA,Verum acupuncture,verum_acupuncture,not_reported,deqi sensation (characteristic needling sensation),"deqi sensation elicited by rotational manipulation (180° amplitude, 2 Hz frequency) for 1 min",narrative,,not_reported,mechanical neck pain
42131703,SA,Sham acupuncture,sham_acupuncture,not_reported,deqi sensation,no manipulation was performed to elicit the deqi sensation,narrative,,not_reported,mechanical neck pain
