pmid,arm_id,arm_type,outcome_measure,outcome_domain,scale_name,baseline_mean,baseline_sd,post_mean,n,higher_is_better,g_raw,g_corrected,source,disease_condition
35153654,arm_tinnitus,verum_acupuncture,tinnitus disturbance inventory (TDI),symptom_severity,tinnitus disturbance inventory (TDI),3.07,0.51,2.43,14,False,1.2549,1.1811,pre_post_field,chronic tinnitus
35153654,arm_tinnitus,verum_acupuncture,visual analog scales (VAS),symptom_severity,visual analog scales (VAS),5.64,0.59,4.5,14,False,1.9322,1.8185,pre_post_field,chronic tinnitus
35153654,arm_tinnitus,verum_acupuncture,tinnitus handicap inventory (THI),symptom_severity,tinnitus handicap inventory (THI),52.0,7.14,46.71,14,False,0.7409,0.6973,pre_post_field,chronic tinnitus
35153654,arm_tinnitus,verum_acupuncture,Khalfa hyperacusis questionnaire (KHQ),symptom_severity,Khalfa hyperacusis questionnaire (KHQ),48.43,6.17,43.36,14,False,0.8217,0.7734,pre_post_field,chronic tinnitus
24459533,arm_FD,verum_acupuncture,mental component summary (MCS) score of the MOS 36-item Short Health Survey (SF-36),quality_of_life,MOS 36-item Short Health Survey (SF-36) - MCS,45.7,10.78,45.01,18,True,-0.064,-0.0611,paired_timepoints,Functional diarrhea (FD)
24459533,arm_FD,verum_acupuncture,physical component summary (PCS) score of the MOS 36-item Short Health Survey (SF-36),quality_of_life,MOS 36-item Short Health Survey (SF-36) - PCS,51.41,6.84,53.37,18,True,0.2865,0.2737,paired_timepoints,Functional diarrhea (FD)
24459533,arm_HC,healthy_control,mental component summary (MCS) score of the MOS 36-item Short Health Survey (SF-36),quality_of_life,MOS 36-item Short Health Survey (SF-36) - MCS,54.47,4.54,55.07,18,True,0.1322,0.1262,paired_timepoints,Functional diarrhea (FD)
24459533,arm_HC,healthy_control,physical component summary (PCS) score of the MOS 36-item Short Health Survey (SF-36),quality_of_life,MOS 36-item Short Health Survey (SF-36) - PCS,57.9,1.45,57.91,18,True,0.0069,0.0066,paired_timepoints,Functional diarrhea (FD)
24915066,arm_A,verum_acupuncture,Frequency of migraine attacks per 4 weeks,symptom_severity,headache diary; number of migraine episodes separated by pain-free intervals of at least 48 hours,6.83,4.21,4.35,40,False,0.5891,0.5777,paired_timepoints,migraine without aura
24915066,arm_A,verum_acupuncture,HIT-6 score,quality_of_life,HIT-6 questionnaire (six-item short-form survey for measuring headache impact),58.1,6.81,47.25,40,False,1.5932,1.5624,paired_timepoints,migraine without aura
24915066,arm_A,verum_acupuncture,Number of days with migraine (days) per 4 weeks,symptom_severity,headache diary,9.85,7.94,5.56,40,False,0.5403,0.5298,paired_timepoints,migraine without aura
24915066,arm_A,verum_acupuncture,VAS score,pain,Visual Analogue Scale (VAS) score 0–10,5.11,1.75,3.8,40,False,0.7486,0.7341,paired_timepoints,migraine without aura
24915066,arm_B,sham_acupuncture,Frequency of migraine attacks per 4 weeks,symptom_severity,headache diary; number of migraine episodes separated by pain-free intervals of at least 48 hours,5.98,3.72,3.92,40,False,0.5538,0.543,paired_timepoints,migraine without aura
24915066,arm_B,sham_acupuncture,HIT-6 score,quality_of_life,HIT-6 questionnaire,58.13,7.12,49.69,40,False,1.1854,1.1625,paired_timepoints,migraine without aura
24915066,arm_B,sham_acupuncture,Number of days with migraine (days) per 4 weeks,symptom_severity,headache diary,9.73,7.62,4.91,40,False,0.6325,0.6203,paired_timepoints,migraine without aura
24915066,arm_B,sham_acupuncture,VAS score,pain,Visual Analogue Scale (VAS) score 0–10,5.23,1.78,4.64,40,False,0.3315,0.325,paired_timepoints,migraine without aura
25916336,arm_MWoA,verum_acupuncture,VAS scores,pain,visual analogue scale (VAS),5.5,1.3,2.7,12,False,2.1538,2.0036,paired_timepoints,Migraine without aura (MWoA)
26839078,AG,verum_acupuncture,Headache frequency,symptom_severity,number of migraines separated by pain free intervals of at least 48hours of headache,6.3,3.443070578168185,5.17,46,False,0.3282,0.3227,paired_timepoints,Migraine without aura (MwoA)
26839078,AG,verum_acupuncture,Headache intensity,pain,"visual analogue scale (VAS), 0–10",5.42,1.1938284919276612,3.51,46,False,1.5999,1.5731,paired_timepoints,Migraine without aura (MwoA)
26839078,AG,verum_acupuncture,SAS score,mood,self-rating anxiety scale (SAS),45.73,8.737440411934333,39.18,46,False,0.7496,0.7371,paired_timepoints,Migraine without aura (MwoA)
26839078,AG,verum_acupuncture,SDS score,mood,self-rating depression scale (SDS),45.3,11.315417880010013,40.45,46,False,0.4286,0.4214,paired_timepoints,Migraine without aura (MwoA)
26839078,SA,sham_acupuncture,Headache frequency,symptom_severity,number of migraines separated by pain free intervals of at least 48hours of headache,6.45,3.5789088936743223,6.45,11,False,-0.0,-0.0,paired_timepoints,Migraine without aura (MwoA)
26839078,SA,sham_acupuncture,Headache intensity,pain,"visual analogue scale (VAS), 0–10",5.18,1.6752339502305331,4.04,11,False,0.6805,0.6282,paired_timepoints,Migraine without aura (MwoA)
26839078,SA,sham_acupuncture,SAS score,mood,self-rating anxiety scale (SAS),45.68,9.019188843160345,38.02,11,False,0.8493,0.784,paired_timepoints,Migraine without aura (MwoA)
26839078,SA,sham_acupuncture,SDS score,mood,self-rating depression scale (SDS),44.27,11.61664754377032,37.34,11,False,0.5966,0.5507,paired_timepoints,Migraine without aura (MwoA)
26839078,VA1,verum_acupuncture,Headache frequency,symptom_severity,number of migraines separated by pain free intervals of at least 48hours of headache,5.91,3.4266148981988187,4.18,11,False,0.5049,0.466,paired_timepoints,Migraine without aura (MwoA)
26839078,VA1,verum_acupuncture,Headache intensity,pain,"visual analogue scale (VAS), 0–10",5.45,1.5483222873342812,3.18,11,False,1.4661,1.3533,paired_timepoints,Migraine without aura (MwoA)
26839078,VA1,verum_acupuncture,SAS score,mood,self-rating anxiety scale (SAS),45.05,9.010728065633929,39.2,11,False,0.6492,0.5993,paired_timepoints,Migraine without aura (MwoA)
26839078,VA1,verum_acupuncture,SDS score,mood,self-rating depression scale (SDS),42.41,13.30034227152727,41.93,11,False,0.0361,0.0333,paired_timepoints,Migraine without aura (MwoA)
26839078,VA2,verum_acupuncture,Headache frequency,symptom_severity,number of migraines separated by pain free intervals of at least 48hours of headache,7.45,4.103477100312166,6.18,11,False,0.3095,0.2857,paired_timepoints,Migraine without aura (MwoA)
26839078,VA2,verum_acupuncture,Headache intensity,pain,"visual analogue scale (VAS), 0–10",5.32,1.0829795233813553,3.73,11,False,1.4682,1.3552,paired_timepoints,Migraine without aura (MwoA)
26839078,VA2,verum_acupuncture,SAS score,mood,self-rating anxiety scale (SAS),45.27,9.40838460937552,41.77,11,False,0.372,0.3434,paired_timepoints,Migraine without aura (MwoA)
26839078,VA2,verum_acupuncture,SDS score,mood,self-rating depression scale (SDS),50.86,9.68759026774728,43.86,11,False,0.7226,0.667,paired_timepoints,Migraine without aura (MwoA)
26839078,VA3,verum_acupuncture,Headache frequency,symptom_severity,number of migraines separated by pain free intervals of at least 48hours of headache,5.54,4.019453845351436,4.08,13,False,0.3632,0.34,paired_timepoints,Migraine without aura (MwoA)
26839078,VA3,verum_acupuncture,Headache intensity,pain,"visual analogue scale (VAS), 0–10",5.69,1.0485531770482006,3.15,13,False,2.4224,2.2678,paired_timepoints,Migraine without aura (MwoA)
26839078,VA3,verum_acupuncture,SAS score,mood,self-rating anxiety scale (SAS),46.75,11.497293607984659,37.96,13,False,0.7645,0.7157,paired_timepoints,Migraine without aura (MwoA)
26839078,VA3,verum_acupuncture,SDS score,mood,self-rating depression scale (SDS),43.9,13.750763155149654,38.92,13,False,0.3622,0.339,paired_timepoints,Migraine without aura (MwoA)
26839078,WT,waitlist,Headache frequency,symptom_severity,number of migraines separated by pain free intervals of at least 48hours of headache,4.31,2.857142857142857,8.63,16,False,-1.512,-1.4351,paired_timepoints,Migraine without aura (MwoA)
26839078,WT,waitlist,Headache intensity,pain,"visual analogue scale (VAS), 0–10",5.66,1.0102040816326534,5.72,16,False,-0.0594,-0.0564,paired_timepoints,Migraine without aura (MwoA)
26839078,WT,waitlist,SAS score,mood,self-rating anxiety scale (SAS),46.81,10.806122448979588,41.64,16,False,0.4784,0.4541,paired_timepoints,Migraine without aura (MwoA)
26839078,WT,waitlist,SDS score,mood,self-rating depression scale (SDS),47.34,9.928571428571432,41.25,16,False,0.6134,0.5822,paired_timepoints,Migraine without aura (MwoA)
27688791,arm_LR3,verum_acupuncture,Bodily pain (BP),quality_of_life,SF-36,79.07,14.85,80.14,14,True,0.0721,0.0678,paired_timepoints,"Essential hypertension (mild or moderate arterial hypertension, grade 1 or 2)"
27688791,arm_LR3,verum_acupuncture,General health (GH),quality_of_life,SF-36,50.64,14.05,52.5,14,True,0.1324,0.1246,paired_timepoints,"Essential hypertension (mild or moderate arterial hypertension, grade 1 or 2)"
27688791,arm_LR3,verum_acupuncture,Mental health (MH),quality_of_life,SF-36,68.86,14.98,66.29,14,True,-0.1716,-0.1615,paired_timepoints,"Essential hypertension (mild or moderate arterial hypertension, grade 1 or 2)"
27688791,arm_LR3,verum_acupuncture,Physical domain (PHD),quality_of_life,QLICD-HY,69.65,10.5,67.41,14,True,-0.2133,-0.2008,paired_timepoints,"Essential hypertension (mild or moderate arterial hypertension, grade 1 or 2)"
27688791,arm_LR3,verum_acupuncture,Physical functioning (PF),quality_of_life,SF-36,85.71,12.69,84.29,14,True,-0.1119,-0.1053,paired_timepoints,"Essential hypertension (mild or moderate arterial hypertension, grade 1 or 2)"
27688791,arm_LR3,verum_acupuncture,Psychological domain (PSD),quality_of_life,QLICD-HY,79.55,14.21,81.98,14,True,0.171,0.1609,paired_timepoints,"Essential hypertension (mild or moderate arterial hypertension, grade 1 or 2)"
27688791,arm_LR3,verum_acupuncture,Role emotional (RE),quality_of_life,SF-36,73.81,35.03,76.19,14,True,0.0679,0.0639,paired_timepoints,"Essential hypertension (mild or moderate arterial hypertension, grade 1 or 2)"
27688791,arm_LR3,verum_acupuncture,Role physical (RP),quality_of_life,SF-36,75.0,36.69,76.78,14,True,0.0485,0.0457,paired_timepoints,"Essential hypertension (mild or moderate arterial hypertension, grade 1 or 2)"
27688791,arm_LR3,verum_acupuncture,Social domain (SOD),quality_of_life,QLICD-HY,78.9,13.61,77.43,14,True,-0.108,-0.1017,paired_timepoints,"Essential hypertension (mild or moderate arterial hypertension, grade 1 or 2)"
27688791,arm_LR3,verum_acupuncture,Social functioning (SF),quality_of_life,SF-36,82.54,15.54,89.68,14,True,0.4595,0.4324,paired_timepoints,"Essential hypertension (mild or moderate arterial hypertension, grade 1 or 2)"
27688791,arm_LR3,verum_acupuncture,Specific domain (SPD),quality_of_life,QLICD-HY,68.8,14.69,75.1,14,True,0.4289,0.4036,paired_timepoints,"Essential hypertension (mild or moderate arterial hypertension, grade 1 or 2)"
27688791,arm_LR3,verum_acupuncture,Total (TOT),quality_of_life,QLICD-HY,73.82,11.7,75.94,14,True,0.1812,0.1705,paired_timepoints,"Essential hypertension (mild or moderate arterial hypertension, grade 1 or 2)"
27688791,arm_LR3,verum_acupuncture,Vitality (VI),quality_of_life,SF-36,68.21,18.57,67.86,14,True,-0.0188,-0.0177,paired_timepoints,"Essential hypertension (mild or moderate arterial hypertension, grade 1 or 2)"
27688791,arm_sham,sham_acupuncture,Physical domain (PHD),quality_of_life,QLICD-HY,73.22,14.44,77.9,14,True,0.3241,0.305,paired_timepoints,"Essential hypertension (mild or moderate arterial hypertension, grade 1 or 2)"
27688791,arm_sham,sham_acupuncture,Psychological domain (PSD),quality_of_life,QLICD-HY,76.14,16.84,86.36,14,True,0.6069,0.5712,paired_timepoints,"Essential hypertension (mild or moderate arterial hypertension, grade 1 or 2)"
27688791,arm_sham,sham_acupuncture,Social domain (SOD),quality_of_life,QLICD-HY,65.42,16.97,72.73,14,True,0.4308,0.4054,paired_timepoints,"Essential hypertension (mild or moderate arterial hypertension, grade 1 or 2)"
27688791,arm_sham,sham_acupuncture,Specific domain (SPD),quality_of_life,QLICD-HY,73.21,12.6,73.31,14,True,0.0079,0.0075,paired_timepoints,"Essential hypertension (mild or moderate arterial hypertension, grade 1 or 2)"
27688791,arm_sham,sham_acupuncture,Total (TOT),quality_of_life,QLICD-HY,71.66,13.08,79.18,14,True,0.5749,0.5411,paired_timepoints,"Essential hypertension (mild or moderate arterial hypertension, grade 1 or 2)"
27812501,arm_sham,sham_acupuncture,Montgomery-Asberg depression rating scale (MADRS),symptom_severity,Montgomery-Asberg depression rating scale (MADRS),22.83,9.17,14.06,18,False,0.9564,0.9136,paired_timepoints,Major depressive disorder (MDD)
27812501,arm_sham,sham_acupuncture,Self-Rating Depression Scale (SDS),symptom_severity,Self-Rating Depression Scale (SDS),47.44,9.23,34.94,18,False,1.3543,1.2936,paired_timepoints,Major depressive disorder (MDD)
27812501,arm_verum,verum_acupuncture,Montgomery-Asberg depression rating scale (MADRS),symptom_severity,Montgomery-Asberg depression rating scale (MADRS),22.94,7.36,5.44,18,False,2.3777,2.2713,paired_timepoints,Major depressive disorder (MDD)
27812501,arm_verum,verum_acupuncture,Self-Rating Depression Scale (SDS),symptom_severity,Self-Rating Depression Scale (SDS),47.833,6.46,26.83,18,False,3.2512,3.1057,paired_timepoints,Major depressive disorder (MDD)
27857211,EA,verum_acupuncture,Crohn's Disease Activity Index (CDAI),symptom_severity,Crohn's Disease Activity Index (CDAI),76.17,40.11,48.06,16,False,0.7008,0.6652,paired_timepoints,Crohn's disease (remission period)
27857211,EA,verum_acupuncture,Inflammatory Bowel Disease Questionnaire (IBDQ),quality_of_life,Inflammatory Bowel Disease Questionnaire (IBDQ),170.83,22.72,188.11,16,True,0.7606,0.7219,paired_timepoints,Crohn's disease (remission period)
27857211,Mox,verum_acupuncture,Crohn's Disease Activity Index (CDAI),symptom_severity,Crohn's Disease Activity Index (CDAI),71.78,42.93,40.56,18,False,0.7272,0.6947,paired_timepoints,Crohn's disease (remission period)
27857211,Mox,verum_acupuncture,Inflammatory Bowel Disease Questionnaire (IBDQ),quality_of_life,Inflammatory Bowel Disease Questionnaire (IBDQ),174.78,33.1,190.78,18,True,0.4834,0.4617,paired_timepoints,Crohn's disease (remission period)
29204113,arm_ea,verum_acupuncture,CDAI (Crohn's disease activity index),symptom_severity,CDAI,78.28,40.95,51.53,18,False,0.6532,0.624,paired_timepoints,Crohn's disease (CD) in remission
29204113,arm_ea,verum_acupuncture,IBDQ (inflammatory bowel disease questionnaire),quality_of_life,IBDQ,171.72,20.17,187.18,18,True,0.7665,0.7322,paired_timepoints,Crohn's disease (CD) in remission
29204113,arm_moxa,verum_acupuncture,CDAI (Crohn's disease activity index),symptom_severity,CDAI,71.85,40.84,40.9,20,False,0.7578,0.7275,paired_timepoints,Crohn's disease (CD) in remission
29204113,arm_moxa,verum_acupuncture,IBDQ (inflammatory bowel disease questionnaire),quality_of_life,IBDQ,176.1,32.23,192.05,20,True,0.4949,0.4751,paired_timepoints,Crohn's disease (CD) in remission
29563830,contra_group,verum_acupuncture,Function (CMS),function,Constant–Murley score (CMS); 0–100 points,50.67,9.94,66.33,12,True,1.5755,1.4655,paired_timepoints,Unilateral chronic shoulder pain (CSP); left-sided shoulder pain
29563830,contra_group,verum_acupuncture,Pain intensity (VAS),pain,visual analog scale (VAS); 0–100 mm,67.92,16.16,47.5,12,False,1.2636,1.1755,paired_timepoints,Unilateral chronic shoulder pain (CSP); left-sided shoulder pain
29563830,ipsi_group,verum_acupuncture,Function (CMS),function,Constant–Murley score (CMS); 0–100 points,56.88,16.69,61.38,8,True,0.2696,0.2397,paired_timepoints,Unilateral chronic shoulder pain (CSP); left-sided shoulder pain
29563830,ipsi_group,verum_acupuncture,Pain intensity (VAS),pain,visual analog scale (VAS); 0–100 mm,60.63,7.29,51.88,8,False,1.2003,1.0669,paired_timepoints,Unilateral chronic shoulder pain (CSP); left-sided shoulder pain
29951105,arm_A,verum_acupuncture,modified Barthel Index (MBI) score,function,modified Barthel Index (MBI),32.386,13.153970820320254,44.9,11,True,0.9513,0.8782,paired_timepoints,Ischemic stroke
29951105,arm_B,usual_care,modified Barthel Index (MBI) score,function,modified Barthel Index (MBI),32.98,10.643645777617756,38.3,10,True,0.4998,0.457,paired_timepoints,Ischemic stroke
30034336,SAG,sham_acupuncture,Hypokinesia score,symptom_severity,"UPDRS III hypokinesia score (items 23, 24, 25, 26, 31)",0.56,0.32,0.58,12,False,-0.0625,-0.0581,paired_timepoints,Parkinson's disease with tremor
30034336,SAG,sham_acupuncture,PIGD score,symptom_severity,"UPDRS III postural instability/gait disorder (PIGD) score (items 27, 28, 29, 30)",0.79,0.58,0.75,12,False,0.069,0.0642,paired_timepoints,Parkinson's disease with tremor
30034336,SAG,sham_acupuncture,Rigidity score,symptom_severity,UPDRS III rigidity score (item 22),0.52,0.54,0.5,12,False,0.037,0.0345,paired_timepoints,Parkinson's disease with tremor
30034336,SAG,sham_acupuncture,Tremor score,symptom_severity,UPDRS III tremor score (items 20 and 21),0.92,0.49,0.9,12,False,0.0408,0.038,paired_timepoints,Parkinson's disease with tremor
30034336,SAG,sham_acupuncture,UPDRS II score,function,UPDRS II,11.25,4.58,10.33,12,False,0.2009,0.1869,paired_timepoints,Parkinson's disease with tremor
30034336,SAG,sham_acupuncture,UPDRS III score,symptom_severity,UPDRS III,19.5,8.49,19.25,12,False,0.0294,0.0274,paired_timepoints,Parkinson's disease with tremor
30034336,TAG,verum_acupuncture,Hypokinesia score,symptom_severity,"UPDRS III hypokinesia score (items 23, 24, 25, 26, 31)",0.84,0.75,0.71,14,False,0.1733,0.1631,paired_timepoints,Parkinson's disease with tremor
30034336,TAG,verum_acupuncture,PIGD score,symptom_severity,"UPDRS III postural instability/gait disorder (PIGD) score (items 27, 28, 29, 30)",0.88,0.45,0.82,14,False,0.1333,0.1255,paired_timepoints,Parkinson's disease with tremor
30034336,TAG,verum_acupuncture,Rigidity score,symptom_severity,UPDRS III rigidity score (item 22),0.89,0.82,0.76,14,False,0.1585,0.1492,paired_timepoints,Parkinson's disease with tremor
30034336,TAG,verum_acupuncture,Tremor score,symptom_severity,UPDRS III tremor score (items 20 and 21),1.17,0.52,0.85,14,False,0.6154,0.5792,paired_timepoints,Parkinson's disease with tremor
30034336,TAG,verum_acupuncture,UPDRS II score,function,"UPDRS II (Unified Parkinson's Disease Rating Scale, part II)",12.64,5.98,9.0,14,False,0.6087,0.5729,paired_timepoints,Parkinson's disease with tremor
30034336,TAG,verum_acupuncture,UPDRS III score,symptom_severity,"UPDRS III (Unified Parkinson's Disease Rating Scale, part III)",26.0,15.07,21.64,14,False,0.2893,0.2723,paired_timepoints,Parkinson's disease with tremor
30034336,WG,waitlist,Hypokinesia score,symptom_severity,"UPDRS III hypokinesia score (items 23, 24, 25, 26, 31)",0.85,0.53,0.91,11,False,-0.1132,-0.1045,paired_timepoints,Parkinson's disease with tremor
30034336,WG,waitlist,PIGD score,symptom_severity,"UPDRS III postural instability/gait disorder (PIGD) score (items 27, 28, 29, 30)",0.82,0.66,0.82,11,False,-0.0,-0.0,paired_timepoints,Parkinson's disease with tremor
30034336,WG,waitlist,Rigidity score,symptom_severity,UPDRS III rigidity score (item 22),0.71,0.72,0.8,11,False,-0.125,-0.1154,paired_timepoints,Parkinson's disease with tremor
30034336,WG,waitlist,Tremor score,symptom_severity,UPDRS III tremor score (items 20 and 21),1.12,0.62,1.31,11,False,-0.3065,-0.2829,paired_timepoints,Parkinson's disease with tremor
30034336,WG,waitlist,UPDRS II score,function,UPDRS II,11.09,6.58,12.27,11,False,-0.1793,-0.1655,paired_timepoints,Parkinson's disease with tremor
30034336,WG,waitlist,UPDRS III score,symptom_severity,UPDRS III,24.36,14.07,26.73,11,False,-0.1684,-0.1555,paired_timepoints,Parkinson's disease with tremor
32807158,M_Acu,verum_acupuncture,Athens Insomnia Scale (AIS) score,symptom_severity,Athens Insomnia Scale (AIS),13.26,4.21,5.91,43,False,1.7458,1.7145,paired_timepoints,Primary insomnia (PI)
32807158,M_Acu,verum_acupuncture,Pittsburgh Sleep Quality Index (PSQI) score,symptom_severity,Pittsburgh Sleep Quality Index (PSQI),14.84,2.77,8.49,43,False,2.2924,2.2512,paired_timepoints,Primary insomnia (PI)
32807158,N_Acu,sham_acupuncture,Athens Insomnia Scale (AIS) score,symptom_severity,Athens Insomnia Scale (AIS),13.56,4.48,8.88,43,False,1.0446,1.0259,paired_timepoints,Primary insomnia (PI)
32807158,N_Acu,sham_acupuncture,Pittsburgh Sleep Quality Index (PSQI) score,symptom_severity,Pittsburgh Sleep Quality Index (PSQI),15.21,2.95,11.6,43,False,1.2237,1.2017,paired_timepoints,Primary insomnia (PI)
32807158,S_Acu,verum_acupuncture,Athens Insomnia Scale (AIS) score,symptom_severity,Athens Insomnia Scale (AIS),12.4,3.14,7.0,43,False,1.7197,1.6889,paired_timepoints,Primary insomnia (PI)
32807158,S_Acu,verum_acupuncture,Pittsburgh Sleep Quality Index (PSQI) score,symptom_severity,Pittsburgh Sleep Quality Index (PSQI),14.7,2.99,8.79,43,False,1.9766,1.9411,paired_timepoints,Primary insomnia (PI)
33013312,arm_real,verum_acupuncture,Visual Analog Scale (VAS) abdominal pain severity,pain,Visual Analog Scale (VAS) 0-10,6.17,0.99,3.35,20,False,2.8485,2.7345,paired_timepoints,Primary dysmenorrhea (PDM)
33013312,arm_sham,sham_acupuncture,Visual Analog Scale (VAS) abdominal pain severity,pain,Visual Analog Scale (VAS) 0-10,5.87,1.18,5.39,15,False,0.4068,0.3846,paired_timepoints,Primary dysmenorrhea (PDM)
33146953,arm_FPI,verum_acupuncture,Athens Insomnia Scale (AIS) score,symptom_severity,Athens Insomnia Scale (AIS),13.22,3.66,2.22,18,False,3.0055,2.8709,paired_timepoints,Primary insomnia (PI)
33146953,arm_FPI,verum_acupuncture,Pittsburgh sleep quality index (PSQI) score,symptom_severity,Pittsburgh Sleep Quality Index (PSQI),15.0,3.07,6.33,18,False,2.8241,2.6977,paired_timepoints,Primary insomnia (PI)
33146953,arm_MPI,verum_acupuncture,Athens Insomnia Scale (AIS) score,symptom_severity,Athens Insomnia Scale (AIS),12.17,1.53,2.5,12,False,6.3203,5.8793,paired_timepoints,Primary insomnia (PI)
33146953,arm_MPI,verum_acupuncture,Pittsburgh sleep quality index (PSQI) score,symptom_severity,Pittsburgh Sleep Quality Index (PSQI),14.33,1.56,7.58,12,False,4.3269,4.025,paired_timepoints,Primary insomnia (PI)
34720908,arm_IBSD,verum_acupuncture,Abdominal pain days,symptom_severity,IBS-SSS subscale,45.9,33.3,19.49,42,False,0.7931,0.7785,paired_timepoints,Diarrhea-Predominant Irritable Bowel Syndrome (IBS-D)
34720908,arm_IBSD,verum_acupuncture,HAMA,mood,Hamilton Anxiety Scale (HAMA),17.69,8.76,10.88,42,False,0.7774,0.7631,paired_timepoints,Diarrhea-Predominant Irritable Bowel Syndrome (IBS-D)
34720908,arm_IBSD,verum_acupuncture,IBS-SSS (total),symptom_severity,Irritable Bowel Syndrome Symptom Severity Score (IBS-SSS),250.26,88.84,121.95,42,False,1.4443,1.4177,paired_timepoints,Diarrhea-Predominant Irritable Bowel Syndrome (IBS-D)
34720908,arm_IBSD,verum_acupuncture,Life influence degree,quality_of_life,IBS-SSS subscale,65.0,23.51,36.72,42,False,1.2029,1.1808,paired_timepoints,Diarrhea-Predominant Irritable Bowel Syndrome (IBS-D)
34720908,arm_IBSD,verum_acupuncture,Satisfaction with bowel movements,symptom_severity,IBS-SSS subscale,67.95,20.38,37.41,42,False,1.4985,1.4709,paired_timepoints,Diarrhea-Predominant Irritable Bowel Syndrome (IBS-D)
34720908,arm_IBSD,verum_acupuncture,The degree of abdominal distension,symptom_severity,IBS-SSS subscale,26.92,26.7,9.23,42,False,0.6625,0.6504,paired_timepoints,Diarrhea-Predominant Irritable Bowel Syndrome (IBS-D)
34720908,arm_IBSD,verum_acupuncture,The degree of abdominal pain,symptom_severity,IBS-SSS subscale,42.82,27.16,18.85,42,False,0.8825,0.8663,paired_timepoints,Diarrhea-Predominant Irritable Bowel Syndrome (IBS-D)
35048524,arm_cnsp,verum_acupuncture,HAM-A score,mood,Hamilton Anxiety Rating Scale (HAM-A),11.77,8.02,7.8,30,False,0.495,0.4821,paired_timepoints,Chronic neck and shoulder pain (CNSP)
35048524,arm_cnsp,verum_acupuncture,HAM-D score,mood,Hamilton Depression Rating Scale (HAM-D),12.1,9.0,9.2,30,False,0.3222,0.3138,paired_timepoints,Chronic neck and shoulder pain (CNSP)
35048524,arm_cnsp,verum_acupuncture,MMSE score,cognition,Mini-Mental State Examination (MMSE),28.0,1.78,28.37,30,True,0.2079,0.2024,paired_timepoints,Chronic neck and shoulder pain (CNSP)
35048524,arm_cnsp,verum_acupuncture,MoCA score,cognition,Montreal Cognitive Assessment (MoCA),25.93,3.18,26.77,30,True,0.2642,0.2573,paired_timepoints,Chronic neck and shoulder pain (CNSP)
35048524,arm_cnsp,verum_acupuncture,NDI score,function,Neck Disability Index (NDI),37.47,14.77,14.97,30,False,1.5234,1.4836,paired_timepoints,Chronic neck and shoulder pain (CNSP)
35048524,arm_cnsp,verum_acupuncture,NPQ score,function,Northwick Park Neck Pain Questionnaire (NPQ),43.97,13.14,16.44,30,False,2.0951,2.0405,paired_timepoints,Chronic neck and shoulder pain (CNSP)
35048524,arm_cnsp,verum_acupuncture,NRS score,pain,Numerical Rating Scale (NRS),6.07,1.36,1.73,30,False,3.1912,3.1079,paired_timepoints,Chronic neck and shoulder pain (CNSP)
35048524,arm_cnsp,verum_acupuncture,PCS score,symptom_severity,Pain Catastrophizing Scale (PCS),16.47,13.17,9.57,30,False,0.5239,0.5103,paired_timepoints,Chronic neck and shoulder pain (CNSP)
35557556,arm_CSAP_all,other,Frequency of angina attacks,symptom_severity,Frequency of angina attacks for 2 weeks,5.48,4.17,4.45,29,False,0.247,0.2403,paired_timepoints,Chronic stable angina pectoris (CSAP)
35557556,arm_CSAP_all,other,McGill pain score,pain,McGill Pain Questionnaire,10.17,3.86,6.36,29,False,0.987,0.9604,paired_timepoints,Chronic stable angina pectoris (CSAP)
35557556,arm_CSAP_all,other,SAS score,mood,Zung Self-Rating Anxiety Scale (SAS),33.15,4.55,31.19,29,False,0.4308,0.4191,paired_timepoints,Chronic stable angina pectoris (CSAP)
35557556,arm_CSAP_all,other,SDS score,mood,Self-Rating Depression Scale (SDS),31.17,5.02,30.52,29,False,0.1295,0.126,paired_timepoints,Chronic stable angina pectoris (CSAP)
35557556,arm_groupA,verum_acupuncture,Frequency of angina attacks,symptom_severity,Frequency of angina attacks for 2 weeks,5.53,3.6,3.93,15,False,0.4444,0.4202,paired_timepoints,Chronic stable angina pectoris (CSAP)
35557556,arm_groupA,verum_acupuncture,McGill pain score,pain,McGill Pain Questionnaire,10.73,4.76,6.87,15,False,0.8109,0.7667,paired_timepoints,Chronic stable angina pectoris (CSAP)
35557556,arm_groupA,verum_acupuncture,SAS score,mood,Zung Self-Rating Anxiety Scale (SAS),33.58,3.83,31.29,15,False,0.5979,0.5653,paired_timepoints,Chronic stable angina pectoris (CSAP)
35557556,arm_groupA,verum_acupuncture,SDS score,mood,Self-Rating Depression Scale (SDS),31.93,5.02,30.5,15,False,0.2849,0.2693,paired_timepoints,Chronic stable angina pectoris (CSAP)
35557556,arm_groupB,active_control,Frequency of angina attacks,symptom_severity,Frequency of angina attacks for 2 weeks,5.43,4.85,5.0,14,False,0.0887,0.0834,paired_timepoints,Chronic stable angina pectoris (CSAP)
35557556,arm_groupB,active_control,McGill pain score,pain,McGill Pain Questionnaire,9.57,2.64,5.82,14,False,1.4205,1.3369,paired_timepoints,Chronic stable angina pectoris (CSAP)
35557556,arm_groupB,active_control,SAS score,mood,Zung Self-Rating Anxiety Scale (SAS),32.68,5.32,31.07,14,False,0.3026,0.2848,paired_timepoints,Chronic stable angina pectoris (CSAP)
35557556,arm_groupB,active_control,SDS score,mood,Self-Rating Depression Scale (SDS),30.36,5.08,30.54,14,False,-0.0354,-0.0333,paired_timepoints,Chronic stable angina pectoris (CSAP)
35585920,arm_A,verum_acupuncture,NDLQI score,quality_of_life,Nepean Dyspepsia Life Quality Index (NDLQI),77.58,8.41,89.93,18,True,1.4685,1.4027,paired_timepoints,functional dyspepsia (FD)
35585920,arm_A,verum_acupuncture,NDSI score,symptom_severity,Nepean Dyspepsia Symptom Index (NDSI),45.67,17.27,20.17,18,False,1.4765,1.4104,paired_timepoints,functional dyspepsia (FD)
35585920,arm_A,verum_acupuncture,SAS score,mood,Self-Rating Anxiety Scale (SAS),40.32,7.68,34.72,18,False,0.7292,0.6965,paired_timepoints,functional dyspepsia (FD)
35585920,arm_A,verum_acupuncture,SDS score,mood,Self-Rating Depression Scale (SDS),41.9,9.11,36.04,18,False,0.6432,0.6144,paired_timepoints,functional dyspepsia (FD)
35585920,arm_A,verum_acupuncture,SID score,symptom_severity,Symptom Index of Dyspepsia (SID),3.89,1.41,1.94,18,False,1.383,1.3211,paired_timepoints,functional dyspepsia (FD)
35585920,arm_B,verum_acupuncture,NDLQI score,quality_of_life,Nepean Dyspepsia Life Quality Index (NDLQI),74.6,11.43,88.88,15,True,1.2493,1.1812,paired_timepoints,functional dyspepsia (FD)
35585920,arm_B,verum_acupuncture,NDSI score,symptom_severity,Nepean Dyspepsia Symptom Index (NDSI),41.93,14.07,14.0,15,False,1.9851,1.8768,paired_timepoints,functional dyspepsia (FD)
35585920,arm_B,verum_acupuncture,SAS score,mood,Self-Rating Anxiety Scale (SAS),43.67,9.77,34.0,15,False,0.9898,0.9358,paired_timepoints,functional dyspepsia (FD)
35585920,arm_B,verum_acupuncture,SDS score,mood,Self-Rating Depression Scale (SDS),45.18,10.29,34.67,15,False,1.0214,0.9657,paired_timepoints,functional dyspepsia (FD)
35585920,arm_B,verum_acupuncture,SID score,symptom_severity,Symptom Index of Dyspepsia (SID),3.8,1.42,1.2,15,False,1.831,1.7311,paired_timepoints,functional dyspepsia (FD)
36051643,SA,sham_acupuncture,CMSS-s scores,symptom_severity,Cox Menstrual Symptom Scale-severity subscale (CMSS-s),14.43,3.34,14.5,14,False,-0.021,-0.0197,paired_timepoints,Primary dysmenorrhea (PDM)
36051643,SA,sham_acupuncture,CMSS-t scores,symptom_severity,Cox Menstrual Symptom Scale-time subscale (CMSS-t),18.5,5.24,15.21,14,False,0.6279,0.5909,paired_timepoints,Primary dysmenorrhea (PDM)
36051643,SA,sham_acupuncture,SAS scores,mood,Zung Self-Rating Anxiety Scale (SAS),40.68,8.08,37.38,14,False,0.4084,0.3844,paired_timepoints,Primary dysmenorrhea (PDM)
36051643,SA,sham_acupuncture,SDS scores,mood,Zung Self-Rating Depression Scale (SDS),44.2,9.97,39.91,14,False,0.4303,0.405,paired_timepoints,Primary dysmenorrhea (PDM)
36051643,SA,sham_acupuncture,VAS scores,pain,visual analog scale (VAS),5.93,1.21,5.39,14,False,0.4463,0.42,paired_timepoints,Primary dysmenorrhea (PDM)
36051643,VA,verum_acupuncture,CMSS-s scores,symptom_severity,Cox Menstrual Symptom Scale-severity subscale (CMSS-s),18.5,7.74,12.88,20,False,0.7261,0.6971,paired_timepoints,Primary dysmenorrhea (PDM)
36051643,VA,verum_acupuncture,CMSS-t scores,symptom_severity,Cox Menstrual Symptom Scale-time subscale (CMSS-t),17.85,8.36,13.2,20,False,0.5562,0.534,paired_timepoints,Primary dysmenorrhea (PDM)
36051643,VA,verum_acupuncture,SAS scores,mood,Zung Self-Rating Anxiety Scale (SAS),41.88,4.77,35.44,20,False,1.3501,1.2961,paired_timepoints,Primary dysmenorrhea (PDM)
36051643,VA,verum_acupuncture,SDS scores,mood,Zung Self-Rating Depression Scale (SDS),40.36,6.61,31.75,20,False,1.3026,1.2505,paired_timepoints,Primary dysmenorrhea (PDM)
36051643,VA,verum_acupuncture,VAS scores,pain,visual analog scale (VAS),6.18,0.99,3.35,20,False,2.8586,2.7442,paired_timepoints,Primary dysmenorrhea (PDM)
36890655,arm_AG,verum_acupuncture,VAS (Visual Analog Scale),pain,Visual Analog Scale (VAS),4.0,1.4814814814814814,2.6666666666666665,60,False,0.9,0.8885,paired_timepoints,Knee osteoarthritis (KOA) with knee pain
36890655,arm_PB,placebo,VAS (Visual Analog Scale),pain,Visual Analog Scale (VAS),4.0,1.4814814814814814,3.3333333333333335,30,False,0.45,0.4383,paired_timepoints,Knee osteoarthritis (KOA) with knee pain
36890655,arm_SA,sham_acupuncture,VAS (Visual Analog Scale),pain,Visual Analog Scale (VAS),4.0,1.4814814814814814,2.6666666666666665,32,False,0.9,0.878,paired_timepoints,Knee osteoarthritis (KOA) with knee pain
36890655,arm_SC,medication,VAS (Visual Analog Scale),pain,Visual Analog Scale (VAS),4.333333333333333,2.222222222222222,2.5,29,False,0.825,0.8027,paired_timepoints,Knee osteoarthritis (KOA) with knee pain
36890655,arm_VA,verum_acupuncture,SF-12 score (12-item short-form health survey),quality_of_life,12-item short-form health survey (SF-12),34.416666666666664,5.37037037037037,36.5,28,True,0.3879,0.3771,paired_timepoints,Knee osteoarthritis (KOA) with knee pain
36890655,arm_VA,verum_acupuncture,SF-MPQ (short-form McGill pain questionnaire),pain,short-form McGill pain questionnaire (SF-MPQ),9.666666666666666,4.259259259259259,4.75,28,False,1.1543,1.122,paired_timepoints,Knee osteoarthritis (KOA) with knee pain
36890655,arm_VA,verum_acupuncture,VAS (Visual Analog Scale),pain,Visual Analog Scale (VAS),4.0,1.4814814814814814,2.1666666666666665,28,False,1.2375,1.2028,paired_timepoints,Knee osteoarthritis (KOA) with knee pain
36890655,arm_VA,verum_acupuncture,WOMAC scores (Western Ontario and McMaster Universities Osteoarthritis Index),function,Western Ontario and McMaster Universities Osteoarthritis Index (WOMAC),29.166666666666668,25.555555555555554,12.5,28,False,0.6522,0.6339,paired_timepoints,Knee osteoarthritis (KOA) with knee pain
36890655,arm_WL,waitlist,VAS (Visual Analog Scale),pain,Visual Analog Scale (VAS),3.6666666666666665,1.4814814814814814,2.75,30,False,0.6187,0.6026,paired_timepoints,Knee osteoarthritis (KOA) with knee pain
37383656,SATG,sham_acupuncture,FMA (total),function,Fugl-Meyer Assessment (total),73.14,30.71,80.07,14,True,0.2257,0.2124,paired_timepoints,ischemic stroke with motor dysfunction
37383656,SATG,sham_acupuncture,FMA-LE (FMA for the lower extremity),function,Fugl-Meyer Assessment - Lower Extremity,27.64,7.08,30.64,14,True,0.4237,0.3988,paired_timepoints,ischemic stroke with motor dysfunction
37383656,SATG,sham_acupuncture,FMA-UE (FMA for the upper extremity),function,Fugl-Meyer Assessment - Upper Extremity,45.5,24.49,49.42,14,True,0.1601,0.1506,paired_timepoints,ischemic stroke with motor dysfunction
37383656,SATG,sham_acupuncture,NIHSS,symptom_severity,National Institutes of Health Stroke Scale,3.64,3.24,2.5,14,False,0.3519,0.3312,paired_timepoints,ischemic stroke with motor dysfunction
37383656,TATG,verum_acupuncture,FMA (total),function,Fugl-Meyer Assessment (total),68.73,37.38,76.61,26,True,0.2108,0.2044,paired_timepoints,ischemic stroke with motor dysfunction
37383656,TATG,verum_acupuncture,FMA-LE (FMA for the lower extremity),function,Fugl-Meyer Assessment - Lower Extremity,27.5,7.58,30.19,26,True,0.3549,0.3441,paired_timepoints,ischemic stroke with motor dysfunction
37383656,TATG,verum_acupuncture,FMA-UE (FMA for the upper extremity),function,Fugl-Meyer Assessment - Upper Extremity,41.23,23.87,46.42,26,True,0.2174,0.2108,paired_timepoints,ischemic stroke with motor dysfunction
37383656,TATG,verum_acupuncture,NIHSS,symptom_severity,National Institutes of Health Stroke Scale,3.46,2.42,2.46,26,False,0.4132,0.4007,paired_timepoints,ischemic stroke with motor dysfunction
37721727,arm_IA,verum_acupuncture,Internet Addiction Test score,symptom_severity,Internet Addiction Test (IAT),65.26,14.36,45.85,27,False,1.3517,1.3123,paired_timepoints,Internet addiction (IA)
38027487,arm_ctrl,active_control,Water Swallow Test (WST),function,Water Swallow Test (WST),3.63,0.65,2.88,24,True,-1.1538,-1.1158,paired_timepoints,post-stroke dysphagia
38027487,arm_ctrl,active_control,standardized swallowing assessment (SSA),function,standardized swallowing assessment (SSA),30.08,2.24,26.46,24,True,-1.6161,-1.5628,paired_timepoints,post-stroke dysphagia
38027487,arm_ctrl,active_control,videofluoroscopic swallowing study (VFSS),function,videofluoroscopic swallowing study evaluation (VFSS),3.46,0.88,5.21,24,False,-1.9886,-1.9231,paired_timepoints,post-stroke dysphagia
38027487,arm_ea,verum_acupuncture,Water Swallow Test (WST),function,Water Swallow Test (WST),3.71,0.69,2.21,24,True,-2.1739,-2.1022,paired_timepoints,post-stroke dysphagia
38027487,arm_ea,verum_acupuncture,standardized swallowing assessment (SSA),function,standardized swallowing assessment (SSA),30.42,3.16,24.38,24,True,-1.9114,-1.8484,paired_timepoints,post-stroke dysphagia
38027487,arm_ea,verum_acupuncture,videofluoroscopic swallowing study (VFSS),function,videofluoroscopic swallowing study evaluation (VFSS),3.21,1.18,6.38,24,False,-2.6864,-2.5979,paired_timepoints,post-stroke dysphagia
38245739,arm_group1,verum_acupuncture,MIDAS score,function,Migraine Disability Assessment Questionnaire (MIDAS),14.28,8.9,6.5,50,False,0.8742,0.8607,paired_timepoints,Non-menstrual migraine without aura (MWoA)
38245739,arm_group1,verum_acupuncture,SF-MPQ score,pain,Short-Form McGill Pain Questionnaire (SF-MPQ),19.55,7.55,9.44,50,False,1.3391,1.3185,paired_timepoints,Non-menstrual migraine without aura (MWoA)
38249582,arm_1min,verum_acupuncture,FMA scores,function,Fugl-Meyer motor function assessment (FMA),92.5,3.24,92.8,10,True,0.0926,0.0847,paired_timepoints,Ischemic stroke with motor dysfunction
38249582,arm_1min,verum_acupuncture,NIHSS scores,symptom_severity,National Institute of Health Stroke Scale (NIHSS),4.4,2.12,4.3,10,False,0.0472,0.0431,paired_timepoints,Ischemic stroke with motor dysfunction
38249582,arm_2min,verum_acupuncture,FMA scores,function,Fugl-Meyer motor function assessment (FMA),92.3,4.52,92.7,10,True,0.0885,0.0809,paired_timepoints,Ischemic stroke with motor dysfunction
38249582,arm_2min,verum_acupuncture,NIHSS scores,symptom_severity,National Institute of Health Stroke Scale (NIHSS),4.6,3.17,4.5,10,False,0.0315,0.0288,paired_timepoints,Ischemic stroke with motor dysfunction
38249582,arm_3min,verum_acupuncture,FMA scores,function,Fugl-Meyer motor function assessment (FMA),92.8,2.57,93.0,10,True,0.0778,0.0712,paired_timepoints,Ischemic stroke with motor dysfunction
38249582,arm_3min,verum_acupuncture,NIHSS scores,symptom_severity,National Institute of Health Stroke Scale (NIHSS),4.4,1.96,4.1,10,False,0.1531,0.1399,paired_timepoints,Ischemic stroke with motor dysfunction
38585348,EG,verum_acupuncture,THI scores,symptom_severity,Tinnitus Handicap Inventory (THI),50.56,19.91,25.94,34,False,1.2366,1.2082,paired_timepoints,Subjective tinnitus (ST)
38681626,EAS,verum_acupuncture,HAMA-14 score,symptom_severity,14-item Hamilton Anxiety Scale (HAMA-14),19.28,3.58,8.64,14,False,2.9721,2.7972,paired_timepoints,First-episode major depressive disorder (MDD)
38681626,EAS,verum_acupuncture,HAMD-24 score,symptom_severity,24-item Hamilton Depression Rating Scale (HAMD-24),23.0,3.01,9.28,14,False,4.5581,4.29,paired_timepoints,First-episode major depressive disorder (MDD)
38681626,SAS,sham_acupuncture,HAMA-14 score,symptom_severity,14-item Hamilton Anxiety Scale (HAMA-14),19.42,4.44,12.71,14,False,1.5113,1.4224,paired_timepoints,First-episode major depressive disorder (MDD)
38681626,SAS,sham_acupuncture,HAMD-24 score,symptom_severity,24-item Hamilton Depression Rating Scale (HAMD-24),23.85,3.57,15.42,14,False,2.3613,2.2224,paired_timepoints,First-episode major depressive disorder (MDD)
40584525,arm_sham,sham_acupuncture,MMSE score,cognition,Mini-Mental State Examination (MMSE),25.0,1.81,25.4,15,True,0.221,0.2089,paired_timepoints,amnestic mild cognitive impairment (aMCI)
40584525,arm_sham,sham_acupuncture,MoCA score,cognition,Montreal Cognitive Assessment (MoCA),22.8,3.12,23.07,15,True,0.0865,0.0818,paired_timepoints,amnestic mild cognitive impairment (aMCI)
40584525,arm_true,verum_acupuncture,MMSE score,cognition,Mini-Mental State Examination (MMSE),24.06,1.41,26.17,35,True,1.4965,1.4632,paired_timepoints,amnestic mild cognitive impairment (aMCI)
40584525,arm_true,verum_acupuncture,MoCA score,cognition,Montreal Cognitive Assessment (MoCA),22.31,2.89,24.46,35,True,0.7439,0.7274,paired_timepoints,amnestic mild cognitive impairment (aMCI)
40634927,AG,verum_acupuncture,NRS score,pain,numerical rating scale (NRS),6.0,1.4814814814814814,3.3333333333333335,27,False,1.8,1.7476,paired_timepoints,knee osteoarthritis (KOA)
40634927,AG,verum_acupuncture,STAI-S score,mood,State-Trait Anxiety Scale-State Anxiety Subscale (STAI-S),31.0,5.185185185185185,30.333333333333332,27,False,0.1286,0.1248,paired_timepoints,knee osteoarthritis (KOA)
40634927,AG,verum_acupuncture,WOMAC score,function,Western Ontario and McMaster Osteoarthritis Index (WOMAC),19.0,5.925925925925926,12.56,27,False,1.0867,1.0551,paired_timepoints,knee osteoarthritis (KOA)
40634927,SG,sham_acupuncture,NRS score,pain,numerical rating scale (NRS),5.5,1.8518518518518516,3.8333333333333335,25,False,0.9,0.8716,paired_timepoints,knee osteoarthritis (KOA)
40634927,SG,sham_acupuncture,STAI-S score,mood,State-Trait Anxiety Scale-State Anxiety Subscale (STAI-S),32.36,6.47,32.04,25,False,0.0495,0.0479,paired_timepoints,knee osteoarthritis (KOA)
40634927,SG,sham_acupuncture,WOMAC score,function,Western Ontario and McMaster Osteoarthritis Index (WOMAC),19.333333333333332,10.37037037037037,14.166666666666666,25,False,0.4982,0.4825,paired_timepoints,knee osteoarthritis (KOA)
40847552,arm_nonresponders,verum_acupuncture,SAS (Self-Rating Anxiety Scale),mood,SAS,45.74,8.57037037037037,43.75,32,False,0.2322,0.2265,paired_timepoints,Neck pain (NP)
40847552,arm_nonresponders,verum_acupuncture,SDS (Self-Rating Depression Scale),mood,SDS,0.4666666666666666,0.13333333333333336,0.43333333333333335,32,False,0.25,0.2439,paired_timepoints,Neck pain (NP)
40847552,arm_nonresponders,verum_acupuncture,VAS (Visual Analog Scale),pain,Visual Analog Scale (VAS) (0-10),5.333333333333333,0.7407407407407407,4.666666666666667,32,False,0.9,0.878,paired_timepoints,Neck pain (NP)
40847552,arm_responders,verum_acupuncture,SAS (Self-Rating Anxiety Scale),mood,SAS,43.333333333333336,6.948148148148144,36.98,48,False,0.9144,0.8997,paired_timepoints,Neck pain (NP)
40847552,arm_responders,verum_acupuncture,SDS (Self-Rating Depression Scale),mood,SDS,0.43333333333333335,0.11111111111111112,0.3733333333333333,48,False,0.54,0.5313,paired_timepoints,Neck pain (NP)
40847552,arm_responders,verum_acupuncture,VAS (Visual Analog Scale),pain,Visual Analog Scale (VAS) (0-10),5.666666666666667,0.7407407407407407,2.86,48,False,3.789,3.7282,paired_timepoints,Neck pain (NP)
40881782,arm_IDSA,verum_acupuncture,FMA score,function,Fugl-Meyer Assessment (FMA),33.03,12.23,53.23,31,True,1.6517,1.61,paired_timepoints,Bilateral basal ganglia ischemic stroke (BBGIS)
40881782,arm_sham,sham_acupuncture,FMA score,function,Fugl-Meyer Assessment (FMA),34.35,10.8,44.35,31,True,0.9259,0.9026,paired_timepoints,Bilateral basal ganglia ischemic stroke (BBGIS)
40950284,arm_conv,active_control,SAS Score,mood,Self-Rating Anxiety Scale (SAS),50.27,5.96,42.47,100,False,1.3087,1.2988,paired_timepoints,Peripheral facial paralysis (Bell's palsy)
40950284,arm_conv,active_control,SDS Score,mood,Self-Rating Depression Scale (SDS),50.58,4.98,40.15,100,False,2.0944,2.0785,paired_timepoints,Peripheral facial paralysis (Bell's palsy)
40950284,arm_yyhat,verum_acupuncture,SAS Score,mood,Self-Rating Anxiety Scale (SAS),49.39,5.31,41.25,102,False,1.533,1.5215,paired_timepoints,Peripheral facial paralysis (Bell's palsy)
40950284,arm_yyhat,verum_acupuncture,SDS Score,mood,Self-Rating Depression Scale (SDS),49.86,4.85,38.72,102,False,2.2969,2.2798,paired_timepoints,Peripheral facial paralysis (Bell's palsy)
41069516,arm_BP,verum_acupuncture,FDIP (facial disability index-physical function),function,Facial Disability Index (FDI) - physical function subscale,19.47,2.31,24.29,55,False,-2.0866,-2.0575,paired_timepoints,acute Bell's palsy (BP); acute idiopathic peripheral facial paralysis
41069516,arm_BP,verum_acupuncture,FDIS (facial disability index-social/wellbeing function),quality_of_life,Facial Disability Index (FDI) - social/wellbeing function subscale,10.38,1.45,9.82,55,False,0.3862,0.3808,paired_timepoints,acute Bell's palsy (BP); acute idiopathic peripheral facial paralysis
41069516,arm_BP,verum_acupuncture,Sunnybrook facial nerve rating scale score,function,Sunnybrook facial nerve rating scale,38.73,10.35,83.22,55,True,4.2986,4.2386,paired_timepoints,acute Bell's palsy (BP); acute idiopathic peripheral facial paralysis
41310834,arm_acupuncture,verum_acupuncture,ISI (Insomnia Severity Index),symptom_severity,Insomnia Severity Index (ISI),17.3,3.9,9.2,23,False,2.0769,2.0053,paired_timepoints,Chronic insomnia disorder (CID)
41310834,arm_acupuncture,verum_acupuncture,PSQI (Pittsburgh Sleep Quality Index),symptom_severity,Pittsburgh Sleep Quality Index (PSQI),13.3,2.5,7.3,23,False,2.4,2.3172,paired_timepoints,Chronic insomnia disorder (CID)
41310834,arm_acupuncture,verum_acupuncture,SAS (Self-rating Anxiety Scale),mood,Self-rating Anxiety Scale (SAS),50.1,9.6,42.5,23,False,0.7917,0.7644,paired_timepoints,Chronic insomnia disorder (CID)
41310834,arm_acupuncture,verum_acupuncture,SDS (Self-Rating Depression Scale),mood,Self-Rating Depression Scale (SDS),51.7,8.7,49.0,23,False,0.3103,0.2996,paired_timepoints,Chronic insomnia disorder (CID)
41351443,AG,verum_acupuncture,AVLT-H total score (sum of all correct responses in the five recall tests),cognition,Auditory Verbal Learning Test-Huashan version (AVLT-H),26.686,6.623,33.943,35,True,1.0957,1.0714,paired_timepoints,Subjective cognitive decline (SCD)
41351443,SG,sham_acupuncture,AVLT-H total score (sum of all correct responses in the five recall tests),cognition,Auditory Verbal Learning Test-Huashan version (AVLT-H),25.419,9.01,28.903,31,True,0.3867,0.3769,paired_timepoints,Subjective cognitive decline (SCD)
41834818,arm_tx,verum_acupuncture,FMA scores,function,Fugl-Meyer Assessment Scale (FMA),57.86,10.99,76.54,28,True,1.6997,1.6521,paired_timepoints,poststroke motor dysfunction
41834818,arm_tx,verum_acupuncture,MBI scores,function,Modified Barthel Index (MBI),58.04,16.74,71.96,28,True,0.8315,0.8082,paired_timepoints,poststroke motor dysfunction
41834818,arm_tx,verum_acupuncture,NIHSS scores,symptom_severity,National Institute of Health Stroke Scale (NIHSS),6.36,2.08,3.18,28,False,1.5288,1.486,paired_timepoints,poststroke motor dysfunction
42131703,SA,sham_acupuncture,Visual Analog Scale (VAS) score,pain,Visual Analog Scale (VAS),5.47,0.93,4.31,49,False,1.2473,1.2277,paired_timepoints,mechanical neck pain
42131703,VA,verum_acupuncture,Visual Analog Scale (VAS) score,pain,Visual Analog Scale (VAS),5.74,1.02,2.74,49,False,2.9412,2.895,paired_timepoints,mechanical neck pain
