pmid,arm_id,arm_type,outcome_measure,outcome_domain,scale_name,disease_condition,n,direction,baseline_mean,baseline_sd,post_mean,R_within,R_controlled,POMP_baseline,POMP_post,POMP_change
35153654,arm_tinnitus,verum_acupuncture,tinnitus disturbance inventory (TDI),symptom_severity,tinnitus disturbance inventory (TDI),chronic tinnitus,14,-1,3.07,0.51,2.43,1.1811,,,,
35153654,arm_tinnitus,verum_acupuncture,visual analog scales (VAS),symptom_severity,visual analog scales (VAS),chronic tinnitus,14,-1,5.64,0.59,4.5,1.8185443668993015,,56.4,45.0,11.399999999999999
35153654,arm_tinnitus,verum_acupuncture,tinnitus handicap inventory (THI),symptom_severity,tinnitus handicap inventory (THI),chronic tinnitus,14,-1,52.0,7.14,46.71,0.6973142198055692,,52.0,46.71,5.289999999999999
35153654,arm_tinnitus,verum_acupuncture,Khalfa hyperacusis questionnaire (KHQ),symptom_severity,Khalfa hyperacusis questionnaire (KHQ),chronic tinnitus,14,-1,48.43,6.17,43.36,0.7733816379063781,,,,
24459533,arm_FD,verum_acupuncture,mental component summary (MCS) score of the MOS 36-item Short Health Survey (SF-36),quality_of_life,MOS 36-item Short Health Survey (SF-36) - MCS,Functional diarrhea (FD),18,1,45.7,10.78,45.01,-0.0611,,45.7,45.01,-0.6900000000000048
24459533,arm_FD,verum_acupuncture,physical component summary (PCS) score of the MOS 36-item Short Health Survey (SF-36),quality_of_life,MOS 36-item Short Health Survey (SF-36) - PCS,Functional diarrhea (FD),18,1,51.41,6.84,53.37,0.2737191236798465,,51.41,53.37,1.9600000000000009
24459533,arm_HC,healthy_control,mental component summary (MCS) score of the MOS 36-item Short Health Survey (SF-36),quality_of_life,MOS 36-item Short Health Survey (SF-36) - MCS,Functional diarrhea (FD),18,1,54.47,4.54,55.07,0.12624104148859258,,54.47,55.07,0.6000000000000014
24459533,arm_HC,healthy_control,physical component summary (PCS) score of the MOS 36-item Short Health Survey (SF-36),quality_of_life,MOS 36-item Short Health Survey (SF-36) - PCS,Functional diarrhea (FD),18,1,57.9,1.45,57.91,0.006587750900667757,,57.9,57.91,0.00999999999999801
24915066,arm_A,verum_acupuncture,Frequency of migraine attacks per 4 weeks,symptom_severity,headache diary; number of migraine episodes separated by pain-free intervals of at least 48 hours,migraine without aura,40,-1,6.83,4.21,4.35,0.5776722090261283,-0.30419572254947636,,,
24915066,arm_A,verum_acupuncture,HIT-6 score,quality_of_life,HIT-6 questionnaire (six-item short-form survey for measuring headache impact),migraine without aura,40,-1,58.1,6.81,47.25,1.5624082232011751,1.2564060459447954,,,
24915066,arm_A,verum_acupuncture,Number of days with migraine (days) per 4 weeks,symptom_severity,headache diary,migraine without aura,40,-1,9.85,7.94,5.56,0.5298448037702119,0.054211941376328676,,,
24915066,arm_A,verum_acupuncture,VAS score,pain,Visual Analogue Scale (VAS) score 0–10,migraine without aura,40,-1,5.11,1.75,3.8,0.7341,-0.5776527199334894,51.10000000000001,38.0,13.100000000000009
24915066,arm_B,sham_acupuncture,Frequency of migraine attacks per 4 weeks,symptom_severity,headache diary; number of migraine episodes separated by pain-free intervals of at least 48 hours,migraine without aura,40,-1,5.98,3.72,3.92,0.5430454387790496,,,,
24915066,arm_B,sham_acupuncture,HIT-6 score,quality_of_life,HIT-6 questionnaire,migraine without aura,40,-1,58.13,7.12,49.69,1.1624501631025739,,,,
24915066,arm_B,sham_acupuncture,Number of days with migraine (days) per 4 weeks,symptom_severity,headache diary,migraine without aura,40,-1,9.73,7.62,4.91,0.6203031072728813,,,,
24915066,arm_B,sham_acupuncture,VAS score,pain,Visual Analogue Scale (VAS) score 0–10,migraine without aura,40,-1,5.23,1.78,4.64,0.32504530627038825,,52.3,46.39999999999999,5.900000000000006
25916336,arm_MWoA,verum_acupuncture,VAS scores,pain,visual analogue scale (VAS),Migraine without aura (MWoA),12,-1,5.5,1.3,2.7,2.0036,,55.0,27.0,28.0
26839078,AG,verum_acupuncture,Headache frequency,symptom_severity,number of migraines separated by pain free intervals of at least 48hours of headache,Migraine without aura (MwoA),46,-1,6.3,3.443070578168185,5.17,0.3226949396736107,-0.3004988517650456,,,
26839078,AG,verum_acupuncture,Headache intensity,pain,"visual analogue scale (VAS), 0–10",Migraine without aura (MwoA),46,-1,5.42,1.1938284919276612,3.51,1.57308092369556,-0.17089542944150907,54.2,35.1,19.1
26839078,AG,verum_acupuncture,SAS score,mood,self-rating anxiety scale (SAS),Migraine without aura (MwoA),46,-1,45.73,8.737440411934333,39.18,0.7370835347718706,0.5206932051883704,42.883333333333326,31.966666666666665,10.91666666666666
26839078,AG,verum_acupuncture,SDS score,mood,self-rating depression scale (SDS),Migraine without aura (MwoA),46,-1,45.3,11.315417880010012,40.45,0.4214351722903103,0.24798104832526244,42.16666666666666,34.083333333333336,8.083333333333321
26839078,SA,sham_acupuncture,Headache frequency,symptom_severity,number of migraines separated by pain free intervals of at least 48hours of headache,Migraine without aura (MwoA),11,-1,6.45,3.5789088936743223,6.45,-0.0,,,,
26839078,SA,sham_acupuncture,Headache intensity,pain,"visual analogue scale (VAS), 0–10",Migraine without aura (MwoA),11,-1,5.18,1.6752339502305331,4.04,0.6281556627734779,,51.8,40.4,11.399999999999999
26839078,SA,sham_acupuncture,SAS score,mood,self-rating anxiety scale (SAS),Migraine without aura (MwoA),11,-1,45.68,9.019188843160345,38.02,0.7839695291590784,,42.8,30.03333333333334,12.766666666666659
26839078,SA,sham_acupuncture,SDS score,mood,self-rating depression scale (SDS),Migraine without aura (MwoA),11,-1,44.27,11.61664754377032,37.34,0.5506686032110499,,40.45000000000001,28.90000000000001,11.55
26839078,VA1,verum_acupuncture,Headache frequency,symptom_severity,number of migraines separated by pain free intervals of at least 48hours of headache,Migraine without aura (MwoA),11,-1,5.91,3.4266148981988187,4.18,0.4660351759290171,-0.17803356723021768,,,
26839078,VA1,verum_acupuncture,Headache intensity,pain,"visual analogue scale (VAS), 0–10",Migraine without aura (MwoA),11,-1,5.45,1.5483222873342812,3.18,1.3533,-0.09131568042712879,54.5,31.8,22.7
26839078,VA1,verum_acupuncture,SAS score,mood,self-rating anxiety scale (SAS),Migraine without aura (MwoA),11,-1,45.05,9.010728065633929,39.2,0.599285647138225,0.456222154756829,41.74999999999999,32.00000000000001,9.749999999999986
26839078,VA1,verum_acupuncture,SDS score,mood,self-rating depression scale (SDS),Migraine without aura (MwoA),11,-1,42.41,13.30034227152727,41.93,0.03331319706151006,-0.32470214161397015,37.349999999999994,36.55,0.7999999999999972
26839078,VA2,verum_acupuncture,Headache frequency,symptom_severity,number of migraines separated by pain free intervals of at least 48hours of headache,Migraine without aura (MwoA),11,-1,7.45,4.103477100312166,6.18,0.2856864224290447,-0.25128076841030794,,,
26839078,VA2,verum_acupuncture,Headache intensity,pain,"visual analogue scale (VAS), 0–10",Migraine without aura (MwoA),11,-1,5.32,1.0829795233813553,3.73,1.3552355109261671,-0.2032370318587001,53.2,37.3,15.900000000000006
26839078,VA2,verum_acupuncture,SAS score,mood,self-rating anxiety scale (SAS),Migraine without aura (MwoA),11,-1,45.27,9.40838460937552,41.77,0.34339255514169215,0.10092929984992939,42.116666666666674,36.28333333333334,5.833333333333336
26839078,VA2,verum_acupuncture,SDS score,mood,self-rating depression scale (SDS),Migraine without aura (MwoA),11,-1,50.86,9.68759026774728,43.86,0.6669913036114611,0.6220242502804879,51.43333333333333,39.766666666666666,11.666666666666664
26839078,VA3,verum_acupuncture,Headache frequency,symptom_severity,number of migraines separated by pain free intervals of at least 48hours of headache,Migraine without aura (MwoA),13,-1,5.54,4.019453845351436,4.08,0.34004831582256734,-0.22186642777664237,,,
26839078,VA3,verum_acupuncture,Headache intensity,pain,"visual analogue scale (VAS), 0–10",Migraine without aura (MwoA),13,-1,5.69,1.0485531770482006,3.15,2.2677651381683095,-0.047456385160859975,56.9,31.5,25.4
26839078,VA3,verum_acupuncture,SAS score,mood,self-rating anxiety scale (SAS),Migraine without aura (MwoA),13,-1,46.75,11.49729360798466,37.96,0.7157281053080108,0.8453532087837217,44.583333333333336,29.933333333333334,14.650000000000002
26839078,VA3,verum_acupuncture,SDS score,mood,self-rating depression scale (SDS),Migraine without aura (MwoA),13,-1,43.9,13.750763155149654,38.92,0.3390450120456406,0.28889405803485535,39.833333333333336,31.53333333333334,8.299999999999997
26839078,WT,waitlist,Headache frequency,symptom_severity,number of migraines separated by pain free intervals of at least 48hours of headache,Migraine without aura (MwoA),16,-1,4.31,2.857142857142857,8.63,-1.435118644067797,,,,
26839078,WT,waitlist,Headache intensity,pain,"visual analogue scale (VAS), 0–10",Migraine without aura (MwoA),16,-1,5.66,1.0102040816326534,5.72,-0.05637390857729802,,56.6,57.2,-0.6000000000000014
26839078,WT,waitlist,SAS score,mood,self-rating anxiety scale (SAS),Migraine without aura (MwoA),16,-1,46.81,10.806122448979588,41.64,0.45410540804404576,,44.68333333333333,36.06666666666667,8.61666666666666
26839078,WT,waitlist,SDS score,mood,self-rating depression scale (SDS),Migraine without aura (MwoA),16,-1,47.34,9.928571428571432,41.25,0.5821924155590783,,45.56666666666668,35.416666666666664,10.150000000000013
27688791,arm_LR3,verum_acupuncture,Bodily pain (BP),quality_of_life,SF-36,"Essential hypertension (mild or moderate arterial hypertension, grade 1 or 2)",14,1,79.07,14.85,80.14,0.0678,-0.32789749513827426,79.07,80.14,1.0700000000000074
27688791,arm_LR3,verum_acupuncture,General health (GH),quality_of_life,SF-36,"Essential hypertension (mild or moderate arterial hypertension, grade 1 or 2)",14,1,50.64,14.05,52.5,0.12459702742306883,-0.2773205098678815,50.64,52.5,1.8599999999999994
27688791,arm_LR3,verum_acupuncture,Mental health (MH),quality_of_life,SF-36,"Essential hypertension (mild or moderate arterial hypertension, grade 1 or 2)",14,1,68.86,14.98,66.29,-0.161470195554857,-0.5708764903403054,68.86,66.29,-2.569999999999993
27688791,arm_LR3,verum_acupuncture,Physical domain (PHD),quality_of_life,QLICD-HY,"Essential hypertension (mild or moderate arterial hypertension, grade 1 or 2)",14,1,69.65,10.5,67.41,-0.20078431372549102,-0.5729278134850075,,,
27688791,arm_LR3,verum_acupuncture,Physical functioning (PF),quality_of_life,SF-36,"Essential hypertension (mild or moderate arterial hypertension, grade 1 or 2)",14,1,85.71,12.69,84.29,-0.10531683122421454,-0.5056704478559254,85.71,84.29,-1.4199999999999875
27688791,arm_LR3,verum_acupuncture,Psychological domain (PSD),quality_of_life,QLICD-HY,"Essential hypertension (mild or moderate arterial hypertension, grade 1 or 2)",14,1,79.55,14.21,81.98,0.16094713747568037,-0.2384258736742606,,,
27688791,arm_LR3,verum_acupuncture,Role emotional (RE),quality_of_life,SF-36,"Essential hypertension (mild or moderate arterial hypertension, grade 1 or 2)",14,1,73.81,35.03,76.19,0.0639451898372822,-0.18265003243651537,73.81,76.19,2.3799999999999955
27688791,arm_LR3,verum_acupuncture,Role physical (RP),quality_of_life,SF-36,"Essential hypertension (mild or moderate arterial hypertension, grade 1 or 2)",14,1,75.0,36.69,76.78,0.0456607827104677,-0.20808546398152958,75.0,76.78,1.7800000000000011
27688791,arm_LR3,verum_acupuncture,Social domain (SOD),quality_of_life,QLICD-HY,"Essential hypertension (mild or moderate arterial hypertension, grade 1 or 2)",14,1,78.9,13.61,77.43,-0.10165535722003709,-0.5044958068894904,,,
27688791,arm_LR3,verum_acupuncture,Social functioning (SF),quality_of_life,SF-36,"Essential hypertension (mild or moderate arterial hypertension, grade 1 or 2)",14,1,82.54,15.54,89.68,0.4324324324324325,0.07803550035050165,82.54,89.68,7.140000000000001
27688791,arm_LR3,verum_acupuncture,Specific domain (SPD),quality_of_life,QLICD-HY,"Essential hypertension (mild or moderate arterial hypertension, grade 1 or 2)",14,1,68.8,14.69,75.1,0.40363592680094484,0.02240720301917969,,,
27688791,arm_LR3,verum_acupuncture,Total (TOT),quality_of_life,QLICD-HY,"Essential hypertension (mild or moderate arterial hypertension, grade 1 or 2)",14,1,73.82,11.7,75.94,0.17053795877325328,-0.26574928405073,,,
27688791,arm_LR3,verum_acupuncture,Vitality (VI),quality_of_life,SF-36,"Essential hypertension (mild or moderate arterial hypertension, grade 1 or 2)",14,1,68.21,18.57,67.86,-0.01773892109347749,-0.4051537489733671,68.21,67.86,-0.3499999999999943
27688791,arm_sham,sham_acupuncture,Physical domain (PHD),quality_of_life,QLICD-HY,"Essential hypertension (mild or moderate arterial hypertension, grade 1 or 2)",14,1,73.22,14.44,77.9,0.3050350334039437,,,,
27688791,arm_sham,sham_acupuncture,Psychological domain (PSD),quality_of_life,QLICD-HY,"Essential hypertension (mild or moderate arterial hypertension, grade 1 or 2)",14,1,76.14,16.84,86.36,0.5711890456895347,,,,
27688791,arm_sham,sham_acupuncture,Social domain (SOD),quality_of_life,QLICD-HY,"Essential hypertension (mild or moderate arterial hypertension, grade 1 or 2)",14,1,65.42,16.97,72.73,0.40542133176193296,,,,
27688791,arm_sham,sham_acupuncture,Specific domain (SPD),quality_of_life,QLICD-HY,"Essential hypertension (mild or moderate arterial hypertension, grade 1 or 2)",14,1,73.21,12.6,73.31,0.007469654528478694,,,,
27688791,arm_sham,sham_acupuncture,Total (TOT),quality_of_life,QLICD-HY,"Essential hypertension (mild or moderate arterial hypertension, grade 1 or 2)",14,1,71.66,13.08,79.18,0.5411045152005763,,,,
27812501,arm_sham,sham_acupuncture,Montgomery-Asberg depression rating scale (MADRS),symptom_severity,Montgomery-Asberg depression rating scale (MADRS),Major depressive disorder (MDD),18,-1,22.83,9.17,14.06,0.9136,,,,
27812501,arm_sham,sham_acupuncture,Self-Rating Depression Scale (SDS),symptom_severity,Self-Rating Depression Scale (SDS),Major depressive disorder (MDD),18,-1,47.44,9.23,34.94,1.2936401416535954,,45.733333333333334,24.899999999999995,20.83333333333334
27812501,arm_verum,verum_acupuncture,Montgomery-Asberg depression rating scale (MADRS),symptom_severity,Montgomery-Asberg depression rating scale (MADRS),Major depressive disorder (MDD),18,-1,22.94,7.36,5.44,2.27125243348475,0.7831114269028143,,,
27812501,arm_verum,verum_acupuncture,Self-Rating Depression Scale (SDS),symptom_severity,Self-Rating Depression Scale (SDS),Major depressive disorder (MDD),18,-1,47.833,6.46,26.83,3.1056605517305114,1.2162863457236008,46.38833333333333,11.38333333333333,35.004999999999995
27857211,EA,verum_acupuncture,Crohn's Disease Activity Index (CDAI),symptom_severity,Crohn's Disease Activity Index (CDAI),Crohn's disease (remission period),16,-1,76.17,40.11,48.06,0.6652,,,,
27857211,EA,verum_acupuncture,Inflammatory Bowel Disease Questionnaire (IBDQ),quality_of_life,Inflammatory Bowel Disease Questionnaire (IBDQ),Crohn's disease (remission period),16,1,170.83,22.72,188.11,0.7218906660300789,,,,
27857211,Mox,verum_acupuncture,Crohn's Disease Activity Index (CDAI),symptom_severity,Crohn's Disease Activity Index (CDAI),Crohn's disease (remission period),18,-1,71.78,42.93,40.56,0.6946678209233358,,,,
27857211,Mox,verum_acupuncture,Inflammatory Bowel Disease Questionnaire (IBDQ),quality_of_life,Inflammatory Bowel Disease Questionnaire (IBDQ),Crohn's disease (remission period),18,1,174.78,33.1,190.78,0.4617396401677413,,,,
29204113,arm_ea,verum_acupuncture,CDAI (Crohn's disease activity index),symptom_severity,CDAI,Crohn's disease (CD) in remission,18,-1,78.28,40.95,51.53,0.624,,,,
29204113,arm_ea,verum_acupuncture,IBDQ (inflammatory bowel disease questionnaire),quality_of_life,IBDQ,Crohn's disease (CD) in remission,18,1,171.72,20.17,187.18,0.7321646600907217,,,,
29204113,arm_moxa,verum_acupuncture,CDAI (Crohn's disease activity index),symptom_severity,CDAI,Crohn's disease (CD) in remission,20,-1,71.85,40.84,40.9,0.7275220372184131,,,,
29204113,arm_moxa,verum_acupuncture,IBDQ (inflammatory bowel disease questionnaire),quality_of_life,IBDQ,Crohn's disease (CD) in remission,20,1,176.1,32.23,192.05,0.47508532423208244,,,,
29563830,contra_group,verum_acupuncture,Function (CMS),function,Constant–Murley score (CMS); 0–100 points,Unilateral chronic shoulder pain (CSP); left-sided shoulder pain,12,1,50.67,9.94,66.33,1.4655374105095689,,50.67,66.33,15.659999999999997
29563830,contra_group,verum_acupuncture,Pain intensity (VAS),pain,visual analog scale (VAS); 0–100 mm,Unilateral chronic shoulder pain (CSP); left-sided shoulder pain,12,-1,67.92,16.16,47.5,1.1755,,679.2,475.0,204.20000000000005
29563830,ipsi_group,verum_acupuncture,Function (CMS),function,Constant–Murley score (CMS); 0–100 points,Unilateral chronic shoulder pain (CSP); left-sided shoulder pain,8,1,56.88,16.69,61.38,0.23966446974236066,,56.88,61.38,4.5
29563830,ipsi_group,verum_acupuncture,Pain intensity (VAS),pain,visual analog scale (VAS); 0–100 mm,Unilateral chronic shoulder pain (CSP); left-sided shoulder pain,8,-1,60.63,7.29,51.88,1.0669105319311079,,606.3,518.8,87.5
29951105,arm_A,verum_acupuncture,modified Barthel Index (MBI) score,function,modified Barthel Index (MBI),Ischemic stroke,11,1,32.386,13.153970820320254,44.9,0.8782,,32.386,44.9,12.513999999999996
29951105,arm_B,usual_care,modified Barthel Index (MBI) score,function,modified Barthel Index (MBI),Ischemic stroke,10,1,32.98,10.643645777617756,38.3,0.4569862715864125,,32.98,38.3,5.32
30034336,SAG,sham_acupuncture,Hypokinesia score,symptom_severity,"UPDRS III hypokinesia score (items 23, 24, 25, 26, 31)",Parkinson's disease with tremor,12,-1,0.56,0.32,0.58,-0.0581,,,,
30034336,SAG,sham_acupuncture,PIGD score,symptom_severity,"UPDRS III postural instability/gait disorder (PIGD) score (items 27, 28, 29, 30)",Parkinson's disease with tremor,12,-1,0.79,0.58,0.75,0.06415396952686454,,,,
30034336,SAG,sham_acupuncture,Rigidity score,symptom_severity,UPDRS III rigidity score (item 22),Parkinson's disease with tremor,12,-1,0.52,0.54,0.5,0.03445305770887169,,,,
30034336,SAG,sham_acupuncture,Tremor score,symptom_severity,UPDRS III tremor score (items 20 and 21),Parkinson's disease with tremor,12,-1,0.92,0.49,0.9,0.03796867584243003,,,,
30034336,SAG,sham_acupuncture,UPDRS II score,function,UPDRS II,Parkinson's disease with tremor,12,-1,11.25,4.58,10.33,0.1868589418096882,,,,
30034336,SAG,sham_acupuncture,UPDRS III score,symptom_severity,UPDRS III,Parkinson's disease with tremor,12,-1,19.5,8.49,19.25,0.02739200701235379,,,,
30034336,TAG,verum_acupuncture,Hypokinesia score,symptom_severity,"UPDRS III hypokinesia score (items 23, 24, 25, 26, 31)",Parkinson's disease with tremor,14,-1,0.84,0.75,0.71,0.1631372549019608,0.11477673308705755,,,
30034336,TAG,verum_acupuncture,PIGD score,symptom_severity,"UPDRS III postural instability/gait disorder (PIGD) score (items 27, 28, 29, 30)",Parkinson's disease with tremor,14,-1,0.88,0.45,0.82,0.12549019607843148,0.09208486708172958,,,
30034336,TAG,verum_acupuncture,Rigidity score,symptom_severity,UPDRS III rigidity score (item 22),Parkinson's disease with tremor,14,-1,0.89,0.82,0.76,0.1492109038737446,0.11471796826190415,,,
30034336,TAG,verum_acupuncture,Tremor score,symptom_severity,UPDRS III tremor score (items 20 and 21),Parkinson's disease with tremor,14,-1,1.17,0.52,0.85,0.5791855203619909,0.17703006066978416,,,
30034336,TAG,verum_acupuncture,UPDRS II score,function,"UPDRS II (Unified Parkinson's Disease Rating Scale, part II)",Parkinson's disease with tremor,14,-1,12.64,5.98,9.0,0.5728900255754475,1.093615729735317,,,
30034336,TAG,verum_acupuncture,UPDRS III score,symptom_severity,"UPDRS III (Unified Parkinson's Disease Rating Scale, part III)",Parkinson's disease with tremor,14,-1,26.0,15.07,21.64,0.2722979038994496,0.847612726142205,,,
30034336,WG,waitlist,Hypokinesia score,symptom_severity,"UPDRS III hypokinesia score (items 23, 24, 25, 26, 31)",Parkinson's disease with tremor,11,-1,0.85,0.53,0.91,-0.10449927431059516,,,,
30034336,WG,waitlist,PIGD score,symptom_severity,"UPDRS III postural instability/gait disorder (PIGD) score (items 27, 28, 29, 30)",Parkinson's disease with tremor,11,-1,0.82,0.66,0.82,-0.0,,,,
30034336,WG,waitlist,Rigidity score,symptom_severity,UPDRS III rigidity score (item 22),Parkinson's disease with tremor,11,-1,0.71,0.72,0.8,-0.11538461538461549,,,,
30034336,WG,waitlist,Tremor score,symptom_severity,UPDRS III tremor score (items 20 and 21),Parkinson's disease with tremor,11,-1,1.12,0.62,1.31,-0.28287841191066987,,,,
30034336,WG,waitlist,UPDRS II score,function,UPDRS II,Parkinson's disease with tremor,11,-1,11.09,6.58,12.27,-0.1655365910685059,,,,
30034336,WG,waitlist,UPDRS III score,symptom_severity,UPDRS III,Parkinson's disease with tremor,11,-1,24.36,14.07,26.73,-0.15548630474003614,,,,
32807158,M_Acu,verum_acupuncture,Athens Insomnia Scale (AIS) score,symptom_severity,Athens Insomnia Scale (AIS),Primary insomnia (PI),43,-1,13.26,4.21,5.91,1.7145,0.819979833375537,55.25,24.625,30.625
32807158,M_Acu,verum_acupuncture,Pittsburgh Sleep Quality Index (PSQI) score,symptom_severity,Pittsburgh Sleep Quality Index (PSQI),Primary insomnia (PI),43,-1,14.84,2.77,8.49,2.2512375970081493,0.6388215031772035,70.66666666666667,40.42857142857143,30.23809523809524
32807158,N_Acu,sham_acupuncture,Athens Insomnia Scale (AIS) score,symptom_severity,Athens Insomnia Scale (AIS),Primary insomnia (PI),43,-1,13.56,4.48,8.88,1.0258768177929853,,56.5,37.00000000000001,19.499999999999993
32807158,N_Acu,sham_acupuncture,Pittsburgh Sleep Quality Index (PSQI) score,symptom_severity,Pittsburgh Sleep Quality Index (PSQI),Primary insomnia (PI),43,-1,15.21,2.95,11.6,1.2017456612199333,,72.42857142857143,55.23809523809524,17.19047619047619
32807158,S_Acu,verum_acupuncture,Athens Insomnia Scale (AIS) score,symptom_severity,Athens Insomnia Scale (AIS),Primary insomnia (PI),43,-1,12.4,3.14,7.0,1.688851596170716,0.3529161793205461,51.666666666666664,29.166666666666668,22.499999999999996
32807158,S_Acu,verum_acupuncture,Pittsburgh Sleep Quality Index (PSQI) score,symptom_severity,Pittsburgh Sleep Quality Index (PSQI),Primary insomnia (PI),43,-1,14.7,2.99,8.79,1.9410810486051309,0.5024830216208171,70.0,41.857142857142854,28.142857142857146
33013312,arm_real,verum_acupuncture,Visual Analog Scale (VAS) abdominal pain severity,pain,Visual Analog Scale (VAS) 0-10,Primary dysmenorrhea (PDM),20,-1,6.17,0.99,3.35,2.7345,2.1289339095524795,61.7,33.5,28.200000000000003
33013312,arm_sham,sham_acupuncture,Visual Analog Scale (VAS) abdominal pain severity,pain,Visual Analog Scale (VAS) 0-10,Primary dysmenorrhea (PDM),15,-1,5.87,1.18,5.39,0.38459167950693407,,58.7,53.9,4.800000000000004
33146953,arm_FPI,verum_acupuncture,Athens Insomnia Scale (AIS) score,symptom_severity,Athens Insomnia Scale (AIS),Primary insomnia (PI),18,-1,13.22,3.66,2.22,2.8709,,55.083333333333336,9.250000000000002,45.833333333333336
33146953,arm_FPI,verum_acupuncture,Pittsburgh sleep quality index (PSQI) score,symptom_severity,Pittsburgh Sleep Quality Index (PSQI),Primary insomnia (PI),18,-1,15.0,3.07,6.33,2.6976518061159998,,71.42857142857143,30.142857142857142,41.28571428571429
33146953,arm_MPI,verum_acupuncture,Athens Insomnia Scale (AIS) score,symptom_severity,Athens Insomnia Scale (AIS),Primary insomnia (PI),12,-1,12.17,1.53,2.5,5.8793129654962755,,50.708333333333336,10.416666666666666,40.29166666666667
33146953,arm_MPI,verum_acupuncture,Pittsburgh sleep quality index (PSQI) score,symptom_severity,Pittsburgh Sleep Quality Index (PSQI),Primary insomnia (PI),12,-1,14.33,1.56,7.58,4.025044722719141,,68.23809523809524,36.095238095238095,32.142857142857146
34720908,arm_IBSD,verum_acupuncture,Abdominal pain days,symptom_severity,IBS-SSS subscale,Diarrhea-Predominant Irritable Bowel Syndrome (IBS-D),42,-1,45.9,33.3,19.49,0.7785,,9.18,3.8979999999999997,5.282
34720908,arm_IBSD,verum_acupuncture,HAMA,mood,Hamilton Anxiety Scale (HAMA),Diarrhea-Predominant Irritable Bowel Syndrome (IBS-D),42,-1,17.69,8.76,10.88,0.7630893352382554,,31.58928571428572,19.428571428571427,12.160714285714292
34720908,arm_IBSD,verum_acupuncture,IBS-SSS (total),symptom_severity,Irritable Bowel Syndrome Symptom Severity Score (IBS-SSS),Diarrhea-Predominant Irritable Bowel Syndrome (IBS-D),42,-1,250.26,88.84,121.95,1.4176999803879864,,,,
34720908,arm_IBSD,verum_acupuncture,Life influence degree,quality_of_life,IBS-SSS subscale,Diarrhea-Predominant Irritable Bowel Syndrome (IBS-D),42,-1,65.0,23.51,36.72,1.1807532625458947,,13.0,7.344,5.656
34720908,arm_IBSD,verum_acupuncture,Satisfaction with bowel movements,symptom_severity,IBS-SSS subscale,Diarrhea-Predominant Irritable Bowel Syndrome (IBS-D),42,-1,67.95,20.38,37.41,1.470947699235989,,13.59,7.481999999999999,6.1080000000000005
34720908,arm_IBSD,verum_acupuncture,The degree of abdominal distension,symptom_severity,IBS-SSS subscale,Diarrhea-Predominant Irritable Bowel Syndrome (IBS-D),42,-1,26.92,26.7,9.23,0.6503527032926634,,5.384,1.846,3.5380000000000003
34720908,arm_IBSD,verum_acupuncture,The degree of abdominal pain,symptom_severity,IBS-SSS subscale,Diarrhea-Predominant Irritable Bowel Syndrome (IBS-D),42,-1,42.82,27.16,18.85,0.866304652276444,,8.564,3.7700000000000005,4.794
35048524,arm_cnsp,verum_acupuncture,HAM-A score,mood,Hamilton Anxiety Rating Scale (HAM-A),Chronic neck and shoulder pain (CNSP),30,-1,11.77,8.02,7.8,0.48209910007589724,,,,
35048524,arm_cnsp,verum_acupuncture,HAM-D score,mood,Hamilton Depression Rating Scale (HAM-D),Chronic neck and shoulder pain (CNSP),30,-1,12.1,9.0,9.2,0.31381642512077296,,,,
35048524,arm_cnsp,verum_acupuncture,MMSE score,cognition,Mini-Mental State Examination (MMSE),Chronic neck and shoulder pain (CNSP),30,1,28.0,1.78,28.37,0.20244259892525704,,93.33333333333333,94.56666666666666,1.2333333333333343
35048524,arm_cnsp,verum_acupuncture,MoCA score,cognition,Montreal Cognitive Assessment (MoCA),Chronic neck and shoulder pain (CNSP),30,1,25.93,3.18,26.77,0.25726004922067264,,86.43333333333334,89.23333333333333,2.799999999999997
35048524,arm_cnsp,verum_acupuncture,NDI score,function,Neck Disability Index (NDI),Chronic neck and shoulder pain (CNSP),30,-1,37.47,14.77,14.97,1.4836183803832683,,74.94,29.94,45.0
35048524,arm_cnsp,verum_acupuncture,NPQ score,function,Northwick Park Neck Pain Questionnaire (NPQ),Chronic neck and shoulder pain (CNSP),30,-1,43.97,13.14,16.44,2.0404738270134337,,,,
35048524,arm_cnsp,verum_acupuncture,NRS score,pain,Numerical Rating Scale (NRS),Chronic neck and shoulder pain (CNSP),30,-1,6.07,1.36,1.73,3.1079,,60.7,17.3,43.400000000000006
35048524,arm_cnsp,verum_acupuncture,PCS score,symptom_severity,Pain Catastrophizing Scale (PCS),Chronic neck and shoulder pain (CNSP),30,-1,16.47,13.17,9.57,0.5102505694760819,,31.673076923076923,18.403846153846153,13.26923076923077
35557556,arm_CSAP_all,other,Frequency of angina attacks,symptom_severity,Frequency of angina attacks for 2 weeks,Chronic stable angina pectoris (CSAP),29,-1,5.48,4.17,4.45,0.24032665759284472,,,,
35557556,arm_CSAP_all,other,McGill pain score,pain,McGill Pain Questionnaire,Chronic stable angina pectoris (CSAP),29,-1,10.17,3.86,6.36,0.9603696961209914,,22.6,14.133333333333333,8.466666666666669
35557556,arm_CSAP_all,other,SAS score,mood,Zung Self-Rating Anxiety Scale (SAS),Chronic stable angina pectoris (CSAP),29,-1,33.15,4.55,31.19,0.4191268191268186,,21.916666666666664,18.650000000000002,3.266666666666662
35557556,arm_CSAP_all,other,SDS score,mood,Self-Rating Depression Scale (SDS),Chronic stable angina pectoris (CSAP),29,-1,31.17,5.02,30.52,0.12598255626144117,,18.61666666666667,17.533333333333335,1.0833333333333357
35557556,arm_groupA,verum_acupuncture,Frequency of angina attacks,symptom_severity,Frequency of angina attacks for 2 weeks,Chronic stable angina pectoris (CSAP),15,-1,5.53,3.6,3.93,0.42020202020202024,,,,
35557556,arm_groupA,verum_acupuncture,McGill pain score,pain,McGill Pain Questionnaire,Chronic stable angina pectoris (CSAP),15,-1,10.73,4.76,6.87,0.7667,,23.844444444444445,15.266666666666667,8.577777777777778
35557556,arm_groupA,verum_acupuncture,SAS score,mood,Zung Self-Rating Anxiety Scale (SAS),Chronic stable angina pectoris (CSAP),15,-1,33.58,3.83,31.29,0.5652978874910988,,22.63333333333333,18.816666666666666,3.816666666666663
35557556,arm_groupA,verum_acupuncture,SDS score,mood,Self-Rating Depression Scale (SDS),Chronic stable angina pectoris (CSAP),15,-1,31.93,5.02,30.5,0.26932270916334655,,19.883333333333333,17.5,2.383333333333333
35557556,arm_groupB,active_control,Frequency of angina attacks,symptom_severity,Frequency of angina attacks for 2 weeks,Chronic stable angina pectoris (CSAP),14,-1,5.43,4.85,5.0,0.08344451182534865,,,,
35557556,arm_groupB,active_control,McGill pain score,pain,McGill Pain Questionnaire,Chronic stable angina pectoris (CSAP),14,-1,9.57,2.64,5.82,1.3368983957219251,,21.266666666666666,12.933333333333334,8.333333333333332
35557556,arm_groupB,active_control,SAS score,mood,Zung Self-Rating Anxiety Scale (SAS),Chronic stable angina pectoris (CSAP),14,-1,32.68,5.32,31.07,0.284829721362229,,21.133333333333333,18.45,2.6833333333333336
35557556,arm_groupB,active_control,SDS score,mood,Self-Rating Depression Scale (SDS),Chronic stable angina pectoris (CSAP),14,-1,30.36,5.08,30.54,-0.033348772579898045,,17.266666666666666,17.566666666666666,-0.3000000000000007
35585920,arm_A,verum_acupuncture,NDLQI score,quality_of_life,Nepean Dyspepsia Life Quality Index (NDLQI),functional dyspepsia (FD),18,1,77.58,8.41,89.93,1.4027366141941904,,,,
35585920,arm_A,verum_acupuncture,NDSI score,symptom_severity,Nepean Dyspepsia Symptom Index (NDSI),functional dyspepsia (FD),18,-1,45.67,17.27,20.17,1.4104,,,,
35585920,arm_A,verum_acupuncture,SAS score,mood,Self-Rating Anxiety Scale (SAS),functional dyspepsia (FD),18,-1,40.32,7.68,34.72,0.6965174129353235,,33.86666666666667,24.533333333333335,9.333333333333332
35585920,arm_A,verum_acupuncture,SDS score,mood,Self-Rating Depression Scale (SDS),functional dyspepsia (FD),18,-1,41.9,9.11,36.04,0.6144469747857857,,36.5,26.733333333333334,9.766666666666666
35585920,arm_A,verum_acupuncture,SID score,symptom_severity,Symptom Index of Dyspepsia (SID),functional dyspepsia (FD),18,-1,3.89,1.41,1.94,1.3210543029533186,,,,
35585920,arm_B,verum_acupuncture,NDLQI score,quality_of_life,Nepean Dyspepsia Life Quality Index (NDLQI),functional dyspepsia (FD),15,1,74.6,11.43,88.88,1.1811978048198521,,,,
35585920,arm_B,verum_acupuncture,NDSI score,symptom_severity,Nepean Dyspepsia Symptom Index (NDSI),functional dyspepsia (FD),15,-1,41.93,14.07,14.0,1.876797829036635,,,,
35585920,arm_B,verum_acupuncture,SAS score,mood,Self-Rating Anxiety Scale (SAS),functional dyspepsia (FD),15,-1,43.67,9.77,34.0,0.9357774262584909,,39.45,23.333333333333332,16.11666666666667
35585920,arm_B,verum_acupuncture,SDS score,mood,Self-Rating Depression Scale (SDS),functional dyspepsia (FD),15,-1,45.18,10.29,34.67,0.9656683452601819,,41.96666666666667,24.450000000000003,17.516666666666666
35585920,arm_B,verum_acupuncture,SID score,symptom_severity,Symptom Index of Dyspepsia (SID),functional dyspepsia (FD),15,-1,3.8,1.42,1.2,1.731113956466069,,,,
36051643,SA,sham_acupuncture,CMSS-s scores,symptom_severity,Cox Menstrual Symptom Scale-severity subscale (CMSS-s),Primary dysmenorrhea (PDM),14,-1,14.43,3.34,14.5,-0.019725255371609803,,,,
36051643,SA,sham_acupuncture,CMSS-t scores,symptom_severity,Cox Menstrual Symptom Scale-time subscale (CMSS-t),Primary dysmenorrhea (PDM),14,-1,18.5,5.24,15.21,0.5909295015716208,,,,
36051643,SA,sham_acupuncture,SAS scores,mood,Zung Self-Rating Anxiety Scale (SAS),Primary dysmenorrhea (PDM),14,-1,40.68,8.08,37.38,0.3843913803145017,,34.46666666666667,28.966666666666672,5.4999999999999964
36051643,SA,sham_acupuncture,SDS scores,mood,Zung Self-Rating Depression Scale (SDS),Primary dysmenorrhea (PDM),14,-1,44.2,9.97,39.91,0.4049796448168039,,40.33333333333334,33.18333333333332,7.15000000000002
36051643,SA,sham_acupuncture,VAS scores,pain,visual analog scale (VAS),Primary dysmenorrhea (PDM),14,-1,5.93,1.21,5.39,0.42,,59.3,53.9,5.399999999999999
36051643,VA,verum_acupuncture,CMSS-s scores,symptom_severity,Cox Menstrual Symptom Scale-severity subscale (CMSS-s),Primary dysmenorrhea (PDM),20,-1,18.5,7.74,12.88,0.6970542635658913,0.5442946207823564,,,
36051643,VA,verum_acupuncture,CMSS-t scores,symptom_severity,Cox Menstrual Symptom Scale-time subscale (CMSS-t),Primary dysmenorrhea (PDM),20,-1,17.85,8.36,13.2,0.533971291866029,0.37596763086678975,,,
36051643,VA,verum_acupuncture,SAS scores,mood,Zung Self-Rating Anxiety Scale (SAS),Primary dysmenorrhea (PDM),20,-1,41.88,4.77,35.44,1.2961006289308186,0.7648910974118315,36.466666666666676,25.73333333333333,10.733333333333345
36051643,VA,verum_acupuncture,SDS scores,mood,Zung Self-Rating Depression Scale (SDS),Primary dysmenorrhea (PDM),20,-1,40.36,6.61,31.75,1.2504689863842662,1.0822201140040946,33.93333333333333,19.583333333333332,14.349999999999998
36051643,VA,verum_acupuncture,VAS scores,pain,visual analog scale (VAS),Primary dysmenorrhea (PDM),20,-1,6.18,0.99,3.35,2.7442424242424237,0.11213412064051717,61.8,33.5,28.299999999999997
36890655,arm_AG,verum_acupuncture,VAS (Visual Analog Scale),pain,Visual Analog Scale (VAS),Knee osteoarthritis (KOA) with knee pain,60,-1,4.0,1.4814814814814814,2.6666666666666665,0.8885,0.24253731343283597,40.0,26.666666666666664,13.333333333333336
36890655,arm_PB,placebo,VAS (Visual Analog Scale),pain,Visual Analog Scale (VAS),Knee osteoarthritis (KOA) with knee pain,30,-1,4.0,1.4814814814814814,3.3333333333333335,0.4382608695652173,,40.0,33.333333333333336,6.666666666666664
36890655,arm_SA,sham_acupuncture,VAS (Visual Analog Scale),pain,Visual Analog Scale (VAS),Knee osteoarthritis (KOA) with knee pain,32,-1,4.0,1.4814814814814814,2.6666666666666665,0.878048780487805,,40.0,26.666666666666664,13.333333333333336
36890655,arm_SC,medication,VAS (Visual Analog Scale),pain,Visual Analog Scale (VAS),Knee osteoarthritis (KOA) with knee pain,29,-1,4.333333333333333,2.222222222222222,2.5,0.8027027027027027,0.5077471863672907,43.33333333333333,25.0,18.33333333333333
36890655,arm_VA,verum_acupuncture,SF-12 score (12-item short-form health survey),quality_of_life,12-item short-form health survey (SF-12),Knee osteoarthritis (KOA) with knee pain,28,1,34.416666666666664,5.37037037037037,36.5,0.37705446342249477,1.0544229257686564,34.416666666666664,36.5,2.0833333333333357
36890655,arm_VA,verum_acupuncture,SF-MPQ (short-form McGill pain questionnaire),pain,short-form McGill pain questionnaire (SF-MPQ),Knee osteoarthritis (KOA) with knee pain,28,-1,9.666666666666666,4.259259259259259,4.75,1.1219829337667615,1.6214193707623494,21.48148148148148,10.555555555555555,10.925925925925926
36890655,arm_VA,verum_acupuncture,VAS (Visual Analog Scale),pain,Visual Analog Scale (VAS),Knee osteoarthritis (KOA) with knee pain,28,-1,4.0,1.4814814814814814,2.1666666666666665,1.2028037383177572,0.5775789473684212,40.0,21.666666666666664,18.333333333333336
36890655,arm_VA,verum_acupuncture,WOMAC scores (Western Ontario and McMaster Universities Osteoarthritis Index),function,Western Ontario and McMaster Universities Osteoarthritis Index (WOMAC),Knee osteoarthritis (KOA) with knee pain,28,-1,29.166666666666668,25.555555555555554,12.5,0.6338886631450631,1.2685933096996196,30.381944444444446,13.020833333333334,17.361111111111114
36890655,arm_WL,waitlist,VAS (Visual Analog Scale),pain,Visual Analog Scale (VAS),Knee osteoarthritis (KOA) with knee pain,30,-1,3.6666666666666665,1.4814814814814814,2.75,0.6026086956521739,,36.666666666666664,27.5,9.166666666666664
37383656,SATG,sham_acupuncture,FMA (total),function,Fugl-Meyer Assessment (total),ischemic stroke with motor dysfunction,14,1,73.14,30.71,80.07,0.21238531231444036,,73.14,80.07,6.929999999999993
37383656,SATG,sham_acupuncture,FMA-LE (FMA for the lower extremity),function,Fugl-Meyer Assessment - Lower Extremity,ischemic stroke with motor dysfunction,14,1,27.64,7.08,30.64,0.3988035892323031,,81.29411764705883,90.11764705882354,8.82352941176471
37383656,SATG,sham_acupuncture,FMA-UE (FMA for the upper extremity),function,Fugl-Meyer Assessment - Upper Extremity,ischemic stroke with motor dysfunction,14,1,45.5,24.49,49.42,0.15064972497778212,,68.93939393939394,74.87878787878788,5.939393939393938
37383656,SATG,sham_acupuncture,NIHSS,symptom_severity,National Institutes of Health Stroke Scale,ischemic stroke with motor dysfunction,14,-1,3.64,3.24,2.5,0.3312,,8.666666666666666,5.9523809523809526,2.7142857142857135
37383656,TATG,verum_acupuncture,FMA (total),function,Fugl-Meyer Assessment (total),ischemic stroke with motor dysfunction,26,1,68.73,37.38,76.61,0.20441979992541778,0.18693643548432104,68.73,76.61,7.8799999999999955
37383656,TATG,verum_acupuncture,FMA-LE (FMA for the lower extremity),function,Fugl-Meyer Assessment - Lower Extremity,ischemic stroke with motor dysfunction,26,1,27.5,7.58,30.19,0.34412728871831794,-0.03394699788129825,80.88235294117646,88.79411764705883,7.911764705882362
37383656,TATG,verum_acupuncture,FMA-UE (FMA for the upper extremity),function,Fugl-Meyer Assessment - Upper Extremity,ischemic stroke with motor dysfunction,26,1,41.23,23.87,46.42,0.21083901435807614,0.10471782665652264,62.46969696969697,70.33333333333333,7.86363636363636
37383656,TATG,verum_acupuncture,NIHSS,symptom_severity,National Institutes of Health Stroke Scale,ischemic stroke with motor dysfunction,26,-1,3.46,2.42,2.46,0.40070122714750817,0.30322837782096224,8.238095238095237,5.857142857142857,2.3809523809523805
37721727,arm_IA,verum_acupuncture,Internet Addiction Test score,symptom_severity,Internet Addiction Test (IAT),Internet addiction (IA),27,-1,65.26,14.36,45.85,1.3123,,,,
38027487,arm_ctrl,active_control,Water Swallow Test (WST),function,Water Swallow Test (WST),post-stroke dysphagia,24,1,3.63,0.65,2.88,-1.1158072696534234,,,,
38027487,arm_ctrl,active_control,standardized swallowing assessment (SSA),function,standardized swallowing assessment (SSA),post-stroke dysphagia,24,1,30.08,2.24,26.46,-1.562794348508633,,,,
38027487,arm_ctrl,active_control,videofluoroscopic swallowing study (VFSS),function,videofluoroscopic swallowing study evaluation (VFSS),post-stroke dysphagia,24,-1,3.46,0.88,5.21,-1.923076923076923,,-10.25925925925926,-7.018518518518518,-3.2407407407407414
38027487,arm_ea,verum_acupuncture,Water Swallow Test (WST),function,Water Swallow Test (WST),post-stroke dysphagia,24,1,3.71,0.69,2.21,-2.1022,,,,
38027487,arm_ea,verum_acupuncture,standardized swallowing assessment (SSA),function,standardized swallowing assessment (SSA),post-stroke dysphagia,24,1,30.42,3.16,24.38,-1.848379468632634,,,,
38027487,arm_ea,verum_acupuncture,videofluoroscopic swallowing study (VFSS),function,videofluoroscopic swallowing study evaluation (VFSS),post-stroke dysphagia,24,-1,3.21,1.18,6.38,-2.5978766995716147,,-10.722222222222221,-4.851851851851852,-5.870370370370369
38245739,arm_group1,verum_acupuncture,MIDAS score,function,Migraine Disability Assessment Questionnaire (MIDAS),Non-menstrual migraine without aura (MWoA),50,-1,14.28,8.9,6.5,0.8607087294727744,,,,
38245739,arm_group1,verum_acupuncture,SF-MPQ score,pain,Short-Form McGill Pain Questionnaire (SF-MPQ),Non-menstrual migraine without aura (MWoA),50,-1,19.55,7.55,9.44,1.3185,,43.44444444444444,20.977777777777778,22.466666666666665
38249582,arm_1min,verum_acupuncture,FMA scores,function,Fugl-Meyer motor function assessment (FMA),Ischemic stroke with motor dysfunction,10,1,92.5,3.24,92.8,0.08465608465608385,,92.5,92.8,0.29999999999999716
38249582,arm_1min,verum_acupuncture,NIHSS scores,symptom_severity,National Institute of Health Stroke Scale (NIHSS),Ischemic stroke with motor dysfunction,10,-1,4.4,2.12,4.3,0.0431,,10.476190476190478,10.238095238095237,0.2380952380952408
38249582,arm_2min,verum_acupuncture,FMA scores,function,Fugl-Meyer motor function assessment (FMA),Ischemic stroke with motor dysfunction,10,1,92.3,4.52,92.7,0.08091024020227675,,92.3,92.7,0.4000000000000057
38249582,arm_2min,verum_acupuncture,NIHSS scores,symptom_severity,National Institute of Health Stroke Scale (NIHSS),Ischemic stroke with motor dysfunction,10,-1,4.6,3.17,4.5,0.028841820639927792,,10.95238095238095,10.714285714285714,0.23809523809523725
38249582,arm_3min,verum_acupuncture,FMA scores,function,Fugl-Meyer motor function assessment (FMA),Ischemic stroke with motor dysfunction,10,1,92.8,2.57,93.0,0.07115063924402547,,92.8,93.0,0.20000000000000284
38249582,arm_3min,verum_acupuncture,NIHSS scores,symptom_severity,National Institute of Health Stroke Scale (NIHSS),Ischemic stroke with motor dysfunction,10,-1,4.4,1.96,4.1,0.13994169096209946,,10.476190476190478,9.761904761904761,0.7142857142857171
38585348,EG,verum_acupuncture,THI scores,symptom_severity,Tinnitus Handicap Inventory (THI),Subjective tinnitus (ST),34,-1,50.56,19.91,25.94,1.2082,,50.56,25.94,24.62
38681626,EAS,verum_acupuncture,HAMA-14 score,symptom_severity,14-item Hamilton Anxiety Scale (HAMA-14),First-episode major depressive disorder (MDD),14,-1,19.28,3.58,8.64,2.7972,0.7782801300669222,34.42857142857143,15.428571428571429,19.0
38681626,EAS,verum_acupuncture,HAMD-24 score,symptom_severity,24-item Hamilton Depression Rating Scale (HAMD-24),First-episode major depressive disorder (MDD),14,-1,23.0,3.01,9.28,4.290013679890561,1.6267323084894634,44.23076923076923,17.846153846153843,26.38461538461539
38681626,SAS,sham_acupuncture,HAMA-14 score,symptom_severity,14-item Hamilton Anxiety Scale (HAMA-14),First-episode major depressive disorder (MDD),14,-1,19.42,4.44,12.71,1.4223635400105987,,34.67857142857143,22.696428571428573,11.982142857142858
38681626,SAS,sham_acupuncture,HAMD-24 score,symptom_severity,24-item Hamilton Depression Rating Scale (HAMD-24),First-episode major depressive disorder (MDD),14,-1,23.85,3.57,15.42,2.2224419179436485,,45.86538461538461,29.653846153846153,16.21153846153846
40584525,arm_sham,sham_acupuncture,MMSE score,cognition,Mini-Mental State Examination (MMSE),amnestic mild cognitive impairment (aMCI),15,1,25.0,1.81,25.4,0.2089,,83.33333333333333,84.66666666666667,1.3333333333333428
40584525,arm_sham,sham_acupuncture,MoCA score,cognition,Montreal Cognitive Assessment (MoCA),amnestic mild cognitive impairment (aMCI),15,1,22.8,3.12,23.07,0.08181818181818168,,76.0,76.9,0.9000000000000057
40584525,arm_true,verum_acupuncture,MMSE score,cognition,Mini-Mental State Examination (MMSE),amnestic mild cognitive impairment (aMCI),35,1,24.06,1.41,26.17,1.4631993695823504,0.891675562928928,80.2,87.23333333333333,7.033333333333331
40584525,arm_true,verum_acupuncture,MoCA score,cognition,Montreal Cognitive Assessment (MoCA),amnestic mild cognitive impairment (aMCI),35,1,22.31,2.89,24.46,0.7274125336409081,0.6636551764645205,74.36666666666666,81.53333333333333,7.166666666666671
40634927,AG,verum_acupuncture,NRS score,pain,numerical rating scale (NRS),knee osteoarthritis (KOA),27,-1,6.0,1.4814814814814814,3.3333333333333335,1.7476,0.051751101436897304,60.0,33.333333333333336,26.666666666666664
40634927,AG,verum_acupuncture,STAI-S score,mood,State-Trait Anxiety Scale-State Anxiety Subscale (STAI-S),knee osteoarthritis (KOA),27,-1,31.0,5.185185185185185,30.333333333333332,0.12482662968099885,-0.2852815283848559,,,
40634927,AG,verum_acupuncture,WOMAC score,function,Western Ontario and McMaster Osteoarthritis Index (WOMAC),knee osteoarthritis (KOA),27,-1,19.0,5.925925925925926,12.56,1.0550970873786407,0.6542180143498614,19.791666666666668,13.083333333333334,6.708333333333334
40634927,SG,sham_acupuncture,NRS score,pain,numerical rating scale (NRS),knee osteoarthritis (KOA),25,-1,5.5,1.8518518518518516,3.8333333333333335,0.8715789473684211,,55.0,38.333333333333336,16.666666666666664
40634927,SG,sham_acupuncture,STAI-S score,mood,State-Trait Anxiety Scale-State Anxiety Subscale (STAI-S),knee osteoarthritis (KOA),25,-1,32.36,6.47,32.04,0.047897177255348616,,,,
40634927,SG,sham_acupuncture,WOMAC score,function,Western Ontario and McMaster Osteoarthritis Index (WOMAC),knee osteoarthritis (KOA),25,-1,19.333333333333332,10.37037037037037,14.166666666666666,0.48248120300751873,,20.13888888888889,14.756944444444443,5.381944444444446
40847552,arm_nonresponders,verum_acupuncture,SAS (Self-Rating Anxiety Scale),mood,SAS,Neck pain (NP),32,-1,45.74,8.57037037037037,43.75,0.22653203195817634,,42.9,39.583333333333336,3.316666666666663
40847552,arm_nonresponders,verum_acupuncture,SDS (Self-Rating Depression Scale),mood,SDS,Neck pain (NP),32,-1,0.4666666666666666,0.1333333333333333,0.4333333333333333,0.24390243902439024,,-32.55555555555556,-32.611111111111114,0.055555555555557135
40847552,arm_nonresponders,verum_acupuncture,VAS (Visual Analog Scale),pain,Visual Analog Scale (VAS) (0-10),Neck pain (NP),32,-1,5.333333333333333,0.7407407407407407,4.666666666666667,0.878,,53.33333333333333,46.66666666666667,6.666666666666657
40847552,arm_responders,verum_acupuncture,SAS (Self-Rating Anxiety Scale),mood,SAS,Neck pain (NP),48,-1,43.333333333333336,6.948148148148144,36.98,0.8997229285201204,,38.88888888888889,28.299999999999997,10.588888888888896
40847552,arm_responders,verum_acupuncture,SDS (Self-Rating Depression Scale),mood,SDS,Neck pain (NP),48,-1,0.4333333333333333,0.1111111111111111,0.3733333333333333,0.531336898395722,,-32.611111111111114,-32.71111111111111,0.09999999999999432
40847552,arm_responders,verum_acupuncture,VAS (Visual Analog Scale),pain,Visual Analog Scale (VAS) (0-10),Neck pain (NP),48,-1,5.666666666666667,0.7407407407407407,2.86,3.7282139037433164,,56.66666666666667,28.6,28.06666666666667
40881782,arm_IDSA,verum_acupuncture,FMA score,function,Fugl-Meyer Assessment (FMA),Bilateral basal ganglia ischemic stroke (BBGIS),31,1,33.03,12.23,53.23,1.61,0.8731836386400824,33.03,53.23,20.199999999999996
40881782,arm_sham,sham_acupuncture,FMA score,function,Fugl-Meyer Assessment (FMA),Bilateral basal ganglia ischemic stroke (BBGIS),31,1,34.35,10.8,44.35,0.9025832555244319,,34.35,44.35,10.0
40950284,arm_conv,active_control,SAS Score,mood,Self-Rating Anxiety Scale (SAS),Peripheral facial paralysis (Bell's palsy),100,-1,50.27,5.96,42.47,1.2987851499447802,,50.45000000000001,37.45,13.000000000000007
40950284,arm_conv,active_control,SDS Score,mood,Self-Rating Depression Scale (SDS),Peripheral facial paralysis (Bell's palsy),100,-1,50.58,4.98,40.15,2.078470845406944,,50.96666666666667,33.58333333333333,17.38333333333334
40950284,arm_yyhat,verum_acupuncture,SAS Score,mood,Self-Rating Anxiety Scale (SAS),Peripheral facial paralysis (Bell's palsy),102,-1,49.39,5.31,41.25,1.5215,,48.983333333333334,35.416666666666664,13.56666666666667
40950284,arm_yyhat,verum_acupuncture,SDS Score,mood,Self-Rating Depression Scale (SDS),Peripheral facial paralysis (Bell's palsy),102,-1,49.86,4.85,38.72,2.2798086516077873,,49.766666666666666,31.2,18.566666666666666
41069516,arm_BP,verum_acupuncture,FDIP (facial disability index-physical function),function,Facial Disability Index (FDI) - physical function subscale,acute Bell's palsy (BP); acute idiopathic peripheral facial paralysis,55,-1,19.47,2.31,24.29,-2.0575,,,,
41069516,arm_BP,verum_acupuncture,FDIS (facial disability index-social/wellbeing function),quality_of_life,Facial Disability Index (FDI) - social/wellbeing function subscale,acute Bell's palsy (BP); acute idiopathic peripheral facial paralysis,55,-1,10.38,1.45,9.82,0.38081796311146787,,,,
41069516,arm_BP,verum_acupuncture,Sunnybrook facial nerve rating scale score,function,Sunnybrook facial nerve rating scale,acute Bell's palsy (BP); acute idiopathic peripheral facial paralysis,55,1,38.73,10.35,83.22,4.238570947084598,,,,
41310834,arm_acupuncture,verum_acupuncture,ISI (Insomnia Severity Index),symptom_severity,Insomnia Severity Index (ISI),Chronic insomnia disorder (CID),23,-1,17.3,3.9,9.2,2.0053,,61.785714285714285,32.857142857142854,28.92857142857143
41310834,arm_acupuncture,verum_acupuncture,PSQI (Pittsburgh Sleep Quality Index),symptom_severity,Pittsburgh Sleep Quality Index (PSQI),Chronic insomnia disorder (CID),23,-1,13.3,2.5,7.3,2.3172413793103455,,63.333333333333336,34.76190476190476,28.571428571428577
41310834,arm_acupuncture,verum_acupuncture,SAS (Self-rating Anxiety Scale),mood,Self-rating Anxiety Scale (SAS),Chronic insomnia disorder (CID),23,-1,50.1,9.6,42.5,0.7643678160919543,,50.166666666666664,37.5,12.666666666666664
41310834,arm_acupuncture,verum_acupuncture,SDS (Self-Rating Depression Scale),mood,Self-Rating Depression Scale (SDS),Chronic insomnia disorder (CID),23,-1,51.7,8.7,49.0,0.29964328180737254,,52.83333333333334,48.333333333333336,4.500000000000007
41351443,AG,verum_acupuncture,AVLT-H total score (sum of all correct responses in the five recall tests),cognition,Auditory Verbal Learning Test-Huashan version (AVLT-H),Subjective cognitive decline (SCD),35,1,26.686,6.623,33.943,1.0714,0.4761003722065378,,,
41351443,SG,sham_acupuncture,AVLT-H total score (sum of all correct responses in the five recall tests),cognition,Auditory Verbal Learning Test-Huashan version (AVLT-H),Subjective cognitive decline (SCD),31,1,25.419,9.01,28.903,0.3769331928109755,,,,
41834818,arm_tx,verum_acupuncture,FMA scores,function,Fugl-Meyer Assessment Scale (FMA),poststroke motor dysfunction,28,1,57.86,10.99,76.54,1.6520711266827113,,57.86,76.54,18.680000000000007
41834818,arm_tx,verum_acupuncture,MBI scores,function,Modified Barthel Index (MBI),poststroke motor dysfunction,28,1,58.04,16.74,71.96,0.8082269788630956,,58.04,71.96,13.919999999999995
41834818,arm_tx,verum_acupuncture,NIHSS scores,symptom_severity,National Institute of Health Stroke Scale (NIHSS),poststroke motor dysfunction,28,-1,6.36,2.08,3.18,1.486,,15.142857142857142,7.571428571428571,7.571428571428571
42131703,SA,sham_acupuncture,Visual Analog Scale (VAS) score,pain,Visual Analog Scale (VAS),mechanical neck pain,49,-1,5.47,0.93,4.31,1.2277,,54.7,43.099999999999994,11.600000000000009
42131703,VA,verum_acupuncture,Visual Analog Scale (VAS) score,pain,Visual Analog Scale (VAS),mechanical neck pain,49,-1,5.74,1.02,2.74,2.8949799815214043,1.870558937400615,57.4,27.4,30.0
